filepath,filename,modality,vocalchannel,emotion_id,emotion,intensity,statement,repetition,actor,gender,ok,sr,duration,channels,subtype,error
../data/Actor_01/03-01-01-01-01-01-01.wav,03-01-01-01-01-01-01,3,speech,1,neutral,normal,kidsdoor,1,1,male,True,48000,3.3032916666666665,1,PCM_16,
../data/Actor_01/03-01-01-01-01-02-01.wav,03-01-01-01-01-02-01,3,speech,1,neutral,normal,kidsdoor,2,1,male,True,48000,3.3366666666666664,1,PCM_16,
../data/Actor_01/03-01-01-01-02-01-01.wav,03-01-01-01-02-01-01,3,speech,1,neutral,normal,dogsdoor,1,1,male,True,48000,3.2699166666666666,1,PCM_16,
../data/Actor_01/03-01-01-01-02-02-01.wav,03-01-01-01-02-02-01,3,speech,1,neutral,normal,dogsdoor,2,1,male,True,48000,3.1698333333333335,1,PCM_16,
../data/Actor_01/03-01-02-01-01-01-01.wav,03-01-02-01-01-01-01,3,speech,2,calm,normal,kidsdoor,1,1,male,True,48000,3.5368541666666666,1,PCM_16,
../data/Actor_01/03-01-02-01-01-02-01.wav,03-01-02-01-01-02-01,3,speech,2,calm,normal,kidsdoor,2,1,male,True,48000,3.6035833333333334,2,PCM_16,
../data/Actor_01/03-01-02-01-02-01-01.wav,03-01-02-01-02-01-01,3,speech,2,calm,normal,dogsdoor,1,1,male,True,48000,3.5035,1,PCM_16,
../data/Actor_01/03-01-02-01-02-02-01.wav,03-01-02-01-02-02-01,3,speech,2,calm,normal,dogsdoor,2,1,male,True,48000,3.4701458333333335,1,PCM_16,
../data/Actor_01/03-01-02-02-01-01-01.wav,03-01-02-02-01-01-01,3,speech,2,calm,strong,kidsdoor,1,1,male,True,48000,3.703708333333333,1,PCM_16,
../data/Actor_01/03-01-02-02-01-02-01.wav,03-01-02-02-01-02-01,3,speech,2,calm,strong,kidsdoor,2,1,male,True,48000,4.004,1,PCM_16,
../data/Actor_01/03-01-02-02-02-01-01.wav,03-01-02-02-02-01-01,3,speech,2,calm,strong,dogsdoor,1,1,male,True,48000,4.204208333333334,1,PCM_16,
../data/Actor_01/03-01-02-02-02-02-01.wav,03-01-02-02-02-02-01,3,speech,2,calm,strong,dogsdoor,2,1,male,True,48000,4.004,1,PCM_16,
../data/Actor_01/03-01-03-01-01-01-01.wav,03-01-03-01-01-01-01,3,speech,3,happy,normal,kidsdoor,1,1,male,True,48000,3.4701458333333335,1,PCM_16,
../data/Actor_01/03-01-03-01-01-02-01.wav,03-01-03-01-01-02-01,3,speech,3,happy,normal,kidsdoor,2,1,male,True,48000,3.470125,1,PCM_16,
../data/Actor_01/03-01-03-01-02-01-01.wav,03-01-03-01-02-01-01,3,speech,3,happy,normal,dogsdoor,1,1,male,True,48000,3.5368541666666666,1,PCM_16,
../data/Actor_01/03-01-03-01-02-02-01.wav,03-01-03-01-02-02-01,3,speech,3,happy,normal,dogsdoor,2,1,male,True,48000,3.703708333333333,1,PCM_16,
../data/Actor_01/03-01-03-02-01-01-01.wav,03-01-03-02-01-01-01,3,speech,3,happy,strong,kidsdoor,1,1,male,True,48000,3.6703333333333332,1,PCM_16,
../data/Actor_01/03-01-03-02-01-02-01.wav,03-01-03-02-01-02-01,3,speech,3,happy,strong,kidsdoor,2,1,male,True,48000,3.6369583333333333,1,PCM_16,
../data/Actor_01/03-01-03-02-02-01-01.wav,03-01-03-02-02-01-01,3,speech,3,happy,strong,dogsdoor,1,1,male,True,48000,3.93725,1,PCM_16,
../data/Actor_01/03-01-03-02-02-02-01.wav,03-01-03-02-02-02-01,3,speech,3,happy,strong,dogsdoor,2,1,male,True,48000,3.9372708333333333,1,PCM_16,
../data/Actor_01/03-01-04-01-01-01-01.wav,03-01-04-01-01-01-01,3,speech,4,sad,normal,kidsdoor,1,1,male,True,48000,3.8371666666666666,1,PCM_16,
../data/Actor_01/03-01-04-01-01-02-01.wav,03-01-04-01-01-02-01,3,speech,4,sad,normal,kidsdoor,2,1,male,True,48000,3.5702291666666666,1,PCM_16,
../data/Actor_01/03-01-04-01-02-01-01.wav,03-01-04-01-02-01-01,3,speech,4,sad,normal,dogsdoor,1,1,male,True,48000,3.5035,1,PCM_16,
../data/Actor_01/03-01-04-01-02-02-01.wav,03-01-04-01-02-02-01,3,speech,4,sad,normal,dogsdoor,2,1,male,True,48000,3.370041666666667,1,PCM_16,
../data/Actor_01/03-01-04-02-01-01-01.wav,03-01-04-02-01-01-01,3,speech,4,sad,strong,kidsdoor,1,1,male,True,48000,3.8037916666666667,1,PCM_16,
../data/Actor_01/03-01-04-02-01-02-01.wav,03-01-04-02-01-02-01,3,speech,4,sad,strong,kidsdoor,2,1,male,True,48000,3.703708333333333,1,PCM_16,
../data/Actor_01/03-01-04-02-02-01-01.wav,03-01-04-02-02-01-01,3,speech,4,sad,strong,dogsdoor,1,1,male,True,48000,3.7370833333333335,1,PCM_16,
../data/Actor_01/03-01-04-02-02-02-01.wav,03-01-04-02-02-02-01,3,speech,4,sad,strong,dogsdoor,2,1,male,True,48000,3.7370625,1,PCM_16,
../data/Actor_01/03-01-05-01-01-01-01.wav,03-01-05-01-01-01-01,3,speech,5,angry,normal,kidsdoor,1,1,male,True,48000,3.8705416666666665,1,PCM_16,
../data/Actor_01/03-01-05-01-01-02-01.wav,03-01-05-01-01-02-01,3,speech,5,angry,normal,kidsdoor,2,1,male,True,48000,3.9372708333333333,1,PCM_16,
../data/Actor_01/03-01-05-01-02-01-01.wav,03-01-05-01-02-01-01,3,speech,5,angry,normal,dogsdoor,1,1,male,True,48000,3.5035,1,PCM_16,
../data/Actor_01/03-01-05-01-02-02-01.wav,03-01-05-01-02-02-01,3,speech,5,angry,normal,dogsdoor,2,1,male,True,48000,3.7370625,1,PCM_16,
../data/Actor_01/03-01-05-02-01-01-01.wav,03-01-05-02-01-01-01,3,speech,5,angry,strong,kidsdoor,1,1,male,True,48000,4.104104166666667,1,PCM_16,
../data/Actor_01/03-01-05-02-01-02-01.wav,03-01-05-02-01-02-01,3,speech,5,angry,strong,kidsdoor,2,1,male,True,48000,4.371041666666667,1,PCM_16,
../data/Actor_01/03-01-05-02-02-01-01.wav,03-01-05-02-02-01-01,3,speech,5,angry,strong,dogsdoor,1,1,male,True,48000,4.137458333333333,1,PCM_16,
../data/Actor_01/03-01-05-02-02-02-01.wav,03-01-05-02-02-02-01,3,speech,5,angry,strong,dogsdoor,2,1,male,True,48000,4.437770833333333,1,PCM_16,
../data/Actor_01/03-01-06-01-01-01-01.wav,03-01-06-01-01-01-01,3,speech,6,fearful,normal,kidsdoor,1,1,male,True,48000,3.6703333333333332,1,PCM_16,
../data/Actor_01/03-01-06-01-01-02-01.wav,03-01-06-01-01-02-01,3,speech,6,fearful,normal,kidsdoor,2,1,male,True,48000,3.636979166666667,1,PCM_16,
../data/Actor_01/03-01-06-01-02-01-01.wav,03-01-06-01-02-01-01,3,speech,6,fearful,normal,dogsdoor,1,1,male,True,48000,3.4367708333333336,1,PCM_16,
../data/Actor_01/03-01-06-01-02-02-01.wav,03-01-06-01-02-02-01,3,speech,6,fearful,normal,dogsdoor,2,1,male,True,48000,3.7036875,1,PCM_16,
../data/Actor_01/03-01-06-02-01-01-01.wav,03-01-06-02-01-01-01,3,speech,6,fearful,strong,kidsdoor,1,1,male,True,48000,5.005,1,PCM_16,
../data/Actor_01/03-01-06-02-01-02-01.wav,03-01-06-02-01-02-01,3,speech,6,fearful,strong,kidsdoor,2,1,male,True,48000,4.2375625,1,PCM_16,
../data/Actor_01/03-01-06-02-02-01-01.wav,03-01-06-02-02-01-01,3,speech,6,fearful,strong,dogsdoor,1,1,male,True,48000,3.970625,1,PCM_16,
../data/Actor_01/03-01-06-02-02-02-01.wav,03-01-06-02-02-02-01,3,speech,6,fearful,strong,dogsdoor,2,1,male,True,48000,3.9039166666666665,1,PCM_16,
../data/Actor_01/03-01-07-01-01-01-01.wav,03-01-07-01-01-01-01,3,speech,7,disgust,normal,kidsdoor,1,1,male,True,48000,3.8705208333333334,1,PCM_16,
../data/Actor_01/03-01-07-01-01-02-01.wav,03-01-07-01-01-02-01,3,speech,7,disgust,normal,kidsdoor,2,1,male,True,48000,3.9038958333333333,1,PCM_16,
../data/Actor_01/03-01-07-01-02-01-01.wav,03-01-07-01-02-01-01,3,speech,7,disgust,normal,dogsdoor,1,1,male,True,48000,3.9038958333333333,1,PCM_16,
../data/Actor_01/03-01-07-01-02-02-01.wav,03-01-07-01-02-02-01,3,speech,7,disgust,normal,dogsdoor,2,1,male,True,48000,3.8371666666666666,1,PCM_16,
../data/Actor_01/03-01-07-02-01-01-01.wav,03-01-07-02-01-01-01,3,speech,7,disgust,strong,kidsdoor,1,1,male,True,48000,4.304291666666667,1,PCM_16,
../data/Actor_01/03-01-07-02-01-02-01.wav,03-01-07-02-01-02-01,3,speech,7,disgust,strong,kidsdoor,2,1,male,True,48000,4.104104166666667,1,PCM_16,
../data/Actor_01/03-01-07-02-02-01-01.wav,03-01-07-02-02-01-01,3,speech,7,disgust,strong,dogsdoor,1,1,male,True,48000,4.037375,1,PCM_16,
../data/Actor_01/03-01-07-02-02-02-01.wav,03-01-07-02-02-02-01,3,speech,7,disgust,strong,dogsdoor,2,1,male,True,48000,4.371020833333334,1,PCM_16,
../data/Actor_01/03-01-08-01-01-01-01.wav,03-01-08-01-01-01-01,3,speech,8,surprised,normal,kidsdoor,1,1,male,True,48000,3.403395833333333,1,PCM_16,
../data/Actor_01/03-01-08-01-01-02-01.wav,03-01-08-01-01-02-01,3,speech,8,surprised,normal,kidsdoor,2,1,male,True,48000,3.2699166666666666,1,PCM_16,
../data/Actor_01/03-01-08-01-02-01-01.wav,03-01-08-01-02-01-01,3,speech,8,surprised,normal,dogsdoor,1,1,male,True,48000,3.536875,1,PCM_16,
../data/Actor_01/03-01-08-01-02-02-01.wav,03-01-08-01-02-02-01,3,speech,8,surprised,normal,dogsdoor,2,1,male,True,48000,3.2699166666666666,2,PCM_16,
../data/Actor_01/03-01-08-02-01-01-01.wav,03-01-08-02-01-01-01,3,speech,8,surprised,strong,kidsdoor,1,1,male,True,48000,3.43675,1,PCM_16,
../data/Actor_01/03-01-08-02-01-02-01.wav,03-01-08-02-01-02-01,3,speech,8,surprised,strong,kidsdoor,2,1,male,True,48000,3.5702291666666666,1,PCM_16,
../data/Actor_01/03-01-08-02-02-01-01.wav,03-01-08-02-02-01-01,3,speech,8,surprised,strong,dogsdoor,1,1,male,True,48000,3.5035,1,PCM_16,
../data/Actor_01/03-01-08-02-02-02-01.wav,03-01-08-02-02-02-01,3,speech,8,surprised,strong,dogsdoor,2,1,male,True,48000,3.2699375,1,PCM_16,
../data/Actor_01/03-02-01-01-01-01-01.wav,03-02-01-01-01-01-01,3,song,1,neutral,normal,kidsdoor,1,1,male,True,48000,4.237583333333333,1,PCM_16,
../data/Actor_01/03-02-01-01-01-02-01.wav,03-02-01-01-01-02-01,3,song,1,neutral,normal,kidsdoor,2,1,male,True,48000,4.2709166666666665,1,PCM_16,
../data/Actor_01/03-02-01-01-02-01-01.wav,03-02-01-01-02-01-01,3,song,1,neutral,normal,dogsdoor,1,1,male,True,48000,4.170833333333333,1,PCM_16,
../data/Actor_01/03-02-01-01-02-02-01.wav,03-02-01-01-02-02-01,3,song,1,neutral,normal,dogsdoor,2,1,male,True,48000,4.137479166666667,1,PCM_16,
../data/Actor_01/03-02-02-01-01-01-01.wav,03-02-02-01-01-01-01,3,song,2,calm,normal,kidsdoor,1,1,male,True,48000,4.371041666666667,1,PCM_16,
../data/Actor_01/03-02-02-01-01-02-01.wav,03-02-02-01-01-02-01,3,song,2,calm,normal,kidsdoor,2,1,male,True,48000,4.404416666666667,1,PCM_16,
../data/Actor_01/03-02-02-01-02-01-01.wav,03-02-02-01-02-01-01,3,song,2,calm,normal,dogsdoor,1,1,male,True,48000,4.5045,1,PCM_16,
../data/Actor_01/03-02-02-01-02-02-01.wav,03-02-02-01-02-02-01,3,song,2,calm,normal,dogsdoor,2,1,male,True,48000,4.437770833333333,1,PCM_16,
../data/Actor_01/03-02-02-02-01-01-01.wav,03-02-02-02-01-01-01,3,song,2,calm,strong,kidsdoor,1,1,male,True,48000,4.7046875,1,PCM_16,
../data/Actor_01/03-02-02-02-01-02-01.wav,03-02-02-02-01-02-01,3,song,2,calm,strong,kidsdoor,2,1,male,True,48000,4.5045,1,PCM_16,
../data/Actor_01/03-02-02-02-02-01-01.wav,03-02-02-02-02-01-01,3,song,2,calm,strong,dogsdoor,1,1,male,True,48000,4.7380625,1,PCM_16,
../data/Actor_01/03-02-02-02-02-02-01.wav,03-02-02-02-02-02-01,3,song,2,calm,strong,dogsdoor,2,1,male,True,48000,4.938270833333333,1,PCM_16,
../data/Actor_01/03-02-03-01-01-01-01.wav,03-02-03-01-01-01-01,3,song,3,happy,normal,kidsdoor,1,1,male,True,48000,4.571229166666667,1,PCM_16,
../data/Actor_01/03-02-03-01-01-02-01.wav,03-02-03-01-01-02-01,3,song,3,happy,normal,kidsdoor,2,1,male,True,48000,4.471125,1,PCM_16,
../data/Actor_01/03-02-03-01-02-01-01.wav,03-02-03-01-02-01-01,3,song,3,happy,normal,dogsdoor,1,1,male,True,48000,4.337666666666666,1,PCM_16,
../data/Actor_01/03-02-03-01-02-02-01.wav,03-02-03-01-02-02-01,3,song,3,happy,normal,dogsdoor,2,1,male,True,48000,4.5045,1,PCM_16,
../data/Actor_01/03-02-03-02-01-01-01.wav,03-02-03-02-01-01-01,3,song,3,happy,strong,kidsdoor,1,1,male,True,48000,4.838166666666667,1,PCM_16,
../data/Actor_01/03-02-03-02-01-02-01.wav,03-02-03-02-01-02-01,3,song,3,happy,strong,kidsdoor,2,1,male,True,48000,4.804791666666667,1,PCM_16,
../data/Actor_01/03-02-03-02-02-01-01.wav,03-02-03-02-02-01-01,3,song,3,happy,strong,dogsdoor,1,1,male,True,48000,4.938270833333333,1,PCM_16,
../data/Actor_01/03-02-03-02-02-02-01.wav,03-02-03-02-02-02-01,3,song,3,happy,strong,dogsdoor,2,1,male,True,48000,4.938270833333333,1,PCM_16,
../data/Actor_01/03-02-04-01-01-01-01.wav,03-02-04-01-01-01-01,3,song,4,sad,normal,kidsdoor,1,1,male,True,48000,4.437770833333333,1,PCM_16,
../data/Actor_01/03-02-04-01-01-02-01.wav,03-02-04-01-01-02-01,3,song,4,sad,normal,kidsdoor,2,1,male,True,48000,4.5045,1,PCM_16,
../data/Actor_01/03-02-04-01-02-01-01.wav,03-02-04-01-02-01-01,3,song,4,sad,normal,dogsdoor,1,1,male,True,48000,4.671333333333333,1,PCM_16,
../data/Actor_01/03-02-04-01-02-02-01.wav,03-02-04-01-02-02-01,3,song,4,sad,normal,dogsdoor,2,1,male,True,48000,4.57125,1,PCM_16,
../data/Actor_01/03-02-04-02-01-01-01.wav,03-02-04-02-01-01-01,3,song,4,sad,strong,kidsdoor,1,1,male,True,48000,4.304291666666667,1,PCM_16,
../data/Actor_01/03-02-04-02-01-02-01.wav,03-02-04-02-01-02-01,3,song,4,sad,strong,kidsdoor,2,1,male,True,48000,4.2375625,1,PCM_16,
../data/Actor_01/03-02-04-02-02-01-01.wav,03-02-04-02-02-01-01,3,song,4,sad,strong,dogsdoor,1,1,male,True,48000,4.2709375,1,PCM_16,
../data/Actor_01/03-02-04-02-02-02-01.wav,03-02-04-02-02-02-01,3,song,4,sad,strong,dogsdoor,2,1,male,True,48000,4.637958333333334,1,PCM_16,
../data/Actor_01/03-02-05-01-01-01-01.wav,03-02-05-01-01-01-01,3,song,5,angry,normal,kidsdoor,1,1,male,True,48000,4.371020833333334,1,PCM_16,
../data/Actor_01/03-02-05-01-01-02-01.wav,03-02-05-01-01-02-01,3,song,5,angry,normal,kidsdoor,2,1,male,True,48000,4.7714375,1,PCM_16,
../data/Actor_01/03-02-05-01-02-01-01.wav,03-02-05-01-02-01-01,3,song,5,angry,normal,dogsdoor,1,1,male,True,48000,4.604604166666666,1,PCM_16,
../data/Actor_01/03-02-05-01-02-02-01.wav,03-02-05-01-02-02-01,3,song,5,angry,normal,dogsdoor,2,1,male,True,48000,4.738083333333333,1,PCM_16,
../data/Actor_01/03-02-05-02-01-01-01.wav,03-02-05-02-01-01-01,3,song,5,angry,strong,kidsdoor,1,1,male,True,48000,5.839166666666666,1,PCM_16,
../data/Actor_01/03-02-05-02-01-02-01.wav,03-02-05-02-01-02-01,3,song,5,angry,strong,kidsdoor,2,1,male,True,48000,5.3053125,1,PCM_16,
../data/Actor_01/03-02-05-02-02-01-01.wav,03-02-05-02-02-01-01,3,song,5,angry,strong,dogsdoor,1,1,male,True,48000,4.9716458333333335,1,PCM_16,
../data/Actor_01/03-02-05-02-02-02-01.wav,03-02-05-02-02-02-01,3,song,5,angry,strong,dogsdoor,2,1,male,True,48000,5.205208333333333,1,PCM_16,
../data/Actor_01/03-02-06-01-01-01-01.wav,03-02-06-01-01-01-01,3,song,6,fearful,normal,kidsdoor,1,1,male,True,48000,4.404416666666667,1,PCM_16,
../data/Actor_01/03-02-06-01-01-02-01.wav,03-02-06-01-01-02-01,3,song,6,fearful,normal,kidsdoor,2,1,male,True,48000,4.337666666666666,1,PCM_16,
../data/Actor_01/03-02-06-01-02-01-01.wav,03-02-06-01-02-01-01,3,song,6,fearful,normal,dogsdoor,1,1,male,True,48000,4.304291666666667,1,PCM_16,
../data/Actor_01/03-02-06-01-02-02-01.wav,03-02-06-01-02-02-01,3,song,6,fearful,normal,dogsdoor,2,1,male,True,48000,4.437770833333333,1,PCM_16,
../data/Actor_01/03-02-06-02-01-01-01.wav,03-02-06-02-01-01-01,3,song,6,fearful,strong,kidsdoor,1,1,male,True,48000,4.304291666666667,1,PCM_16,
../data/Actor_01/03-02-06-02-01-02-01.wav,03-02-06-02-01-02-01,3,song,6,fearful,strong,kidsdoor,2,1,male,True,48000,4.671333333333333,1,PCM_16,
../data/Actor_01/03-02-06-02-02-01-01.wav,03-02-06-02-02-01-01,3,song,6,fearful,strong,dogsdoor,1,1,male,True,48000,4.170833333333333,1,PCM_16,
../data/Actor_01/03-02-06-02-02-02-01.wav,03-02-06-02-02-02-01,3,song,6,fearful,strong,dogsdoor,2,1,male,True,48000,4.2709166666666665,1,PCM_16,
../data/Actor_02/03-01-01-01-01-01-02.wav,03-01-01-01-01-01-02,3,speech,1,neutral,normal,kidsdoor,1,2,female,True,48000,3.6369583333333333,1,PCM_16,
../data/Actor_02/03-01-01-01-01-02-02.wav,03-01-01-01-01-02-02,3,speech,1,neutral,normal,kidsdoor,2,2,female,True,48000,3.6036041666666665,1,PCM_16,
../data/Actor_02/03-01-01-01-02-01-02.wav,03-01-01-01-02-01-02,3,speech,1,neutral,normal,dogsdoor,1,2,female,True,48000,3.7704166666666667,1,PCM_16,
../data/Actor_02/03-01-01-01-02-02-02.wav,03-01-01-01-02-02-02,3,speech,1,neutral,normal,dogsdoor,2,2,female,True,48000,3.6035833333333334,1,PCM_16,
../data/Actor_02/03-01-02-01-01-01-02.wav,03-01-02-01-01-01-02,3,speech,2,calm,normal,kidsdoor,1,2,female,True,48000,3.8371666666666666,1,PCM_16,
../data/Actor_02/03-01-02-01-01-02-02.wav,03-01-02-01-01-02-02,3,speech,2,calm,normal,kidsdoor,2,2,female,True,48000,4.004,1,PCM_16,
../data/Actor_02/03-01-02-01-02-01-02.wav,03-01-02-01-02-01-02,3,speech,2,calm,normal,dogsdoor,1,2,female,True,48000,3.8371666666666666,1,PCM_16,
../data/Actor_02/03-01-02-01-02-02-02.wav,03-01-02-01-02-02-02,3,speech,2,calm,normal,dogsdoor,2,2,female,True,48000,3.970625,1,PCM_16,
../data/Actor_02/03-01-02-02-01-01-02.wav,03-01-02-02-01-01-02,3,speech,2,calm,strong,kidsdoor,1,2,female,True,48000,4.137479166666667,1,PCM_16,
../data/Actor_02/03-01-02-02-01-02-02.wav,03-01-02-02-01-02-02,3,speech,2,calm,strong,kidsdoor,2,2,female,True,48000,4.037375,1,PCM_16,
../data/Actor_02/03-01-02-02-02-01-02.wav,03-01-02-02-02-01-02,3,speech,2,calm,strong,dogsdoor,1,2,female,True,48000,4.104104166666667,1,PCM_16,
../data/Actor_02/03-01-02-02-02-02-02.wav,03-01-02-02-02-02-02,3,speech,2,calm,strong,dogsdoor,2,2,female,True,48000,4.104104166666667,1,PCM_16,
../data/Actor_02/03-01-03-01-01-01-02.wav,03-01-03-01-01-01-02,3,speech,3,happy,normal,kidsdoor,1,2,female,True,48000,3.6036041666666665,1,PCM_16,
../data/Actor_02/03-01-03-01-01-02-02.wav,03-01-03-01-01-02-02,3,speech,3,happy,normal,kidsdoor,2,2,female,True,48000,3.7036875,1,PCM_16,
../data/Actor_02/03-01-03-01-02-01-02.wav,03-01-03-01-02-01-02,3,speech,3,happy,normal,dogsdoor,1,2,female,True,48000,3.7704375,1,PCM_16,
../data/Actor_02/03-01-03-01-02-02-02.wav,03-01-03-01-02-02-02,3,speech,3,happy,normal,dogsdoor,2,2,female,True,48000,3.7370833333333335,1,PCM_16,
../data/Actor_02/03-01-03-02-01-01-02.wav,03-01-03-02-01-01-02,3,speech,3,happy,strong,kidsdoor,1,2,female,True,48000,3.703708333333333,1,PCM_16,
../data/Actor_02/03-01-03-02-01-02-02.wav,03-01-03-02-01-02-02,3,speech,3,happy,strong,kidsdoor,2,2,female,True,48000,3.6703333333333332,1,PCM_16,
../data/Actor_02/03-01-03-02-02-01-02.wav,03-01-03-02-02-01-02,3,speech,3,happy,strong,dogsdoor,1,2,female,True,48000,3.703708333333333,1,PCM_16,
../data/Actor_02/03-01-03-02-02-02-02.wav,03-01-03-02-02-02-02,3,speech,3,happy,strong,dogsdoor,2,2,female,True,48000,3.8705208333333334,1,PCM_16,
../data/Actor_02/03-01-04-01-01-01-02.wav,03-01-04-01-01-01-02,3,speech,4,sad,normal,kidsdoor,1,2,female,True,48000,3.8371666666666666,1,PCM_16,
../data/Actor_02/03-01-04-01-01-02-02.wav,03-01-04-01-01-02-02,3,speech,4,sad,normal,kidsdoor,2,2,female,True,48000,3.7704375,1,PCM_16,
../data/Actor_02/03-01-04-01-02-01-02.wav,03-01-04-01-02-01-02,3,speech,4,sad,normal,dogsdoor,1,2,female,True,48000,3.7370625,1,PCM_16,
../data/Actor_02/03-01-04-01-02-02-02.wav,03-01-04-01-02-02-02,3,speech,4,sad,normal,dogsdoor,2,2,female,True,48000,3.7704375,1,PCM_16,
../data/Actor_02/03-01-04-02-01-01-02.wav,03-01-04-02-01-01-02,3,speech,4,sad,strong,kidsdoor,1,2,female,True,48000,3.7370833333333335,1,PCM_16,
../data/Actor_02/03-01-04-02-01-02-02.wav,03-01-04-02-01-02-02,3,speech,4,sad,strong,kidsdoor,2,2,female,True,48000,3.7704166666666667,1,PCM_16,
../data/Actor_02/03-01-04-02-02-01-02.wav,03-01-04-02-02-01-02,3,speech,4,sad,strong,dogsdoor,1,2,female,True,48000,3.7036875,1,PCM_16,
../data/Actor_02/03-01-04-02-02-02-02.wav,03-01-04-02-02-02-02,3,speech,4,sad,strong,dogsdoor,2,2,female,True,48000,3.6703333333333332,1,PCM_16,
../data/Actor_02/03-01-05-01-01-01-02.wav,03-01-05-01-01-01-02,3,speech,5,angry,normal,kidsdoor,1,2,female,True,48000,3.6703333333333332,1,PCM_16,
../data/Actor_02/03-01-05-01-01-02-02.wav,03-01-05-01-01-02-02,3,speech,5,angry,normal,kidsdoor,2,2,female,True,48000,3.6703333333333332,1,PCM_16,
../data/Actor_02/03-01-05-01-02-01-02.wav,03-01-05-01-02-01-02,3,speech,5,angry,normal,dogsdoor,1,2,female,True,48000,3.7704166666666667,1,PCM_16,
../data/Actor_02/03-01-05-01-02-02-02.wav,03-01-05-01-02-02-02,3,speech,5,angry,normal,dogsdoor,2,2,female,True,48000,3.8037916666666667,1,PCM_16,
../data/Actor_02/03-01-05-02-01-01-02.wav,03-01-05-02-01-01-02,3,speech,5,angry,strong,kidsdoor,1,2,female,True,48000,3.9039166666666665,1,PCM_16,
../data/Actor_02/03-01-05-02-01-02-02.wav,03-01-05-02-01-02-02,3,speech,5,angry,strong,kidsdoor,2,2,female,True,48000,4.004,1,PCM_16,
../data/Actor_02/03-01-05-02-02-01-02.wav,03-01-05-02-02-01-02,3,speech,5,angry,strong,dogsdoor,1,2,female,True,48000,4.004,1,PCM_16,
../data/Actor_02/03-01-05-02-02-02-02.wav,03-01-05-02-02-02-02,3,speech,5,angry,strong,dogsdoor,2,2,female,True,48000,4.004,1,PCM_16,
../data/Actor_02/03-01-06-01-01-01-02.wav,03-01-06-01-01-01-02,3,speech,6,fearful,normal,kidsdoor,1,2,female,True,48000,3.636979166666667,1,PCM_16,
../data/Actor_02/03-01-06-01-01-02-02.wav,03-01-06-01-01-02-02,3,speech,6,fearful,normal,kidsdoor,2,2,female,True,48000,3.7370625,1,PCM_16,
../data/Actor_02/03-01-06-01-02-01-02.wav,03-01-06-01-02-01-02,3,speech,6,fearful,normal,dogsdoor,1,2,female,True,48000,3.6703333333333332,1,PCM_16,
../data/Actor_02/03-01-06-01-02-02-02.wav,03-01-06-01-02-02-02,3,speech,6,fearful,normal,dogsdoor,2,2,female,True,48000,3.7370625,1,PCM_16,
../data/Actor_02/03-01-06-02-01-01-02.wav,03-01-06-02-01-01-02,3,speech,6,fearful,strong,kidsdoor,1,2,female,True,48000,3.8037916666666667,1,PCM_16,
../data/Actor_02/03-01-06-02-01-02-02.wav,03-01-06-02-01-02-02,3,speech,6,fearful,strong,kidsdoor,2,2,female,True,48000,3.636979166666667,1,PCM_16,
../data/Actor_02/03-01-06-02-02-01-02.wav,03-01-06-02-02-01-02,3,speech,6,fearful,strong,dogsdoor,1,2,female,True,48000,3.6036041666666665,1,PCM_16,
../data/Actor_02/03-01-06-02-02-02-02.wav,03-01-06-02-02-02-02,3,speech,6,fearful,strong,dogsdoor,2,2,female,True,48000,3.6036041666666665,1,PCM_16,
../data/Actor_02/03-01-07-01-01-01-02.wav,03-01-07-01-01-01-02,3,speech,7,disgust,normal,kidsdoor,1,2,female,True,48000,3.6703333333333332,1,PCM_16,
../data/Actor_02/03-01-07-01-01-02-02.wav,03-01-07-01-01-02-02,3,speech,7,disgust,normal,kidsdoor,2,2,female,True,48000,3.636979166666667,1,PCM_16,
../data/Actor_02/03-01-07-01-02-01-02.wav,03-01-07-01-02-01-02,3,speech,7,disgust,normal,dogsdoor,1,2,female,True,48000,3.8705416666666665,1,PCM_16,
../data/Actor_02/03-01-07-01-02-02-02.wav,03-01-07-01-02-02-02,3,speech,7,disgust,normal,dogsdoor,2,2,female,True,48000,3.8371666666666666,1,PCM_16,
../data/Actor_02/03-01-07-02-01-01-02.wav,03-01-07-02-01-01-02,3,speech,7,disgust,strong,kidsdoor,1,2,female,True,48000,4.137458333333333,1,PCM_16,
../data/Actor_02/03-01-07-02-01-02-02.wav,03-01-07-02-01-02-02,3,speech,7,disgust,strong,kidsdoor,2,2,female,True,48000,4.137458333333333,1,PCM_16,
../data/Actor_02/03-01-07-02-02-01-02.wav,03-01-07-02-02-01-02,3,speech,7,disgust,strong,dogsdoor,1,2,female,True,48000,4.004,1,PCM_16,
../data/Actor_02/03-01-07-02-02-02-02.wav,03-01-07-02-02-02-02,3,speech,7,disgust,strong,dogsdoor,2,2,female,True,48000,4.037375,1,PCM_16,
../data/Actor_02/03-01-08-01-01-01-02.wav,03-01-08-01-01-01-02,3,speech,8,surprised,normal,kidsdoor,1,2,female,True,48000,3.5368541666666666,1,PCM_16,
../data/Actor_02/03-01-08-01-01-02-02.wav,03-01-08-01-01-02-02,3,speech,8,surprised,normal,kidsdoor,2,2,female,True,48000,3.5368541666666666,1,PCM_16,
../data/Actor_02/03-01-08-01-02-01-02.wav,03-01-08-01-02-01-02,3,speech,8,surprised,normal,dogsdoor,1,2,female,True,48000,3.6036041666666665,1,PCM_16,
../data/Actor_02/03-01-08-01-02-02-02.wav,03-01-08-01-02-02-02,3,speech,8,surprised,normal,dogsdoor,2,2,female,True,48000,3.536875,1,PCM_16,
../data/Actor_02/03-01-08-02-01-01-02.wav,03-01-08-02-01-01-02,3,speech,8,surprised,strong,kidsdoor,1,2,female,True,48000,3.7370625,1,PCM_16,
../data/Actor_02/03-01-08-02-01-02-02.wav,03-01-08-02-01-02-02,3,speech,8,surprised,strong,kidsdoor,2,2,female,True,48000,3.7704375,1,PCM_16,
../data/Actor_02/03-01-08-02-02-01-02.wav,03-01-08-02-02-01-02,3,speech,8,surprised,strong,dogsdoor,1,2,female,True,48000,3.7370833333333335,1,PCM_16,
../data/Actor_02/03-01-08-02-02-02-02.wav,03-01-08-02-02-02-02,3,speech,8,surprised,strong,dogsdoor,2,2,female,True,48000,3.8038125,1,PCM_16,
../data/Actor_02/03-02-01-01-01-01-02.wav,03-02-01-01-01-01-02,3,song,1,neutral,normal,kidsdoor,1,2,female,True,48000,4.838166666666667,1,PCM_16,
../data/Actor_02/03-02-01-01-01-02-02.wav,03-02-01-01-01-02-02,3,song,1,neutral,normal,kidsdoor,2,2,female,True,48000,5.105104166666667,1,PCM_16,
../data/Actor_02/03-02-01-01-02-01-02.wav,03-02-01-01-02-01-02,3,song,1,neutral,normal,dogsdoor,1,2,female,True,48000,4.871541666666666,1,PCM_16,
../data/Actor_02/03-02-01-01-02-02-02.wav,03-02-01-01-02-02-02,3,song,1,neutral,normal,dogsdoor,2,2,female,True,48000,5.038375,1,PCM_16,
../data/Actor_02/03-02-02-01-01-01-02.wav,03-02-02-01-01-01-02,3,song,2,calm,normal,kidsdoor,1,2,female,True,48000,5.7056875,1,PCM_16,
../data/Actor_02/03-02-02-01-01-02-02.wav,03-02-02-01-01-02-02,3,song,2,calm,normal,kidsdoor,2,2,female,True,48000,5.605583333333334,1,PCM_16,
../data/Actor_02/03-02-02-01-02-01-02.wav,03-02-02-01-02-01-02,3,song,2,calm,normal,dogsdoor,1,2,female,True,48000,5.538854166666667,1,PCM_16,
../data/Actor_02/03-02-02-01-02-02-02.wav,03-02-02-01-02-02-02,3,song,2,calm,normal,dogsdoor,2,2,female,True,48000,5.605604166666667,1,PCM_16,
../data/Actor_02/03-02-02-02-01-01-02.wav,03-02-02-02-01-01-02,3,song,2,calm,strong,kidsdoor,1,2,female,True,48000,5.638958333333333,1,PCM_16,
../data/Actor_02/03-02-02-02-01-02-02.wav,03-02-02-02-01-02-02,3,song,2,calm,strong,kidsdoor,2,2,female,True,48000,6.07275,1,PCM_16,
../data/Actor_02/03-02-02-02-02-01-02.wav,03-02-02-02-02-01-02,3,song,2,calm,strong,dogsdoor,1,2,female,True,48000,6.006,1,PCM_16,
../data/Actor_02/03-02-02-02-02-02-02.wav,03-02-02-02-02-02-02,3,song,2,calm,strong,dogsdoor,2,2,female,True,48000,6.106104166666666,1,PCM_16,
../data/Actor_02/03-02-03-01-01-01-02.wav,03-02-03-01-01-01-02,3,song,3,happy,normal,kidsdoor,1,2,female,True,48000,5.238583333333334,1,PCM_16,
../data/Actor_02/03-02-03-01-01-02-02.wav,03-02-03-01-01-02-02,3,song,3,happy,normal,kidsdoor,2,2,female,True,48000,5.338666666666667,1,PCM_16,
../data/Actor_02/03-02-03-01-02-01-02.wav,03-02-03-01-02-01-02,3,song,3,happy,normal,dogsdoor,1,2,female,True,48000,4.637958333333334,1,PCM_16,
../data/Actor_02/03-02-03-01-02-02-02.wav,03-02-03-01-02-02-02,3,song,3,happy,normal,dogsdoor,2,2,female,True,48000,4.637958333333334,1,PCM_16,
../data/Actor_02/03-02-03-02-01-01-02.wav,03-02-03-02-01-01-02,3,song,3,happy,strong,kidsdoor,1,2,female,True,48000,4.304291666666667,1,PCM_16,
../data/Actor_02/03-02-03-02-01-02-02.wav,03-02-03-02-01-02-02,3,song,3,happy,strong,kidsdoor,2,2,female,True,48000,4.437770833333333,1,PCM_16,
../data/Actor_02/03-02-03-02-02-01-02.wav,03-02-03-02-02-01-02,3,song,3,happy,strong,dogsdoor,1,2,female,True,48000,4.5045,1,PCM_16,
../data/Actor_02/03-02-03-02-02-02-02.wav,03-02-03-02-02-02-02,3,song,3,happy,strong,dogsdoor,2,2,female,True,48000,4.404395833333333,1,PCM_16,
../data/Actor_02/03-02-04-01-01-01-02.wav,03-02-04-01-01-01-02,3,song,4,sad,normal,kidsdoor,1,2,female,True,48000,5.338666666666667,1,PCM_16,
../data/Actor_02/03-02-04-01-01-02-02.wav,03-02-04-01-01-02-02,3,song,4,sad,normal,kidsdoor,2,2,female,True,48000,5.338666666666667,1,PCM_16,
../data/Actor_02/03-02-04-01-02-01-02.wav,03-02-04-01-02-01-02,3,song,4,sad,normal,dogsdoor,1,2,female,True,48000,5.372020833333333,1,PCM_16,
../data/Actor_02/03-02-04-01-02-02-02.wav,03-02-04-01-02-02-02,3,song,4,sad,normal,dogsdoor,2,2,female,True,48000,5.271916666666667,1,PCM_16,
../data/Actor_02/03-02-04-02-01-01-02.wav,03-02-04-02-01-01-02,3,song,4,sad,strong,kidsdoor,1,2,female,True,48000,5.438770833333334,1,PCM_16,
../data/Actor_02/03-02-04-02-01-02-02.wav,03-02-04-02-01-02-02,3,song,4,sad,strong,kidsdoor,2,2,female,True,48000,5.2385625,1,PCM_16,
../data/Actor_02/03-02-04-02-02-01-02.wav,03-02-04-02-02-01-02,3,song,4,sad,strong,dogsdoor,1,2,female,True,48000,5.2385625,1,PCM_16,
../data/Actor_02/03-02-04-02-02-02-02.wav,03-02-04-02-02-02-02,3,song,4,sad,strong,dogsdoor,2,2,female,True,48000,5.372020833333333,1,PCM_16,
../data/Actor_02/03-02-05-01-01-01-02.wav,03-02-05-01-01-01-02,3,song,5,angry,normal,kidsdoor,1,2,female,True,48000,4.471125,1,PCM_16,
../data/Actor_02/03-02-05-01-01-02-02.wav,03-02-05-01-01-02-02,3,song,5,angry,normal,kidsdoor,2,2,female,True,48000,4.604604166666666,1,PCM_16,
../data/Actor_02/03-02-05-01-02-01-02.wav,03-02-05-01-02-01-02,3,song,5,angry,normal,dogsdoor,1,2,female,True,48000,4.7380625,1,PCM_16,
../data/Actor_02/03-02-05-01-02-02-02.wav,03-02-05-01-02-02-02,3,song,5,angry,normal,dogsdoor,2,2,female,True,48000,4.7380625,1,PCM_16,
../data/Actor_02/03-02-05-02-01-01-02.wav,03-02-05-02-01-01-02,3,song,5,angry,strong,kidsdoor,1,2,female,True,48000,4.637958333333334,1,PCM_16,
../data/Actor_02/03-02-05-02-01-02-02.wav,03-02-05-02-01-02-02,3,song,5,angry,strong,kidsdoor,2,2,female,True,48000,4.637979166666667,1,PCM_16,
../data/Actor_02/03-02-05-02-02-01-02.wav,03-02-05-02-02-01-02,3,song,5,angry,strong,dogsdoor,1,2,female,True,48000,4.637979166666667,1,PCM_16,
../data/Actor_02/03-02-05-02-02-02-02.wav,03-02-05-02-02-02-02,3,song,5,angry,strong,dogsdoor,2,2,female,True,48000,4.5378541666666665,1,PCM_16,
../data/Actor_02/03-02-06-01-01-01-02.wav,03-02-06-01-01-01-02,3,song,6,fearful,normal,kidsdoor,1,2,female,True,48000,4.7380625,1,PCM_16,
../data/Actor_02/03-02-06-01-01-02-02.wav,03-02-06-01-01-02-02,3,song,6,fearful,normal,kidsdoor,2,2,female,True,48000,4.804791666666667,1,PCM_16,
../data/Actor_02/03-02-06-01-02-01-02.wav,03-02-06-01-02-01-02,3,song,6,fearful,normal,dogsdoor,1,2,female,True,48000,4.838166666666667,1,PCM_16,
../data/Actor_02/03-02-06-01-02-02-02.wav,03-02-06-01-02-02-02,3,song,6,fearful,normal,dogsdoor,2,2,female,True,48000,4.671333333333333,1,PCM_16,
../data/Actor_02/03-02-06-02-01-01-02.wav,03-02-06-02-01-01-02,3,song,6,fearful,strong,kidsdoor,1,2,female,True,48000,4.5045,1,PCM_16,
../data/Actor_02/03-02-06-02-01-02-02.wav,03-02-06-02-01-02-02,3,song,6,fearful,strong,kidsdoor,2,2,female,True,48000,4.5045,1,PCM_16,
../data/Actor_02/03-02-06-02-02-01-02.wav,03-02-06-02-02-01-02,3,song,6,fearful,strong,dogsdoor,1,2,female,True,48000,4.5045,1,PCM_16,
../data/Actor_02/03-02-06-02-02-02-02.wav,03-02-06-02-02-02-02,3,song,6,fearful,strong,dogsdoor,2,2,female,True,48000,4.471145833333333,1,PCM_16,
../data/Actor_03/03-01-01-01-01-01-03.wav,03-01-01-01-01-01-03,3,speech,1,neutral,normal,kidsdoor,1,3,male,True,48000,3.4367708333333336,1,PCM_16,
../data/Actor_03/03-01-01-01-01-02-03.wav,03-01-01-01-01-02-03,3,speech,1,neutral,normal,kidsdoor,2,3,male,True,48000,3.5035,1,PCM_16,
../data/Actor_03/03-01-01-01-02-01-03.wav,03-01-01-01-02-01-03,3,speech,1,neutral,normal,dogsdoor,1,3,male,True,48000,3.5035,1,PCM_16,
../data/Actor_03/03-01-01-01-02-02-03.wav,03-01-01-01-02-02-03,3,speech,1,neutral,normal,dogsdoor,2,3,male,True,48000,3.4701458333333335,1,PCM_16,
../data/Actor_03/03-01-02-01-01-01-03.wav,03-01-02-01-01-01-03,3,speech,2,calm,normal,kidsdoor,1,3,male,True,48000,3.8371666666666666,1,PCM_16,
../data/Actor_03/03-01-02-01-01-02-03.wav,03-01-02-01-01-02-03,3,speech,2,calm,normal,kidsdoor,2,3,male,True,48000,3.7370625,1,PCM_16,
../data/Actor_03/03-01-02-01-02-01-03.wav,03-01-02-01-02-01-03,3,speech,2,calm,normal,dogsdoor,1,3,male,True,48000,3.8371666666666666,1,PCM_16,
../data/Actor_03/03-01-02-01-02-02-03.wav,03-01-02-01-02-02-03,3,speech,2,calm,normal,dogsdoor,2,3,male,True,48000,3.970625,1,PCM_16,
../data/Actor_03/03-01-02-02-01-01-03.wav,03-01-02-02-01-01-03,3,speech,2,calm,strong,kidsdoor,1,3,male,True,48000,4.037375,1,PCM_16,
../data/Actor_03/03-01-02-02-01-02-03.wav,03-01-02-02-01-02-03,3,speech,2,calm,strong,kidsdoor,2,3,male,True,48000,3.970645833333333,1,PCM_16,
../data/Actor_03/03-01-02-02-02-01-03.wav,03-01-02-02-02-01-03,3,speech,2,calm,strong,dogsdoor,1,3,male,True,48000,4.137458333333333,1,PCM_16,
../data/Actor_03/03-01-02-02-02-02-03.wav,03-01-02-02-02-02-03,3,speech,2,calm,strong,dogsdoor,2,3,male,True,48000,4.004,1,PCM_16,
../data/Actor_03/03-01-03-01-01-01-03.wav,03-01-03-01-01-01-03,3,speech,3,happy,normal,kidsdoor,1,3,male,True,48000,3.7704166666666667,1,PCM_16,
../data/Actor_03/03-01-03-01-01-02-03.wav,03-01-03-01-01-02-03,3,speech,3,happy,normal,kidsdoor,2,3,male,True,48000,3.6035833333333334,1,PCM_16,
../data/Actor_03/03-01-03-01-02-01-03.wav,03-01-03-01-02-01-03,3,speech,3,happy,normal,dogsdoor,1,3,male,True,48000,3.5035,1,PCM_16,
../data/Actor_03/03-01-03-01-02-02-03.wav,03-01-03-01-02-02-03,3,speech,3,happy,normal,dogsdoor,2,3,male,True,48000,3.5035,1,PCM_16,
../data/Actor_03/03-01-03-02-01-01-03.wav,03-01-03-02-01-01-03,3,speech,3,happy,strong,kidsdoor,1,3,male,True,48000,4.3043125,1,PCM_16,
../data/Actor_03/03-01-03-02-01-02-03.wav,03-01-03-02-01-02-03,3,speech,3,happy,strong,kidsdoor,2,3,male,True,48000,4.404395833333333,1,PCM_16,
../data/Actor_03/03-01-03-02-02-01-03.wav,03-01-03-02-02-01-03,3,speech,3,happy,strong,dogsdoor,1,3,male,True,48000,4.137458333333333,1,PCM_16,
../data/Actor_03/03-01-03-02-02-02-03.wav,03-01-03-02-02-02-03,3,speech,3,happy,strong,dogsdoor,2,3,male,True,48000,3.8371666666666666,1,PCM_16,
../data/Actor_03/03-01-04-01-01-01-03.wav,03-01-04-01-01-01-03,3,speech,4,sad,normal,kidsdoor,1,3,male,True,48000,3.6036041666666665,1,PCM_16,
../data/Actor_03/03-01-04-01-01-02-03.wav,03-01-04-01-01-02-03,3,speech,4,sad,normal,kidsdoor,2,3,male,True,48000,3.5702291666666666,1,PCM_16,
../data/Actor_03/03-01-04-01-02-01-03.wav,03-01-04-01-02-01-03,3,speech,4,sad,normal,dogsdoor,1,3,male,True,48000,3.5702291666666666,1,PCM_16,
../data/Actor_03/03-01-04-01-02-02-03.wav,03-01-04-01-02-02-03,3,speech,4,sad,normal,dogsdoor,2,3,male,True,48000,3.536875,1,PCM_16,
../data/Actor_03/03-01-04-02-01-01-03.wav,03-01-04-02-01-01-03,3,speech,4,sad,strong,kidsdoor,1,3,male,True,48000,3.7704375,1,PCM_16,
../data/Actor_03/03-01-04-02-01-02-03.wav,03-01-04-02-01-02-03,3,speech,4,sad,strong,kidsdoor,2,3,male,True,48000,3.8371666666666666,1,PCM_16,
../data/Actor_03/03-01-04-02-02-01-03.wav,03-01-04-02-02-01-03,3,speech,4,sad,strong,dogsdoor,1,3,male,True,48000,3.470125,1,PCM_16,
../data/Actor_03/03-01-04-02-02-02-03.wav,03-01-04-02-02-02-03,3,speech,4,sad,strong,dogsdoor,2,3,male,True,48000,3.7036875,1,PCM_16,
../data/Actor_03/03-01-05-01-01-01-03.wav,03-01-05-01-01-01-03,3,speech,5,angry,normal,kidsdoor,1,3,male,True,48000,4.004,1,PCM_16,
../data/Actor_03/03-01-05-01-01-02-03.wav,03-01-05-01-01-02-03,3,speech,5,angry,normal,kidsdoor,2,3,male,True,48000,4.070729166666666,1,PCM_16,
../data/Actor_03/03-01-05-01-02-01-03.wav,03-01-05-01-02-01-03,3,speech,5,angry,normal,dogsdoor,1,3,male,True,48000,3.8038125,1,PCM_16,
../data/Actor_03/03-01-05-01-02-02-03.wav,03-01-05-01-02-02-03,3,speech,5,angry,normal,dogsdoor,2,3,male,True,48000,3.8371666666666666,1,PCM_16,
../data/Actor_03/03-01-05-02-01-01-03.wav,03-01-05-02-01-01-03,3,speech,5,angry,strong,kidsdoor,1,3,male,True,48000,4.404395833333333,1,PCM_16,
../data/Actor_03/03-01-05-02-01-02-03.wav,03-01-05-02-01-02-03,3,speech,5,angry,strong,kidsdoor,2,3,male,True,48000,4.404416666666667,1,PCM_16,
../data/Actor_03/03-01-05-02-02-01-03.wav,03-01-05-02-02-01-03,3,speech,5,angry,strong,dogsdoor,1,3,male,True,48000,4.2375625,1,PCM_16,
../data/Actor_03/03-01-05-02-02-02-03.wav,03-01-05-02-02-02-03,3,speech,5,angry,strong,dogsdoor,2,3,male,True,48000,4.5045,1,PCM_16,
../data/Actor_03/03-01-06-01-01-01-03.wav,03-01-06-01-01-01-03,3,speech,6,fearful,normal,kidsdoor,1,3,male,True,48000,3.7370833333333335,1,PCM_16,
../data/Actor_03/03-01-06-01-01-02-03.wav,03-01-06-01-01-02-03,3,speech,6,fearful,normal,kidsdoor,2,3,male,True,48000,3.8371666666666666,1,PCM_16,
../data/Actor_03/03-01-06-01-02-01-03.wav,03-01-06-01-02-01-03,3,speech,6,fearful,normal,dogsdoor,1,3,male,True,48000,3.5035,1,PCM_16,
../data/Actor_03/03-01-06-01-02-02-03.wav,03-01-06-01-02-02-03,3,speech,6,fearful,normal,dogsdoor,2,3,male,True,48000,3.2032083333333334,1,PCM_16,
../data/Actor_03/03-01-06-02-01-01-03.wav,03-01-06-02-01-01-03,3,speech,6,fearful,strong,kidsdoor,1,3,male,True,48000,3.3033125,1,PCM_16,
../data/Actor_03/03-01-06-02-01-02-03.wav,03-01-06-02-01-02-03,3,speech,6,fearful,strong,kidsdoor,2,3,male,True,48000,3.9038958333333333,1,PCM_16,
../data/Actor_03/03-01-06-02-02-01-03.wav,03-01-06-02-02-01-03,3,speech,6,fearful,strong,dogsdoor,1,3,male,True,48000,3.3033125,1,PCM_16,
../data/Actor_03/03-01-06-02-02-02-03.wav,03-01-06-02-02-02-03,3,speech,6,fearful,strong,dogsdoor,2,3,male,True,48000,3.4367708333333336,1,PCM_16,
../data/Actor_03/03-01-07-01-01-01-03.wav,03-01-07-01-01-01-03,3,speech,7,disgust,normal,kidsdoor,1,3,male,True,48000,4.037375,1,PCM_16,
../data/Actor_03/03-01-07-01-01-02-03.wav,03-01-07-01-01-02-03,3,speech,7,disgust,normal,kidsdoor,2,3,male,True,48000,3.970645833333333,1,PCM_16,
../data/Actor_03/03-01-07-01-02-01-03.wav,03-01-07-01-02-01-03,3,speech,7,disgust,normal,dogsdoor,1,3,male,True,48000,3.6036041666666665,1,PCM_16,
../data/Actor_03/03-01-07-01-02-02-03.wav,03-01-07-01-02-02-03,3,speech,7,disgust,normal,dogsdoor,2,3,male,True,48000,3.7704375,1,PCM_16,
../data/Actor_03/03-01-07-02-01-01-03.wav,03-01-07-02-01-01-03,3,speech,7,disgust,strong,kidsdoor,1,3,male,True,48000,4.104104166666667,1,PCM_16,
../data/Actor_03/03-01-07-02-01-02-03.wav,03-01-07-02-01-02-03,3,speech,7,disgust,strong,kidsdoor,2,3,male,True,48000,4.104104166666667,1,PCM_16,
../data/Actor_03/03-01-07-02-02-01-03.wav,03-01-07-02-02-01-03,3,speech,7,disgust,strong,dogsdoor,1,3,male,True,48000,3.8371666666666666,1,PCM_16,
../data/Actor_03/03-01-07-02-02-02-03.wav,03-01-07-02-02-02-03,3,speech,7,disgust,strong,dogsdoor,2,3,male,True,48000,3.9372708333333333,1,PCM_16,
../data/Actor_03/03-01-08-01-01-01-03.wav,03-01-08-01-01-01-03,3,speech,8,surprised,normal,kidsdoor,1,3,male,True,48000,3.2365625,1,PCM_16,
../data/Actor_03/03-01-08-01-01-02-03.wav,03-01-08-01-01-02-03,3,speech,8,surprised,normal,kidsdoor,2,3,male,True,48000,3.370041666666667,1,PCM_16,
../data/Actor_03/03-01-08-01-02-01-03.wav,03-01-08-01-02-01-03,3,speech,8,surprised,normal,dogsdoor,1,3,male,True,48000,3.2032083333333334,1,PCM_16,
../data/Actor_03/03-01-08-01-02-02-03.wav,03-01-08-01-02-02-03,3,speech,8,surprised,normal,dogsdoor,2,3,male,True,48000,3.5702291666666666,1,PCM_16,
../data/Actor_03/03-01-08-02-01-01-03.wav,03-01-08-02-01-01-03,3,speech,8,surprised,strong,kidsdoor,1,3,male,True,48000,3.2699375,1,PCM_16,
../data/Actor_03/03-01-08-02-01-02-03.wav,03-01-08-02-01-02-03,3,speech,8,surprised,strong,kidsdoor,2,3,male,True,48000,3.6036041666666665,1,PCM_16,
../data/Actor_03/03-01-08-02-02-01-03.wav,03-01-08-02-02-01-03,3,speech,8,surprised,strong,dogsdoor,1,3,male,True,48000,3.5035,1,PCM_16,
../data/Actor_03/03-01-08-02-02-02-03.wav,03-01-08-02-02-02-03,3,speech,8,surprised,strong,dogsdoor,2,3,male,True,48000,3.2365625,1,PCM_16,
../data/Actor_03/03-02-01-01-01-01-03.wav,03-02-01-01-01-01-03,3,song,1,neutral,normal,kidsdoor,1,3,male,True,48000,4.471145833333333,1,PCM_16,
../data/Actor_03/03-02-01-01-01-02-03.wav,03-02-01-01-01-02-03,3,song,1,neutral,normal,kidsdoor,2,3,male,True,48000,4.43775,1,PCM_16,
../data/Actor_03/03-02-01-01-02-01-03.wav,03-02-01-01-02-01-03,3,song,1,neutral,normal,dogsdoor,1,3,male,True,48000,4.371041666666667,1,PCM_16,
../data/Actor_03/03-02-01-01-02-02-03.wav,03-02-01-01-02-02-03,3,song,1,neutral,normal,dogsdoor,2,3,male,True,48000,4.471145833333333,1,PCM_16,
../data/Actor_03/03-02-02-01-01-01-03.wav,03-02-02-01-01-01-03,3,song,2,calm,normal,kidsdoor,1,3,male,True,48000,4.671333333333333,1,PCM_16,
../data/Actor_03/03-02-02-01-01-02-03.wav,03-02-02-01-01-02-03,3,song,2,calm,normal,kidsdoor,2,3,male,True,48000,4.771416666666667,1,PCM_16,
../data/Actor_03/03-02-02-01-02-01-03.wav,03-02-02-01-02-01-03,3,song,2,calm,normal,dogsdoor,1,3,male,True,48000,4.2375625,1,PCM_16,
../data/Actor_03/03-02-02-01-02-02-03.wav,03-02-02-01-02-02-03,3,song,2,calm,normal,dogsdoor,2,3,male,True,48000,4.604604166666666,1,PCM_16,
../data/Actor_03/03-02-02-02-01-01-03.wav,03-02-02-02-01-01-03,3,song,2,calm,strong,kidsdoor,1,3,male,True,48000,4.871520833333333,1,PCM_16,
../data/Actor_03/03-02-02-02-01-02-03.wav,03-02-02-02-01-02-03,3,song,2,calm,strong,kidsdoor,2,3,male,True,48000,4.7380625,1,PCM_16,
../data/Actor_03/03-02-02-02-02-01-03.wav,03-02-02-02-02-01-03,3,song,2,calm,strong,dogsdoor,1,3,male,True,48000,4.9716458333333335,1,PCM_16,
../data/Actor_03/03-02-02-02-02-02-03.wav,03-02-02-02-02-02-03,3,song,2,calm,strong,dogsdoor,2,3,male,True,48000,5.171833333333334,1,PCM_16,
../data/Actor_03/03-02-03-01-01-01-03.wav,03-02-03-01-01-01-03,3,song,3,happy,normal,kidsdoor,1,3,male,True,48000,4.804791666666667,1,PCM_16,
../data/Actor_03/03-02-03-01-01-02-03.wav,03-02-03-01-01-02-03,3,song,3,happy,normal,kidsdoor,2,3,male,True,48000,4.738083333333333,1,PCM_16,
../data/Actor_03/03-02-03-01-02-01-03.wav,03-02-03-01-02-01-03,3,song,3,happy,normal,dogsdoor,1,3,male,True,48000,4.537875,1,PCM_16,
../data/Actor_03/03-02-03-01-02-02-03.wav,03-02-03-01-02-02-03,3,song,3,happy,normal,dogsdoor,2,3,male,True,48000,4.537875,1,PCM_16,
../data/Actor_03/03-02-03-02-01-01-03.wav,03-02-03-02-01-01-03,3,song,3,happy,strong,kidsdoor,1,3,male,True,48000,4.537875,1,PCM_16,
../data/Actor_03/03-02-03-02-01-02-03.wav,03-02-03-02-01-02-03,3,song,3,happy,strong,kidsdoor,2,3,male,True,48000,4.537875,1,PCM_16,
../data/Actor_03/03-02-03-02-02-01-03.wav,03-02-03-02-02-01-03,3,song,3,happy,strong,dogsdoor,1,3,male,True,48000,4.871541666666666,1,PCM_16,
../data/Actor_03/03-02-03-02-02-02-03.wav,03-02-03-02-02-02-03,3,song,3,happy,strong,dogsdoor,2,3,male,True,48000,4.804791666666667,1,PCM_16,
../data/Actor_03/03-02-04-01-01-01-03.wav,03-02-04-01-01-01-03,3,song,4,sad,normal,kidsdoor,1,3,male,True,48000,4.671333333333333,1,PCM_16,
../data/Actor_03/03-02-04-01-01-02-03.wav,03-02-04-01-01-02-03,3,song,4,sad,normal,kidsdoor,2,3,male,True,48000,4.871541666666666,1,PCM_16,
../data/Actor_03/03-02-04-01-02-01-03.wav,03-02-04-01-02-01-03,3,song,4,sad,normal,dogsdoor,1,3,male,True,48000,5.205208333333333,1,PCM_16,
../data/Actor_03/03-02-04-01-02-02-03.wav,03-02-04-01-02-02-03,3,song,4,sad,normal,dogsdoor,2,3,male,True,48000,4.904895833333334,1,PCM_16,
../data/Actor_03/03-02-04-02-01-01-03.wav,03-02-04-02-01-01-03,3,song,4,sad,strong,kidsdoor,1,3,male,True,48000,4.671333333333333,1,PCM_16,
../data/Actor_03/03-02-04-02-01-02-03.wav,03-02-04-02-01-02-03,3,song,4,sad,strong,kidsdoor,2,3,male,True,48000,4.871541666666666,1,PCM_16,
../data/Actor_03/03-02-04-02-02-01-03.wav,03-02-04-02-02-01-03,3,song,4,sad,strong,dogsdoor,1,3,male,True,48000,4.7380625,1,PCM_16,
../data/Actor_03/03-02-04-02-02-02-03.wav,03-02-04-02-02-02-03,3,song,4,sad,strong,dogsdoor,2,3,male,True,48000,4.7714375,1,PCM_16,
../data/Actor_03/03-02-05-01-01-01-03.wav,03-02-05-01-01-01-03,3,song,5,angry,normal,kidsdoor,1,3,male,True,48000,4.471125,1,PCM_16,
../data/Actor_03/03-02-05-01-01-02-03.wav,03-02-05-01-01-02-03,3,song,5,angry,normal,kidsdoor,2,3,male,True,48000,4.604604166666666,1,PCM_16,
../data/Actor_03/03-02-05-01-02-01-03.wav,03-02-05-01-02-01-03,3,song,5,angry,normal,dogsdoor,1,3,male,True,48000,4.871520833333333,1,PCM_16,
../data/Actor_03/03-02-05-01-02-02-03.wav,03-02-05-01-02-02-03,3,song,5,angry,normal,dogsdoor,2,3,male,True,48000,4.5378541666666665,1,PCM_16,
../data/Actor_03/03-02-05-02-01-01-03.wav,03-02-05-02-01-01-03,3,song,5,angry,strong,kidsdoor,1,3,male,True,48000,4.371020833333334,1,PCM_16,
../data/Actor_03/03-02-05-02-01-02-03.wav,03-02-05-02-01-02-03,3,song,5,angry,strong,kidsdoor,2,3,male,True,48000,4.404395833333333,1,PCM_16,
../data/Actor_03/03-02-05-02-02-01-03.wav,03-02-05-02-02-01-03,3,song,5,angry,strong,dogsdoor,1,3,male,True,48000,4.57125,1,PCM_16,
../data/Actor_03/03-02-05-02-02-02-03.wav,03-02-05-02-02-02-03,3,song,5,angry,strong,dogsdoor,2,3,male,True,48000,4.471145833333333,1,PCM_16,
../data/Actor_03/03-02-06-01-01-01-03.wav,03-02-06-01-01-01-03,3,song,6,fearful,normal,kidsdoor,1,3,male,True,48000,4.204208333333334,1,PCM_16,
../data/Actor_03/03-02-06-01-01-02-03.wav,03-02-06-01-01-02-03,3,song,6,fearful,normal,kidsdoor,2,3,male,True,48000,4.2709375,1,PCM_16,
../data/Actor_03/03-02-06-01-02-01-03.wav,03-02-06-01-02-01-03,3,song,6,fearful,normal,dogsdoor,1,3,male,True,48000,4.3043125,1,PCM_16,
../data/Actor_03/03-02-06-01-02-02-03.wav,03-02-06-01-02-02-03,3,song,6,fearful,normal,dogsdoor,2,3,male,True,48000,4.2709375,1,PCM_16,
../data/Actor_03/03-02-06-02-01-01-03.wav,03-02-06-02-01-01-03,3,song,6,fearful,strong,kidsdoor,1,3,male,True,48000,4.137458333333333,1,PCM_16,
../data/Actor_03/03-02-06-02-01-02-03.wav,03-02-06-02-01-02-03,3,song,6,fearful,strong,kidsdoor,2,3,male,True,48000,4.2041875,1,PCM_16,
../data/Actor_03/03-02-06-02-02-01-03.wav,03-02-06-02-02-01-03,3,song,6,fearful,strong,dogsdoor,1,3,male,True,48000,4.137458333333333,1,PCM_16,
../data/Actor_03/03-02-06-02-02-02-03.wav,03-02-06-02-02-02-03,3,song,6,fearful,strong,dogsdoor,2,3,male,True,48000,4.137458333333333,1,PCM_16,
../data/Actor_04/03-01-01-01-01-01-04.wav,03-01-01-01-01-01-04,3,speech,1,neutral,normal,kidsdoor,1,4,female,True,48000,3.3032916666666665,1,PCM_16,
../data/Actor_04/03-01-01-01-01-02-04.wav,03-01-01-01-01-02-04,3,speech,1,neutral,normal,kidsdoor,2,4,female,True,48000,3.370041666666667,1,PCM_16,
../data/Actor_04/03-01-01-01-02-01-04.wav,03-01-01-01-02-01-04,3,speech,1,neutral,normal,dogsdoor,1,4,female,True,48000,3.2699375,1,PCM_16,
../data/Actor_04/03-01-01-01-02-02-04.wav,03-01-01-01-02-02-04,3,speech,1,neutral,normal,dogsdoor,2,4,female,True,48000,3.2365625,1,PCM_16,
../data/Actor_04/03-01-02-01-01-01-04.wav,03-01-02-01-01-01-04,3,speech,2,calm,normal,kidsdoor,1,4,female,True,48000,3.8037916666666667,1,PCM_16,
../data/Actor_04/03-01-02-01-01-02-04.wav,03-01-02-01-01-02-04,3,speech,2,calm,normal,kidsdoor,2,4,female,True,48000,3.7370625,1,PCM_16,
../data/Actor_04/03-01-02-01-02-01-04.wav,03-01-02-01-02-01-04,3,speech,2,calm,normal,dogsdoor,1,4,female,True,48000,3.636979166666667,1,PCM_16,
../data/Actor_04/03-01-02-01-02-02-04.wav,03-01-02-01-02-02-04,3,speech,2,calm,normal,dogsdoor,2,4,female,True,48000,3.57025,1,PCM_16,
../data/Actor_04/03-01-02-02-01-01-04.wav,03-01-02-02-01-01-04,3,speech,2,calm,strong,kidsdoor,1,4,female,True,48000,3.970625,1,PCM_16,
../data/Actor_04/03-01-02-02-01-02-04.wav,03-01-02-02-01-02-04,3,speech,2,calm,strong,kidsdoor,2,4,female,True,48000,3.8038125,1,PCM_16,
../data/Actor_04/03-01-02-02-02-01-04.wav,03-01-02-02-02-01-04,3,speech,2,calm,strong,dogsdoor,1,4,female,True,48000,3.8037916666666667,1,PCM_16,
../data/Actor_04/03-01-02-02-02-02-04.wav,03-01-02-02-02-02-04,3,speech,2,calm,strong,dogsdoor,2,4,female,True,48000,4.037375,1,PCM_16,
../data/Actor_04/03-01-03-01-01-01-04.wav,03-01-03-01-01-01-04,3,speech,3,happy,normal,kidsdoor,1,4,female,True,48000,3.5035,1,PCM_16,
../data/Actor_04/03-01-03-01-01-02-04.wav,03-01-03-01-01-02-04,3,speech,3,happy,normal,kidsdoor,2,4,female,True,48000,3.5368541666666666,1,PCM_16,
../data/Actor_04/03-01-03-01-02-01-04.wav,03-01-03-01-02-01-04,3,speech,3,happy,normal,dogsdoor,1,4,female,True,48000,3.5035,1,PCM_16,
../data/Actor_04/03-01-03-01-02-02-04.wav,03-01-03-01-02-02-04,3,speech,3,happy,normal,dogsdoor,2,4,female,True,48000,3.4367708333333336,1,PCM_16,
../data/Actor_04/03-01-03-02-01-01-04.wav,03-01-03-02-01-01-04,3,speech,3,happy,strong,kidsdoor,1,4,female,True,48000,3.8705416666666665,1,PCM_16,
../data/Actor_04/03-01-03-02-01-02-04.wav,03-01-03-02-01-02-04,3,speech,3,happy,strong,kidsdoor,2,4,female,True,48000,3.5702291666666666,1,PCM_16,
../data/Actor_04/03-01-03-02-02-01-04.wav,03-01-03-02-02-01-04,3,speech,3,happy,strong,dogsdoor,1,4,female,True,48000,3.6036041666666665,1,PCM_16,
../data/Actor_04/03-01-03-02-02-02-04.wav,03-01-03-02-02-02-04,3,speech,3,happy,strong,dogsdoor,2,4,female,True,48000,3.7704166666666667,1,PCM_16,
../data/Actor_04/03-01-04-01-01-01-04.wav,03-01-04-01-01-01-04,3,speech,4,sad,normal,kidsdoor,1,4,female,True,48000,3.370041666666667,1,PCM_16,
../data/Actor_04/03-01-04-01-01-02-04.wav,03-01-04-01-01-02-04,3,speech,4,sad,normal,kidsdoor,2,4,female,True,48000,3.403395833333333,1,PCM_16,
../data/Actor_04/03-01-04-01-02-01-04.wav,03-01-04-01-02-01-04,3,speech,4,sad,normal,dogsdoor,1,4,female,True,48000,3.4367708333333336,1,PCM_16,
../data/Actor_04/03-01-04-01-02-02-04.wav,03-01-04-01-02-02-04,3,speech,4,sad,normal,dogsdoor,2,4,female,True,48000,3.470125,1,PCM_16,
../data/Actor_04/03-01-04-02-01-01-04.wav,03-01-04-02-01-01-04,3,speech,4,sad,strong,kidsdoor,1,4,female,True,48000,3.6703333333333332,1,PCM_16,
../data/Actor_04/03-01-04-02-01-02-04.wav,03-01-04-02-01-02-04,3,speech,4,sad,strong,kidsdoor,2,4,female,True,48000,3.7704375,1,PCM_16,
../data/Actor_04/03-01-04-02-02-01-04.wav,03-01-04-02-02-01-04,3,speech,4,sad,strong,dogsdoor,1,4,female,True,48000,3.7704375,1,PCM_16,
../data/Actor_04/03-01-04-02-02-02-04.wav,03-01-04-02-02-02-04,3,speech,4,sad,strong,dogsdoor,2,4,female,True,48000,3.7704375,1,PCM_16,
../data/Actor_04/03-01-05-01-01-01-04.wav,03-01-05-01-01-01-04,3,speech,5,angry,normal,kidsdoor,1,4,female,True,48000,3.703708333333333,1,PCM_16,
../data/Actor_04/03-01-05-01-01-02-04.wav,03-01-05-01-01-02-04,3,speech,5,angry,normal,kidsdoor,2,4,female,True,48000,3.6036041666666665,1,PCM_16,
../data/Actor_04/03-01-05-01-02-01-04.wav,03-01-05-01-02-01-04,3,speech,5,angry,normal,dogsdoor,1,4,female,True,48000,3.470125,1,PCM_16,
../data/Actor_04/03-01-05-01-02-02-04.wav,03-01-05-01-02-02-04,3,speech,5,angry,normal,dogsdoor,2,4,female,True,48000,3.7370625,1,PCM_16,
../data/Actor_04/03-01-05-02-01-01-04.wav,03-01-05-02-01-01-04,3,speech,5,angry,strong,kidsdoor,1,4,female,True,48000,3.7704375,1,PCM_16,
../data/Actor_04/03-01-05-02-01-02-04.wav,03-01-05-02-01-02-04,3,speech,5,angry,strong,kidsdoor,2,4,female,True,48000,3.8705208333333334,1,PCM_16,
../data/Actor_04/03-01-05-02-02-01-04.wav,03-01-05-02-02-01-04,3,speech,5,angry,strong,dogsdoor,1,4,female,True,48000,3.7036875,1,PCM_16,
../data/Actor_04/03-01-05-02-02-02-04.wav,03-01-05-02-02-02-04,3,speech,5,angry,strong,dogsdoor,2,4,female,True,48000,3.8371666666666666,1,PCM_16,
../data/Actor_04/03-01-06-01-01-01-04.wav,03-01-06-01-01-01-04,3,speech,6,fearful,normal,kidsdoor,1,4,female,True,48000,3.3032916666666665,1,PCM_16,
../data/Actor_04/03-01-06-01-01-02-04.wav,03-01-06-01-01-02-04,3,speech,6,fearful,normal,kidsdoor,2,4,female,True,48000,3.2365833333333334,1,PCM_16,
../data/Actor_04/03-01-06-01-02-01-04.wav,03-01-06-01-02-01-04,3,speech,6,fearful,normal,dogsdoor,1,4,female,True,48000,3.470125,1,PCM_16,
../data/Actor_04/03-01-06-01-02-02-04.wav,03-01-06-01-02-02-04,3,speech,6,fearful,normal,dogsdoor,2,4,female,True,48000,3.470125,1,PCM_16,
../data/Actor_04/03-01-06-02-01-01-04.wav,03-01-06-02-01-01-04,3,speech,6,fearful,strong,kidsdoor,1,4,female,True,48000,3.9372708333333333,1,PCM_16,
../data/Actor_04/03-01-06-02-01-02-04.wav,03-01-06-02-01-02-04,3,speech,6,fearful,strong,kidsdoor,2,4,female,True,48000,3.403395833333333,1,PCM_16,
../data/Actor_04/03-01-06-02-02-01-04.wav,03-01-06-02-02-01-04,3,speech,6,fearful,strong,dogsdoor,1,4,female,True,48000,3.6036041666666665,1,PCM_16,
../data/Actor_04/03-01-06-02-02-02-04.wav,03-01-06-02-02-02-04,3,speech,6,fearful,strong,dogsdoor,2,4,female,True,48000,3.5702291666666666,1,PCM_16,
../data/Actor_04/03-01-07-01-01-01-04.wav,03-01-07-01-01-01-04,3,speech,7,disgust,normal,kidsdoor,1,4,female,True,48000,3.9039166666666665,1,PCM_16,
../data/Actor_04/03-01-07-01-01-02-04.wav,03-01-07-01-01-02-04,3,speech,7,disgust,normal,kidsdoor,2,4,female,True,48000,3.9038958333333333,1,PCM_16,
../data/Actor_04/03-01-07-01-02-01-04.wav,03-01-07-01-02-01-04,3,speech,7,disgust,normal,dogsdoor,1,4,female,True,48000,3.7704375,1,PCM_16,
../data/Actor_04/03-01-07-01-02-02-04.wav,03-01-07-01-02-02-04,3,speech,7,disgust,normal,dogsdoor,2,4,female,True,48000,3.8038125,1,PCM_16,
../data/Actor_04/03-01-07-02-01-01-04.wav,03-01-07-02-01-01-04,3,speech,7,disgust,strong,kidsdoor,1,4,female,True,48000,4.004,1,PCM_16,
../data/Actor_04/03-01-07-02-01-02-04.wav,03-01-07-02-01-02-04,3,speech,7,disgust,strong,kidsdoor,2,4,female,True,48000,4.037375,1,PCM_16,
../data/Actor_04/03-01-07-02-02-01-04.wav,03-01-07-02-02-01-04,3,speech,7,disgust,strong,dogsdoor,1,4,female,True,48000,3.8705416666666665,1,PCM_16,
../data/Actor_04/03-01-07-02-02-02-04.wav,03-01-07-02-02-02-04,3,speech,7,disgust,strong,dogsdoor,2,4,female,True,48000,3.9372708333333333,1,PCM_16,
../data/Actor_04/03-01-08-01-01-01-04.wav,03-01-08-01-01-01-04,3,speech,8,surprised,normal,kidsdoor,1,4,female,True,48000,3.2365833333333334,1,PCM_16,
../data/Actor_04/03-01-08-01-01-02-04.wav,03-01-08-01-01-02-04,3,speech,8,surprised,normal,kidsdoor,2,4,female,True,48000,3.3366666666666664,1,PCM_16,
../data/Actor_04/03-01-08-01-02-01-04.wav,03-01-08-01-02-01-04,3,speech,8,surprised,normal,dogsdoor,1,4,female,True,48000,3.6369583333333333,1,PCM_16,
../data/Actor_04/03-01-08-01-02-02-04.wav,03-01-08-01-02-02-04,3,speech,8,surprised,normal,dogsdoor,2,4,female,True,48000,3.43675,1,PCM_16,
../data/Actor_04/03-01-08-02-01-01-04.wav,03-01-08-02-01-01-04,3,speech,8,surprised,strong,kidsdoor,1,4,female,True,48000,3.6703333333333332,1,PCM_16,
../data/Actor_04/03-01-08-02-01-02-04.wav,03-01-08-02-01-02-04,3,speech,8,surprised,strong,kidsdoor,2,4,female,True,48000,3.5702291666666666,1,PCM_16,
../data/Actor_04/03-01-08-02-02-01-04.wav,03-01-08-02-02-01-04,3,speech,8,surprised,strong,dogsdoor,1,4,female,True,48000,3.470125,1,PCM_16,
../data/Actor_04/03-01-08-02-02-02-04.wav,03-01-08-02-02-02-04,3,speech,8,surprised,strong,dogsdoor,2,4,female,True,48000,3.5368541666666666,1,PCM_16,
../data/Actor_04/03-02-01-01-01-01-04.wav,03-02-01-01-01-01-04,3,song,1,neutral,normal,kidsdoor,1,4,female,True,48000,4.371041666666667,1,PCM_16,
../data/Actor_04/03-02-01-01-01-02-04.wav,03-02-01-01-01-02-04,3,song,1,neutral,normal,kidsdoor,2,4,female,True,48000,4.2709166666666665,1,PCM_16,
../data/Actor_04/03-02-01-01-02-01-04.wav,03-02-01-01-02-01-04,3,song,1,neutral,normal,dogsdoor,1,4,female,True,48000,4.304291666666667,1,PCM_16,
../data/Actor_04/03-02-01-01-02-02-04.wav,03-02-01-01-02-02-04,3,song,1,neutral,normal,dogsdoor,2,4,female,True,48000,4.3043125,1,PCM_16,
../data/Actor_04/03-02-02-01-01-01-04.wav,03-02-02-01-01-01-04,3,song,2,calm,normal,kidsdoor,1,4,female,True,48000,4.5045,1,PCM_16,
../data/Actor_04/03-02-02-01-01-02-04.wav,03-02-02-01-01-02-04,3,song,2,calm,normal,kidsdoor,2,4,female,True,48000,4.604604166666666,1,PCM_16,
../data/Actor_04/03-02-02-01-02-01-04.wav,03-02-02-01-02-01-04,3,song,2,calm,normal,dogsdoor,1,4,female,True,48000,4.5045,1,PCM_16,
../data/Actor_04/03-02-02-01-02-02-04.wav,03-02-02-01-02-02-04,3,song,2,calm,normal,dogsdoor,2,4,female,True,48000,4.571229166666667,1,PCM_16,
../data/Actor_04/03-02-02-02-01-01-04.wav,03-02-02-02-01-01-04,3,song,2,calm,strong,kidsdoor,1,4,female,True,48000,5.305291666666666,1,PCM_16,
../data/Actor_04/03-02-02-02-01-02-04.wav,03-02-02-02-01-02-04,3,song,2,calm,strong,kidsdoor,2,4,female,True,48000,5.205208333333333,1,PCM_16,
../data/Actor_04/03-02-02-02-02-01-04.wav,03-02-02-02-02-01-04,3,song,2,calm,strong,dogsdoor,1,4,female,True,48000,5.905895833333333,1,PCM_16,
../data/Actor_04/03-02-02-02-02-02-04.wav,03-02-02-02-02-02-04,3,song,2,calm,strong,dogsdoor,2,4,female,True,48000,4.838166666666667,1,PCM_16,
../data/Actor_04/03-02-03-01-01-01-04.wav,03-02-03-01-01-01-04,3,song,3,happy,normal,kidsdoor,1,4,female,True,48000,4.404416666666667,1,PCM_16,
../data/Actor_04/03-02-03-01-01-02-04.wav,03-02-03-01-01-02-04,3,song,3,happy,normal,kidsdoor,2,4,female,True,48000,4.337666666666666,1,PCM_16,
../data/Actor_04/03-02-03-01-02-01-04.wav,03-02-03-01-02-01-04,3,song,3,happy,normal,dogsdoor,1,4,female,True,48000,4.371041666666667,1,PCM_16,
../data/Actor_04/03-02-03-01-02-02-04.wav,03-02-03-01-02-02-04,3,song,3,happy,normal,dogsdoor,2,4,female,True,48000,4.471145833333333,1,PCM_16,
../data/Actor_04/03-02-03-02-01-01-04.wav,03-02-03-02-01-01-04,3,song,3,happy,strong,kidsdoor,1,4,female,True,48000,4.2709375,1,PCM_16,
../data/Actor_04/03-02-03-02-01-02-04.wav,03-02-03-02-01-02-04,3,song,3,happy,strong,kidsdoor,2,4,female,True,48000,4.2709166666666665,1,PCM_16,
../data/Actor_04/03-02-03-02-02-01-04.wav,03-02-03-02-02-01-04,3,song,3,happy,strong,dogsdoor,1,4,female,True,48000,4.2709375,1,PCM_16,
../data/Actor_04/03-02-03-02-02-02-04.wav,03-02-03-02-02-02-04,3,song,3,happy,strong,dogsdoor,2,4,female,True,48000,4.2709166666666665,1,PCM_16,
../data/Actor_04/03-02-04-01-01-01-04.wav,03-02-04-01-01-01-04,3,song,4,sad,normal,kidsdoor,1,4,female,True,48000,4.571229166666667,1,PCM_16,
../data/Actor_04/03-02-04-01-01-02-04.wav,03-02-04-01-01-02-04,3,song,4,sad,normal,kidsdoor,2,4,female,True,48000,4.671333333333333,1,PCM_16,
../data/Actor_04/03-02-04-01-02-01-04.wav,03-02-04-01-02-01-04,3,song,4,sad,normal,dogsdoor,1,4,female,True,48000,4.404416666666667,1,PCM_16,
../data/Actor_04/03-02-04-01-02-02-04.wav,03-02-04-01-02-02-04,3,song,4,sad,normal,dogsdoor,2,4,female,True,48000,4.671333333333333,1,PCM_16,
../data/Actor_04/03-02-04-02-01-01-04.wav,03-02-04-02-01-01-04,3,song,4,sad,strong,kidsdoor,1,4,female,True,48000,4.2375625,1,PCM_16,
../data/Actor_04/03-02-04-02-01-02-04.wav,03-02-04-02-01-02-04,3,song,4,sad,strong,kidsdoor,2,4,female,True,48000,4.2709166666666665,1,PCM_16,
../data/Actor_04/03-02-04-02-02-01-04.wav,03-02-04-02-02-01-04,3,song,4,sad,strong,dogsdoor,1,4,female,True,48000,4.337666666666666,1,PCM_16,
../data/Actor_04/03-02-04-02-02-02-04.wav,03-02-04-02-02-02-04,3,song,4,sad,strong,dogsdoor,2,4,female,True,48000,4.304291666666667,1,PCM_16,
../data/Actor_04/03-02-05-01-01-01-04.wav,03-02-05-01-01-01-04,3,song,5,angry,normal,kidsdoor,1,4,female,True,48000,4.104104166666667,1,PCM_16,
../data/Actor_04/03-02-05-01-01-02-04.wav,03-02-05-01-01-02-04,3,song,5,angry,normal,kidsdoor,2,4,female,True,48000,4.104104166666667,1,PCM_16,
../data/Actor_04/03-02-05-01-02-01-04.wav,03-02-05-01-02-01-04,3,song,5,angry,normal,dogsdoor,1,4,female,True,48000,4.037354166666667,1,PCM_16,
../data/Actor_04/03-02-05-01-02-02-04.wav,03-02-05-01-02-02-04,3,song,5,angry,normal,dogsdoor,2,4,female,True,48000,4.070729166666666,1,PCM_16,
../data/Actor_04/03-02-05-02-01-01-04.wav,03-02-05-02-01-01-04,3,song,5,angry,strong,kidsdoor,1,4,female,True,48000,4.070729166666666,1,PCM_16,
../data/Actor_04/03-02-05-02-01-02-04.wav,03-02-05-02-01-02-04,3,song,5,angry,strong,kidsdoor,2,4,female,True,48000,4.070729166666666,1,PCM_16,
../data/Actor_04/03-02-05-02-02-01-04.wav,03-02-05-02-02-01-04,3,song,5,angry,strong,dogsdoor,1,4,female,True,48000,4.004,1,PCM_16,
../data/Actor_04/03-02-05-02-02-02-04.wav,03-02-05-02-02-02-04,3,song,5,angry,strong,dogsdoor,2,4,female,True,48000,4.037354166666667,1,PCM_16,
../data/Actor_04/03-02-06-01-01-01-04.wav,03-02-06-01-01-01-04,3,song,6,fearful,normal,kidsdoor,1,4,female,True,48000,4.2709375,1,PCM_16,
../data/Actor_04/03-02-06-01-01-02-04.wav,03-02-06-01-01-02-04,3,song,6,fearful,normal,kidsdoor,2,4,female,True,48000,4.004,1,PCM_16,
../data/Actor_04/03-02-06-01-02-01-04.wav,03-02-06-01-02-01-04,3,song,6,fearful,normal,dogsdoor,1,4,female,True,48000,4.004,1,PCM_16,
../data/Actor_04/03-02-06-01-02-02-04.wav,03-02-06-01-02-02-04,3,song,6,fearful,normal,dogsdoor,2,4,female,True,48000,3.970625,1,PCM_16,
../data/Actor_04/03-02-06-02-01-01-04.wav,03-02-06-02-01-01-04,3,song,6,fearful,strong,kidsdoor,1,4,female,True,48000,4.137458333333333,1,PCM_16,
../data/Actor_04/03-02-06-02-01-02-04.wav,03-02-06-02-01-02-04,3,song,6,fearful,strong,kidsdoor,2,4,female,True,48000,4.137479166666667,1,PCM_16,
../data/Actor_04/03-02-06-02-02-01-04.wav,03-02-06-02-02-01-04,3,song,6,fearful,strong,dogsdoor,1,4,female,True,48000,4.037354166666667,1,PCM_16,
../data/Actor_04/03-02-06-02-02-02-04.wav,03-02-06-02-02-02-04,3,song,6,fearful,strong,dogsdoor,2,4,female,True,48000,3.9372708333333333,1,PCM_16,
../data/Actor_05/03-01-01-01-01-01-05.wav,03-01-01-01-01-01-05,3,speech,1,neutral,normal,kidsdoor,1,5,male,True,48000,3.6036041666666665,1,PCM_16,
../data/Actor_05/03-01-01-01-01-02-05.wav,03-01-01-01-01-02-05,3,speech,1,neutral,normal,kidsdoor,2,5,male,True,48000,3.636979166666667,1,PCM_16,
../data/Actor_05/03-01-01-01-02-01-05.wav,03-01-01-01-02-01-05,3,speech,1,neutral,normal,dogsdoor,1,5,male,True,48000,3.103083333333333,1,PCM_16,
../data/Actor_05/03-01-01-01-02-02-05.wav,03-01-01-01-02-02-05,3,speech,1,neutral,normal,dogsdoor,2,5,male,True,48000,3.6036041666666665,1,PCM_16,
../data/Actor_05/03-01-02-01-01-01-05.wav,03-01-02-01-01-01-05,3,speech,2,calm,normal,kidsdoor,1,5,male,True,48000,4.037354166666667,1,PCM_16,
../data/Actor_05/03-01-02-01-01-02-05.wav,03-01-02-01-01-02-05,3,speech,2,calm,normal,kidsdoor,2,5,male,True,48000,4.104104166666667,1,PCM_16,
../data/Actor_05/03-01-02-01-02-01-05.wav,03-01-02-01-02-01-05,3,speech,2,calm,normal,dogsdoor,1,5,male,True,48000,4.137479166666667,1,PCM_16,
../data/Actor_05/03-01-02-01-02-02-05.wav,03-01-02-01-02-02-05,3,speech,2,calm,normal,dogsdoor,2,5,male,True,48000,4.2375625,2,PCM_16,
../data/Actor_05/03-01-02-02-01-01-05.wav,03-01-02-02-01-01-05,3,speech,2,calm,strong,kidsdoor,1,5,male,True,48000,4.7380625,1,PCM_16,
../data/Actor_05/03-01-02-02-01-02-05.wav,03-01-02-02-01-02-05,3,speech,2,calm,strong,kidsdoor,2,5,male,True,48000,4.5045,1,PCM_16,
../data/Actor_05/03-01-02-02-02-01-05.wav,03-01-02-02-02-01-05,3,speech,2,calm,strong,dogsdoor,1,5,male,True,48000,4.7714375,1,PCM_16,
../data/Actor_05/03-01-02-02-02-02-05.wav,03-01-02-02-02-02-05,3,speech,2,calm,strong,dogsdoor,2,5,male,True,48000,4.304291666666667,1,PCM_16,
../data/Actor_05/03-01-03-01-01-01-05.wav,03-01-03-01-01-01-05,3,speech,3,happy,normal,kidsdoor,1,5,male,True,48000,4.004,1,PCM_16,
../data/Actor_05/03-01-03-01-01-02-05.wav,03-01-03-01-01-02-05,3,speech,3,happy,normal,kidsdoor,2,5,male,True,48000,3.2365625,1,PCM_16,
../data/Actor_05/03-01-03-01-02-01-05.wav,03-01-03-01-02-01-05,3,speech,3,happy,normal,dogsdoor,1,5,male,True,48000,3.3700208333333332,1,PCM_16,
../data/Actor_05/03-01-03-01-02-02-05.wav,03-01-03-01-02-02-05,3,speech,3,happy,normal,dogsdoor,2,5,male,True,48000,3.7704375,1,PCM_16,
../data/Actor_05/03-01-03-02-01-01-05.wav,03-01-03-02-01-01-05,3,speech,3,happy,strong,kidsdoor,1,5,male,True,48000,4.137479166666667,1,PCM_16,
../data/Actor_05/03-01-03-02-01-02-05.wav,03-01-03-02-01-02-05,3,speech,3,happy,strong,kidsdoor,2,5,male,True,48000,3.8705416666666665,1,PCM_16,
../data/Actor_05/03-01-03-02-02-01-05.wav,03-01-03-02-02-01-05,3,speech,3,happy,strong,dogsdoor,1,5,male,True,48000,3.6035833333333334,1,PCM_16,
../data/Actor_05/03-01-03-02-02-02-05.wav,03-01-03-02-02-02-05,3,speech,3,happy,strong,dogsdoor,2,5,male,True,48000,3.403395833333333,1,PCM_16,
../data/Actor_05/03-01-04-01-01-01-05.wav,03-01-04-01-01-01-05,3,speech,4,sad,normal,kidsdoor,1,5,male,True,48000,3.2699375,1,PCM_16,
../data/Actor_05/03-01-04-01-01-02-05.wav,03-01-04-01-01-02-05,3,speech,4,sad,normal,kidsdoor,2,5,male,True,48000,3.6369583333333333,1,PCM_16,
../data/Actor_05/03-01-04-01-02-01-05.wav,03-01-04-01-02-01-05,3,speech,4,sad,normal,dogsdoor,1,5,male,True,48000,3.1031041666666668,1,PCM_16,
../data/Actor_05/03-01-04-01-02-02-05.wav,03-01-04-01-02-02-05,3,speech,4,sad,normal,dogsdoor,2,5,male,True,48000,3.7036875,1,PCM_16,
../data/Actor_05/03-01-04-02-01-01-05.wav,03-01-04-02-01-01-05,3,speech,4,sad,strong,kidsdoor,1,5,male,True,48000,3.5368541666666666,1,PCM_16,
../data/Actor_05/03-01-04-02-01-02-05.wav,03-01-04-02-01-02-05,3,speech,4,sad,strong,kidsdoor,2,5,male,True,48000,3.2699375,1,PCM_16,
../data/Actor_05/03-01-04-02-02-01-05.wav,03-01-04-02-02-01-05,3,speech,4,sad,strong,dogsdoor,1,5,male,True,48000,3.2699166666666666,1,PCM_16,
../data/Actor_05/03-01-04-02-02-02-05.wav,03-01-04-02-02-02-05,3,speech,4,sad,strong,dogsdoor,2,5,male,True,48000,3.1364791666666667,1,PCM_16,
../data/Actor_05/03-01-05-01-01-01-05.wav,03-01-05-01-01-01-05,3,speech,5,angry,normal,kidsdoor,1,5,male,True,48000,3.8705416666666665,1,PCM_16,
../data/Actor_05/03-01-05-01-01-02-05.wav,03-01-05-01-01-02-05,3,speech,5,angry,normal,kidsdoor,2,5,male,True,48000,3.8037916666666667,1,PCM_16,
../data/Actor_05/03-01-05-01-02-01-05.wav,03-01-05-01-02-01-05,3,speech,5,angry,normal,dogsdoor,1,5,male,True,48000,4.070729166666666,1,PCM_16,
../data/Actor_05/03-01-05-01-02-02-05.wav,03-01-05-01-02-02-05,3,speech,5,angry,normal,dogsdoor,2,5,male,True,48000,4.404395833333333,1,PCM_16,
../data/Actor_05/03-01-05-02-01-01-05.wav,03-01-05-02-01-01-05,3,speech,5,angry,strong,kidsdoor,1,5,male,True,48000,3.403395833333333,1,PCM_16,
../data/Actor_05/03-01-05-02-01-02-05.wav,03-01-05-02-01-02-05,3,speech,5,angry,strong,kidsdoor,2,5,male,True,48000,3.5702291666666666,1,PCM_16,
../data/Actor_05/03-01-05-02-02-01-05.wav,03-01-05-02-02-01-05,3,speech,5,angry,strong,dogsdoor,1,5,male,True,48000,3.6369583333333333,1,PCM_16,
../data/Actor_05/03-01-05-02-02-02-05.wav,03-01-05-02-02-02-05,3,speech,5,angry,strong,dogsdoor,2,5,male,True,48000,3.636979166666667,1,PCM_16,
../data/Actor_05/03-01-06-01-01-01-05.wav,03-01-06-01-01-01-05,3,speech,6,fearful,normal,kidsdoor,1,5,male,True,48000,3.1364791666666667,1,PCM_16,
../data/Actor_05/03-01-06-01-01-02-05.wav,03-01-06-01-01-02-05,3,speech,6,fearful,normal,kidsdoor,2,5,male,True,48000,3.3700208333333332,1,PCM_16,
../data/Actor_05/03-01-06-01-02-01-05.wav,03-01-06-01-02-01-05,3,speech,6,fearful,normal,dogsdoor,1,5,male,True,48000,3.136458333333333,1,PCM_16,
../data/Actor_05/03-01-06-01-02-02-05.wav,03-01-06-01-02-02-05,3,speech,6,fearful,normal,dogsdoor,2,5,male,True,48000,3.069729166666667,1,PCM_16,
../data/Actor_05/03-01-06-02-01-01-05.wav,03-01-06-02-01-01-05,3,speech,6,fearful,strong,kidsdoor,1,5,male,True,48000,3.2365625,1,PCM_16,
../data/Actor_05/03-01-06-02-01-02-05.wav,03-01-06-02-01-02-05,3,speech,6,fearful,strong,kidsdoor,2,5,male,True,48000,3.5702291666666666,1,PCM_16,
../data/Actor_05/03-01-06-02-02-01-05.wav,03-01-06-02-02-01-05,3,speech,6,fearful,strong,dogsdoor,1,5,male,True,48000,3.2365625,1,PCM_16,
../data/Actor_05/03-01-06-02-02-02-05.wav,03-01-06-02-02-02-05,3,speech,6,fearful,strong,dogsdoor,2,5,male,True,48000,3.1031041666666668,1,PCM_16,
../data/Actor_05/03-01-07-01-01-01-05.wav,03-01-07-01-01-01-05,3,speech,7,disgust,normal,kidsdoor,1,5,male,True,48000,4.337666666666666,1,PCM_16,
../data/Actor_05/03-01-07-01-01-02-05.wav,03-01-07-01-01-02-05,3,speech,7,disgust,normal,kidsdoor,2,5,male,True,48000,4.104104166666667,1,PCM_16,
../data/Actor_05/03-01-07-01-02-01-05.wav,03-01-07-01-02-01-05,3,speech,7,disgust,normal,dogsdoor,1,5,male,True,48000,3.9038958333333333,1,PCM_16,
../data/Actor_05/03-01-07-01-02-02-05.wav,03-01-07-01-02-02-05,3,speech,7,disgust,normal,dogsdoor,2,5,male,True,48000,3.7370625,1,PCM_16,
../data/Actor_05/03-01-07-02-01-01-05.wav,03-01-07-02-01-01-05,3,speech,7,disgust,strong,kidsdoor,1,5,male,True,48000,4.337666666666666,1,PCM_16,
../data/Actor_05/03-01-07-02-01-02-05.wav,03-01-07-02-01-02-05,3,speech,7,disgust,strong,kidsdoor,2,5,male,True,48000,3.9038958333333333,1,PCM_16,
../data/Actor_05/03-01-07-02-02-01-05.wav,03-01-07-02-02-01-05,3,speech,7,disgust,strong,dogsdoor,1,5,male,True,48000,4.2709375,1,PCM_16,
../data/Actor_05/03-01-07-02-02-02-05.wav,03-01-07-02-02-02-05,3,speech,7,disgust,strong,dogsdoor,2,5,male,True,48000,4.537875,1,PCM_16,
../data/Actor_05/03-01-08-01-01-01-05.wav,03-01-08-01-01-01-05,3,speech,8,surprised,normal,kidsdoor,1,5,male,True,48000,3.7370625,1,PCM_16,
../data/Actor_05/03-01-08-01-01-02-05.wav,03-01-08-01-01-02-05,3,speech,8,surprised,normal,kidsdoor,2,5,male,True,48000,3.6703333333333332,1,PCM_16,
../data/Actor_05/03-01-08-01-02-01-05.wav,03-01-08-01-02-01-05,3,speech,8,surprised,normal,dogsdoor,1,5,male,True,48000,3.069729166666667,1,PCM_16,
../data/Actor_05/03-01-08-01-02-02-05.wav,03-01-08-01-02-02-05,3,speech,8,surprised,normal,dogsdoor,2,5,male,True,48000,3.7036875,1,PCM_16,
../data/Actor_05/03-01-08-02-01-01-05.wav,03-01-08-02-01-01-05,3,speech,8,surprised,strong,kidsdoor,1,5,male,True,48000,4.137479166666667,1,PCM_16,
../data/Actor_05/03-01-08-02-01-02-05.wav,03-01-08-02-01-02-05,3,speech,8,surprised,strong,kidsdoor,2,5,male,True,48000,4.104104166666667,1,PCM_16,
../data/Actor_05/03-01-08-02-02-01-05.wav,03-01-08-02-02-01-05,3,speech,8,surprised,strong,dogsdoor,1,5,male,True,48000,3.6703333333333332,1,PCM_16,
../data/Actor_05/03-01-08-02-02-02-05.wav,03-01-08-02-02-02-05,3,speech,8,surprised,strong,dogsdoor,2,5,male,True,48000,3.536875,1,PCM_16,
../data/Actor_05/03-02-01-01-01-01-05.wav,03-02-01-01-01-01-05,3,song,1,neutral,normal,kidsdoor,1,5,male,True,48000,4.637958333333334,1,PCM_16,
../data/Actor_05/03-02-01-01-01-02-05.wav,03-02-01-01-01-02-05,3,song,1,neutral,normal,kidsdoor,2,5,male,True,48000,4.604604166666666,1,PCM_16,
../data/Actor_05/03-02-01-01-02-01-05.wav,03-02-01-01-02-01-05,3,song,1,neutral,normal,dogsdoor,1,5,male,True,48000,4.671333333333333,1,PCM_16,
../data/Actor_05/03-02-01-01-02-02-05.wav,03-02-01-01-02-02-05,3,song,1,neutral,normal,dogsdoor,2,5,male,True,48000,4.571229166666667,1,PCM_16,
../data/Actor_05/03-02-02-01-01-01-05.wav,03-02-02-01-01-01-05,3,song,2,calm,normal,kidsdoor,1,5,male,True,48000,5.405395833333333,1,PCM_16,
../data/Actor_05/03-02-02-01-01-02-05.wav,03-02-02-01-01-02-05,3,song,2,calm,normal,kidsdoor,2,5,male,True,48000,5.839166666666666,1,PCM_16,
../data/Actor_05/03-02-02-01-02-01-05.wav,03-02-02-01-02-01-05,3,song,2,calm,normal,dogsdoor,1,5,male,True,48000,5.071729166666667,1,PCM_16,
../data/Actor_05/03-02-02-01-02-02-05.wav,03-02-02-01-02-02-05,3,song,2,calm,normal,dogsdoor,2,5,male,True,48000,5.138458333333333,1,PCM_16,
../data/Actor_05/03-02-02-02-01-01-05.wav,03-02-02-02-01-01-05,3,song,2,calm,strong,kidsdoor,1,5,male,True,48000,6.106104166666666,1,PCM_16,
../data/Actor_05/03-02-02-02-01-02-05.wav,03-02-02-02-01-02-05,3,song,2,calm,strong,kidsdoor,2,5,male,True,48000,6.172833333333333,1,PCM_16,
../data/Actor_05/03-02-02-02-02-01-05.wav,03-02-02-02-02-01-05,3,song,2,calm,strong,dogsdoor,1,5,male,True,48000,5.839166666666666,1,PCM_16,
../data/Actor_05/03-02-02-02-02-02-05.wav,03-02-02-02-02-02-05,3,song,2,calm,strong,dogsdoor,2,5,male,True,48000,6.006,1,PCM_16,
../data/Actor_05/03-02-03-01-01-01-05.wav,03-02-03-01-01-01-05,3,song,3,happy,normal,kidsdoor,1,5,male,True,48000,3.970645833333333,1,PCM_16,
../data/Actor_05/03-02-03-01-01-02-05.wav,03-02-03-01-01-02-05,3,song,3,happy,normal,kidsdoor,2,5,male,True,48000,4.1040833333333335,1,PCM_16,
../data/Actor_05/03-02-03-01-02-01-05.wav,03-02-03-01-02-01-05,3,song,3,happy,normal,dogsdoor,1,5,male,True,48000,4.437770833333333,1,PCM_16,
../data/Actor_05/03-02-03-01-02-02-05.wav,03-02-03-01-02-02-05,3,song,3,happy,normal,dogsdoor,2,5,male,True,48000,4.204208333333334,1,PCM_16,
../data/Actor_05/03-02-03-02-01-01-05.wav,03-02-03-02-01-01-05,3,song,3,happy,strong,kidsdoor,1,5,male,True,48000,5.2051875,1,PCM_16,
../data/Actor_05/03-02-03-02-01-02-05.wav,03-02-03-02-01-02-05,3,song,3,happy,strong,kidsdoor,2,5,male,True,48000,4.871520833333333,1,PCM_16,
../data/Actor_05/03-02-03-02-02-01-05.wav,03-02-03-02-02-01-05,3,song,3,happy,strong,dogsdoor,1,5,male,True,48000,4.637979166666667,1,PCM_16,
../data/Actor_05/03-02-03-02-02-02-05.wav,03-02-03-02-02-02-05,3,song,3,happy,strong,dogsdoor,2,5,male,True,48000,5.005,1,PCM_16,
../data/Actor_05/03-02-04-01-01-01-05.wav,03-02-04-01-01-01-05,3,song,4,sad,normal,kidsdoor,1,5,male,True,48000,5.5055,1,PCM_16,
../data/Actor_05/03-02-04-01-01-02-05.wav,03-02-04-01-01-02-05,3,song,4,sad,normal,kidsdoor,2,5,male,True,48000,5.5055,1,PCM_16,
../data/Actor_05/03-02-04-01-02-01-05.wav,03-02-04-01-02-01-05,3,song,4,sad,normal,dogsdoor,1,5,male,True,48000,5.07175,1,PCM_16,
../data/Actor_05/03-02-04-01-02-02-05.wav,03-02-04-01-02-02-05,3,song,4,sad,normal,dogsdoor,2,5,male,True,48000,5.038375,1,PCM_16,
../data/Actor_05/03-02-04-02-01-01-05.wav,03-02-04-02-01-01-05,3,song,4,sad,strong,kidsdoor,1,5,male,True,48000,4.137458333333333,1,PCM_16,
../data/Actor_05/03-02-04-02-01-02-05.wav,03-02-04-02-01-02-05,3,song,4,sad,strong,kidsdoor,2,5,male,True,48000,4.2709375,1,PCM_16,
../data/Actor_05/03-02-04-02-02-01-05.wav,03-02-04-02-02-01-05,3,song,4,sad,strong,dogsdoor,1,5,male,True,48000,4.9716458333333335,1,PCM_16,
../data/Actor_05/03-02-04-02-02-02-05.wav,03-02-04-02-02-02-05,3,song,4,sad,strong,dogsdoor,2,5,male,True,48000,4.337666666666666,1,PCM_16,
../data/Actor_05/03-02-05-01-01-01-05.wav,03-02-05-01-01-01-05,3,song,5,angry,normal,kidsdoor,1,5,male,True,48000,5.171833333333334,1,PCM_16,
../data/Actor_05/03-02-05-01-01-02-05.wav,03-02-05-01-01-02-05,3,song,5,angry,normal,kidsdoor,2,5,male,True,48000,4.838166666666667,1,PCM_16,
../data/Actor_05/03-02-05-01-02-01-05.wav,03-02-05-01-02-01-05,3,song,5,angry,normal,dogsdoor,1,5,male,True,48000,4.7714375,1,PCM_16,
../data/Actor_05/03-02-05-01-02-02-05.wav,03-02-05-01-02-02-05,3,song,5,angry,normal,dogsdoor,2,5,male,True,48000,4.904895833333334,1,PCM_16,
../data/Actor_05/03-02-05-02-01-01-05.wav,03-02-05-02-01-01-05,3,song,5,angry,strong,kidsdoor,1,5,male,True,48000,4.604604166666666,1,PCM_16,
../data/Actor_05/03-02-05-02-01-02-05.wav,03-02-05-02-01-02-05,3,song,5,angry,strong,kidsdoor,2,5,male,True,48000,4.938270833333333,1,PCM_16,
../data/Actor_05/03-02-05-02-02-01-05.wav,03-02-05-02-02-01-05,3,song,5,angry,strong,dogsdoor,1,5,male,True,48000,4.5045,1,PCM_16,
../data/Actor_05/03-02-05-02-02-02-05.wav,03-02-05-02-02-02-05,3,song,5,angry,strong,dogsdoor,2,5,male,True,48000,4.471125,1,PCM_16,
../data/Actor_05/03-02-06-01-01-01-05.wav,03-02-06-01-01-01-05,3,song,6,fearful,normal,kidsdoor,1,5,male,True,48000,4.637979166666667,1,PCM_16,
../data/Actor_05/03-02-06-01-01-02-05.wav,03-02-06-01-01-02-05,3,song,6,fearful,normal,kidsdoor,2,5,male,True,48000,4.604604166666666,1,PCM_16,
../data/Actor_05/03-02-06-01-02-01-05.wav,03-02-06-01-02-01-05,3,song,6,fearful,normal,dogsdoor,1,5,male,True,48000,4.137458333333333,1,PCM_16,
../data/Actor_05/03-02-06-01-02-02-05.wav,03-02-06-01-02-02-05,3,song,6,fearful,normal,dogsdoor,2,5,male,True,48000,3.5035,1,PCM_16,
../data/Actor_05/03-02-06-02-01-01-05.wav,03-02-06-02-01-01-05,3,song,6,fearful,strong,kidsdoor,1,5,male,True,48000,4.671333333333333,1,PCM_16,
../data/Actor_05/03-02-06-02-01-02-05.wav,03-02-06-02-01-02-05,3,song,6,fearful,strong,kidsdoor,2,5,male,True,48000,4.2375625,1,PCM_16,
../data/Actor_05/03-02-06-02-02-01-05.wav,03-02-06-02-02-01-05,3,song,6,fearful,strong,dogsdoor,1,5,male,True,48000,3.6036041666666665,1,PCM_16,
../data/Actor_05/03-02-06-02-02-02-05.wav,03-02-06-02-02-02-05,3,song,6,fearful,strong,dogsdoor,2,5,male,True,48000,3.8371666666666666,1,PCM_16,
../data/Actor_06/03-01-01-01-01-01-06.wav,03-01-01-01-01-01-06,3,speech,1,neutral,normal,kidsdoor,1,6,female,True,48000,3.3366666666666664,1,PCM_16,
../data/Actor_06/03-01-01-01-01-02-06.wav,03-01-01-01-01-02-06,3,speech,1,neutral,normal,kidsdoor,2,6,female,True,48000,3.6036041666666665,1,PCM_16,
../data/Actor_06/03-01-01-01-02-01-06.wav,03-01-01-01-02-01-06,3,speech,1,neutral,normal,dogsdoor,1,6,female,True,48000,3.403395833333333,1,PCM_16,
../data/Actor_06/03-01-01-01-02-02-06.wav,03-01-01-01-02-02-06,3,speech,1,neutral,normal,dogsdoor,2,6,female,True,48000,3.4367708333333336,1,PCM_16,
../data/Actor_06/03-01-02-01-01-01-06.wav,03-01-02-01-01-01-06,3,speech,2,calm,normal,kidsdoor,1,6,female,True,48000,4.037354166666667,1,PCM_16,
../data/Actor_06/03-01-02-01-01-02-06.wav,03-01-02-01-01-02-06,3,speech,2,calm,normal,kidsdoor,2,6,female,True,48000,4.104104166666667,1,PCM_16,
../data/Actor_06/03-01-02-01-02-01-06.wav,03-01-02-01-02-01-06,3,speech,2,calm,normal,dogsdoor,1,6,female,True,48000,3.970625,1,PCM_16,
../data/Actor_06/03-01-02-01-02-02-06.wav,03-01-02-01-02-02-06,3,speech,2,calm,normal,dogsdoor,2,6,female,True,48000,4.2041875,1,PCM_16,
../data/Actor_06/03-01-02-02-01-01-06.wav,03-01-02-02-01-01-06,3,speech,2,calm,strong,kidsdoor,1,6,female,True,48000,4.5045,1,PCM_16,
../data/Actor_06/03-01-02-02-01-02-06.wav,03-01-02-02-01-02-06,3,speech,2,calm,strong,kidsdoor,2,6,female,True,48000,4.637979166666667,1,PCM_16,
../data/Actor_06/03-01-02-02-02-01-06.wav,03-01-02-02-02-01-06,3,speech,2,calm,strong,dogsdoor,1,6,female,True,48000,4.337666666666666,1,PCM_16,
../data/Actor_06/03-01-02-02-02-02-06.wav,03-01-02-02-02-02-06,3,speech,2,calm,strong,dogsdoor,2,6,female,True,48000,4.7714375,1,PCM_16,
../data/Actor_06/03-01-03-01-01-01-06.wav,03-01-03-01-01-01-06,3,speech,3,happy,normal,kidsdoor,1,6,female,True,48000,3.5368541666666666,1,PCM_16,
../data/Actor_06/03-01-03-01-01-02-06.wav,03-01-03-01-01-02-06,3,speech,3,happy,normal,kidsdoor,2,6,female,True,48000,3.6036041666666665,1,PCM_16,
../data/Actor_06/03-01-03-01-02-01-06.wav,03-01-03-01-02-01-06,3,speech,3,happy,normal,dogsdoor,1,6,female,True,48000,3.470125,1,PCM_16,
../data/Actor_06/03-01-03-01-02-02-06.wav,03-01-03-01-02-02-06,3,speech,3,happy,normal,dogsdoor,2,6,female,True,48000,3.4367708333333336,1,PCM_16,
../data/Actor_06/03-01-03-02-01-01-06.wav,03-01-03-02-01-01-06,3,speech,3,happy,strong,kidsdoor,1,6,female,True,48000,3.5035,1,PCM_16,
../data/Actor_06/03-01-03-02-01-02-06.wav,03-01-03-02-01-02-06,3,speech,3,happy,strong,kidsdoor,2,6,female,True,48000,3.470125,1,PCM_16,
../data/Actor_06/03-01-03-02-02-01-06.wav,03-01-03-02-02-01-06,3,speech,3,happy,strong,dogsdoor,1,6,female,True,48000,3.5702291666666666,1,PCM_16,
../data/Actor_06/03-01-03-02-02-02-06.wav,03-01-03-02-02-02-06,3,speech,3,happy,strong,dogsdoor,2,6,female,True,48000,3.6035833333333334,1,PCM_16,
../data/Actor_06/03-01-04-01-01-01-06.wav,03-01-04-01-01-01-06,3,speech,4,sad,normal,kidsdoor,1,6,female,True,48000,3.5702291666666666,1,PCM_16,
../data/Actor_06/03-01-04-01-01-02-06.wav,03-01-04-01-01-02-06,3,speech,4,sad,normal,kidsdoor,2,6,female,True,48000,3.6036041666666665,1,PCM_16,
../data/Actor_06/03-01-04-01-02-01-06.wav,03-01-04-01-02-01-06,3,speech,4,sad,normal,dogsdoor,1,6,female,True,48000,3.4701458333333335,1,PCM_16,
../data/Actor_06/03-01-04-01-02-02-06.wav,03-01-04-01-02-02-06,3,speech,4,sad,normal,dogsdoor,2,6,female,True,48000,3.4367708333333336,1,PCM_16,
../data/Actor_06/03-01-04-02-01-01-06.wav,03-01-04-02-01-01-06,3,speech,4,sad,strong,kidsdoor,1,6,female,True,48000,4.2041875,1,PCM_16,
../data/Actor_06/03-01-04-02-01-02-06.wav,03-01-04-02-01-02-06,3,speech,4,sad,strong,kidsdoor,2,6,female,True,48000,4.104104166666667,1,PCM_16,
../data/Actor_06/03-01-04-02-02-01-06.wav,03-01-04-02-02-01-06,3,speech,4,sad,strong,dogsdoor,1,6,female,True,48000,4.604583333333333,1,PCM_16,
../data/Actor_06/03-01-04-02-02-02-06.wav,03-01-04-02-02-02-06,3,speech,4,sad,strong,dogsdoor,2,6,female,True,48000,4.037354166666667,1,PCM_16,
../data/Actor_06/03-01-05-01-01-01-06.wav,03-01-05-01-01-01-06,3,speech,5,angry,normal,kidsdoor,1,6,female,True,48000,3.7704375,1,PCM_16,
../data/Actor_06/03-01-05-01-01-02-06.wav,03-01-05-01-01-02-06,3,speech,5,angry,normal,kidsdoor,2,6,female,True,48000,3.970625,1,PCM_16,
../data/Actor_06/03-01-05-01-02-01-06.wav,03-01-05-01-02-01-06,3,speech,5,angry,normal,dogsdoor,1,6,female,True,48000,4.2041875,1,PCM_16,
../data/Actor_06/03-01-05-01-02-02-06.wav,03-01-05-01-02-02-06,3,speech,5,angry,normal,dogsdoor,2,6,female,True,48000,3.9038958333333333,1,PCM_16,
../data/Actor_06/03-01-05-02-01-01-06.wav,03-01-05-02-01-01-06,3,speech,5,angry,strong,kidsdoor,1,6,female,True,48000,4.104104166666667,1,PCM_16,
../data/Actor_06/03-01-05-02-01-02-06.wav,03-01-05-02-01-02-06,3,speech,5,angry,strong,kidsdoor,2,6,female,True,48000,4.2041875,1,PCM_16,
../data/Actor_06/03-01-05-02-02-01-06.wav,03-01-05-02-02-01-06,3,speech,5,angry,strong,dogsdoor,1,6,female,True,48000,4.437770833333333,1,PCM_16,
../data/Actor_06/03-01-05-02-02-02-06.wav,03-01-05-02-02-02-06,3,speech,5,angry,strong,dogsdoor,2,6,female,True,48000,4.471125,1,PCM_16,
../data/Actor_06/03-01-06-01-01-01-06.wav,03-01-06-01-01-01-06,3,speech,6,fearful,normal,kidsdoor,1,6,female,True,48000,3.6369583333333333,1,PCM_16,
../data/Actor_06/03-01-06-01-01-02-06.wav,03-01-06-01-01-02-06,3,speech,6,fearful,normal,kidsdoor,2,6,female,True,48000,3.4367708333333336,1,PCM_16,
../data/Actor_06/03-01-06-01-02-01-06.wav,03-01-06-01-02-01-06,3,speech,6,fearful,normal,dogsdoor,1,6,female,True,48000,3.57025,1,PCM_16,
../data/Actor_06/03-01-06-01-02-02-06.wav,03-01-06-01-02-02-06,3,speech,6,fearful,normal,dogsdoor,2,6,female,True,48000,3.5035,1,PCM_16,
../data/Actor_06/03-01-06-02-01-01-06.wav,03-01-06-02-01-01-06,3,speech,6,fearful,strong,kidsdoor,1,6,female,True,48000,3.636979166666667,1,PCM_16,
../data/Actor_06/03-01-06-02-01-02-06.wav,03-01-06-02-01-02-06,3,speech,6,fearful,strong,kidsdoor,2,6,female,True,48000,3.6036041666666665,1,PCM_16,
../data/Actor_06/03-01-06-02-02-01-06.wav,03-01-06-02-02-01-06,3,speech,6,fearful,strong,dogsdoor,1,6,female,True,48000,3.7370625,1,PCM_16,
../data/Actor_06/03-01-06-02-02-02-06.wav,03-01-06-02-02-02-06,3,speech,6,fearful,strong,dogsdoor,2,6,female,True,48000,3.7370625,1,PCM_16,
../data/Actor_06/03-01-07-01-01-01-06.wav,03-01-07-01-01-01-06,3,speech,7,disgust,normal,kidsdoor,1,6,female,True,48000,3.5035,1,PCM_16,
../data/Actor_06/03-01-07-01-01-02-06.wav,03-01-07-01-01-02-06,3,speech,7,disgust,normal,kidsdoor,2,6,female,True,48000,4.2709375,1,PCM_16,
../data/Actor_06/03-01-07-01-02-01-06.wav,03-01-07-01-02-01-06,3,speech,7,disgust,normal,dogsdoor,1,6,female,True,48000,3.7370625,1,PCM_16,
../data/Actor_06/03-01-07-01-02-02-06.wav,03-01-07-01-02-02-06,3,speech,7,disgust,normal,dogsdoor,2,6,female,True,48000,3.9372708333333333,1,PCM_16,
../data/Actor_06/03-01-07-02-01-01-06.wav,03-01-07-02-01-01-06,3,speech,7,disgust,strong,kidsdoor,1,6,female,True,48000,4.3043125,1,PCM_16,
../data/Actor_06/03-01-07-02-01-02-06.wav,03-01-07-02-01-02-06,3,speech,7,disgust,strong,kidsdoor,2,6,female,True,48000,3.9372708333333333,1,PCM_16,
../data/Actor_06/03-01-07-02-02-01-06.wav,03-01-07-02-02-01-06,3,speech,7,disgust,strong,dogsdoor,1,6,female,True,48000,4.037354166666667,1,PCM_16,
../data/Actor_06/03-01-07-02-02-02-06.wav,03-01-07-02-02-02-06,3,speech,7,disgust,strong,dogsdoor,2,6,female,True,48000,3.970625,1,PCM_16,
../data/Actor_06/03-01-08-01-01-01-06.wav,03-01-08-01-01-01-06,3,speech,8,surprised,normal,kidsdoor,1,6,female,True,48000,3.2365625,1,PCM_16,
../data/Actor_06/03-01-08-01-01-02-06.wav,03-01-08-01-01-02-06,3,speech,8,surprised,normal,kidsdoor,2,6,female,True,48000,3.2365625,1,PCM_16,
../data/Actor_06/03-01-08-01-02-01-06.wav,03-01-08-01-02-01-06,3,speech,8,surprised,normal,dogsdoor,1,6,female,True,48000,3.2032083333333334,1,PCM_16,
../data/Actor_06/03-01-08-01-02-02-06.wav,03-01-08-01-02-02-06,3,speech,8,surprised,normal,dogsdoor,2,6,female,True,48000,3.136458333333333,1,PCM_16,
../data/Actor_06/03-01-08-02-01-01-06.wav,03-01-08-02-01-01-06,3,speech,8,surprised,strong,kidsdoor,1,6,female,True,48000,3.2365625,1,PCM_16,
../data/Actor_06/03-01-08-02-01-02-06.wav,03-01-08-02-01-02-06,3,speech,8,surprised,strong,kidsdoor,2,6,female,True,48000,3.370041666666667,1,PCM_16,
../data/Actor_06/03-01-08-02-02-01-06.wav,03-01-08-02-02-01-06,3,speech,8,surprised,strong,dogsdoor,1,6,female,True,48000,3.3033125,1,PCM_16,
../data/Actor_06/03-01-08-02-02-02-06.wav,03-01-08-02-02-02-06,3,speech,8,surprised,strong,dogsdoor,2,6,female,True,48000,3.2032083333333334,1,PCM_16,
../data/Actor_06/03-02-01-01-01-01-06.wav,03-02-01-01-01-01-06,3,song,1,neutral,normal,kidsdoor,1,6,female,True,48000,4.671333333333333,1,PCM_16,
../data/Actor_06/03-02-01-01-01-02-06.wav,03-02-01-01-01-02-06,3,song,1,neutral,normal,kidsdoor,2,6,female,True,48000,4.8048125,1,PCM_16,
../data/Actor_06/03-02-01-01-02-01-06.wav,03-02-01-01-02-01-06,3,song,1,neutral,normal,dogsdoor,1,6,female,True,48000,4.637958333333334,1,PCM_16,
../data/Actor_06/03-02-01-01-02-02-06.wav,03-02-01-01-02-02-06,3,song,1,neutral,normal,dogsdoor,2,6,female,True,48000,4.537875,1,PCM_16,
../data/Actor_06/03-02-02-01-01-01-06.wav,03-02-02-01-01-01-06,3,song,2,calm,normal,kidsdoor,1,6,female,True,48000,5.171833333333334,1,PCM_16,
../data/Actor_06/03-02-02-01-01-02-06.wav,03-02-02-01-01-02-06,3,song,2,calm,normal,kidsdoor,2,6,female,True,48000,5.405395833333333,1,PCM_16,
../data/Actor_06/03-02-02-01-02-01-06.wav,03-02-02-01-02-01-06,3,song,2,calm,normal,dogsdoor,1,6,female,True,48000,5.372041666666667,1,PCM_16,
../data/Actor_06/03-02-02-01-02-02-06.wav,03-02-02-01-02-02-06,3,song,2,calm,normal,dogsdoor,2,6,female,True,48000,5.338666666666667,1,PCM_16,
../data/Actor_06/03-02-02-02-01-01-06.wav,03-02-02-02-01-01-06,3,song,2,calm,strong,kidsdoor,1,6,female,True,48000,5.605583333333334,1,PCM_16,
../data/Actor_06/03-02-02-02-01-02-06.wav,03-02-02-02-01-02-06,3,song,2,calm,strong,kidsdoor,2,6,female,True,48000,6.339666666666667,1,PCM_16,
../data/Actor_06/03-02-02-02-02-01-06.wav,03-02-02-02-02-01-06,3,song,2,calm,strong,dogsdoor,1,6,female,True,48000,5.4054166666666665,1,PCM_16,
../data/Actor_06/03-02-02-02-02-02-06.wav,03-02-02-02-02-02-06,3,song,2,calm,strong,dogsdoor,2,6,female,True,48000,5.572229166666666,1,PCM_16,
../data/Actor_06/03-02-03-01-01-01-06.wav,03-02-03-01-01-01-06,3,song,3,happy,normal,kidsdoor,1,6,female,True,48000,4.838166666666667,1,PCM_16,
../data/Actor_06/03-02-03-01-01-02-06.wav,03-02-03-01-01-02-06,3,song,3,happy,normal,kidsdoor,2,6,female,True,48000,4.604604166666666,1,PCM_16,
../data/Actor_06/03-02-03-01-02-01-06.wav,03-02-03-01-02-01-06,3,song,3,happy,normal,dogsdoor,1,6,female,True,48000,4.471125,1,PCM_16,
../data/Actor_06/03-02-03-01-02-02-06.wav,03-02-03-01-02-02-06,3,song,3,happy,normal,dogsdoor,2,6,female,True,48000,4.537875,1,PCM_16,
../data/Actor_06/03-02-03-02-01-01-06.wav,03-02-03-02-01-01-06,3,song,3,happy,strong,kidsdoor,1,6,female,True,48000,4.5045,1,PCM_16,
../data/Actor_06/03-02-03-02-01-02-06.wav,03-02-03-02-01-02-06,3,song,3,happy,strong,kidsdoor,2,6,female,True,48000,4.637979166666667,1,PCM_16,
../data/Actor_06/03-02-03-02-02-01-06.wav,03-02-03-02-02-01-06,3,song,3,happy,strong,dogsdoor,1,6,female,True,48000,4.137458333333333,1,PCM_16,
../data/Actor_06/03-02-03-02-02-02-06.wav,03-02-03-02-02-02-06,3,song,3,happy,strong,dogsdoor,2,6,female,True,48000,4.070729166666666,1,PCM_16,
../data/Actor_06/03-02-04-01-01-01-06.wav,03-02-04-01-01-01-06,3,song,4,sad,normal,kidsdoor,1,6,female,True,48000,5.138458333333333,1,PCM_16,
../data/Actor_06/03-02-04-01-01-02-06.wav,03-02-04-01-01-02-06,3,song,4,sad,normal,kidsdoor,2,6,female,True,48000,5.038375,1,PCM_16,
../data/Actor_06/03-02-04-01-02-01-06.wav,03-02-04-01-02-01-06,3,song,4,sad,normal,dogsdoor,1,6,female,True,48000,5.07175,1,PCM_16,
../data/Actor_06/03-02-04-01-02-02-06.wav,03-02-04-01-02-02-06,3,song,4,sad,normal,dogsdoor,2,6,female,True,48000,5.138458333333333,1,PCM_16,
../data/Actor_06/03-02-04-02-01-01-06.wav,03-02-04-02-01-01-06,3,song,4,sad,strong,kidsdoor,1,6,female,True,48000,4.537875,1,PCM_16,
../data/Actor_06/03-02-04-02-01-02-06.wav,03-02-04-02-01-02-06,3,song,4,sad,strong,kidsdoor,2,6,female,True,48000,4.337666666666666,1,PCM_16,
../data/Actor_06/03-02-04-02-02-01-06.wav,03-02-04-02-02-01-06,3,song,4,sad,strong,dogsdoor,1,6,female,True,48000,4.304291666666667,1,PCM_16,
../data/Actor_06/03-02-04-02-02-02-06.wav,03-02-04-02-02-02-06,3,song,4,sad,strong,dogsdoor,2,6,female,True,48000,4.437770833333333,1,PCM_16,
../data/Actor_06/03-02-05-01-01-01-06.wav,03-02-05-01-01-01-06,3,song,5,angry,normal,kidsdoor,1,6,female,True,48000,4.137458333333333,1,PCM_16,
../data/Actor_06/03-02-05-01-01-02-06.wav,03-02-05-01-01-02-06,3,song,5,angry,normal,kidsdoor,2,6,female,True,48000,4.170833333333333,1,PCM_16,
../data/Actor_06/03-02-05-01-02-01-06.wav,03-02-05-01-02-01-06,3,song,5,angry,normal,dogsdoor,1,6,female,True,48000,4.404395833333333,1,PCM_16,
../data/Actor_06/03-02-05-01-02-02-06.wav,03-02-05-01-02-02-06,3,song,5,angry,normal,dogsdoor,2,6,female,True,48000,4.471145833333333,1,PCM_16,
../data/Actor_06/03-02-05-02-01-01-06.wav,03-02-05-02-01-01-06,3,song,5,angry,strong,kidsdoor,1,6,female,True,48000,4.5045,1,PCM_16,
../data/Actor_06/03-02-05-02-01-02-06.wav,03-02-05-02-01-02-06,3,song,5,angry,strong,kidsdoor,2,6,female,True,48000,4.5045,1,PCM_16,
../data/Actor_06/03-02-05-02-02-01-06.wav,03-02-05-02-02-01-06,3,song,5,angry,strong,dogsdoor,1,6,female,True,48000,4.471125,1,PCM_16,
../data/Actor_06/03-02-05-02-02-02-06.wav,03-02-05-02-02-02-06,3,song,5,angry,strong,dogsdoor,2,6,female,True,48000,4.5045,1,PCM_16,
../data/Actor_06/03-02-06-01-01-01-06.wav,03-02-06-01-01-01-06,3,song,6,fearful,normal,kidsdoor,1,6,female,True,48000,4.637958333333334,1,PCM_16,
../data/Actor_06/03-02-06-01-01-02-06.wav,03-02-06-01-01-02-06,3,song,6,fearful,normal,kidsdoor,2,6,female,True,48000,4.671333333333333,1,PCM_16,
../data/Actor_06/03-02-06-01-02-01-06.wav,03-02-06-01-02-01-06,3,song,6,fearful,normal,dogsdoor,1,6,female,True,48000,4.437770833333333,1,PCM_16,
../data/Actor_06/03-02-06-01-02-02-06.wav,03-02-06-01-02-02-06,3,song,6,fearful,normal,dogsdoor,2,6,female,True,48000,4.5045,1,PCM_16,
../data/Actor_06/03-02-06-02-01-01-06.wav,03-02-06-02-01-01-06,3,song,6,fearful,strong,kidsdoor,1,6,female,True,48000,4.2375625,1,PCM_16,
../data/Actor_06/03-02-06-02-01-02-06.wav,03-02-06-02-01-02-06,3,song,6,fearful,strong,kidsdoor,2,6,female,True,48000,4.204208333333334,1,PCM_16,
../data/Actor_06/03-02-06-02-02-01-06.wav,03-02-06-02-02-01-06,3,song,6,fearful,strong,dogsdoor,1,6,female,True,48000,4.137458333333333,1,PCM_16,
../data/Actor_06/03-02-06-02-02-02-06.wav,03-02-06-02-02-02-06,3,song,6,fearful,strong,dogsdoor,2,6,female,True,48000,4.204208333333334,1,PCM_16,
../data/Actor_07/03-01-01-01-01-01-07.wav,03-01-01-01-01-01-07,3,speech,1,neutral,normal,kidsdoor,1,7,male,True,48000,3.9039166666666665,1,PCM_16,
../data/Actor_07/03-01-01-01-01-02-07.wav,03-01-01-01-01-02-07,3,speech,1,neutral,normal,kidsdoor,2,7,male,True,48000,3.8038125,1,PCM_16,
../data/Actor_07/03-01-01-01-02-01-07.wav,03-01-01-01-02-01-07,3,speech,1,neutral,normal,dogsdoor,1,7,male,True,48000,4.137458333333333,1,PCM_16,
../data/Actor_07/03-01-01-01-02-02-07.wav,03-01-01-01-02-02-07,3,speech,1,neutral,normal,dogsdoor,2,7,male,True,48000,3.7370625,1,PCM_16,
../data/Actor_07/03-01-02-01-01-01-07.wav,03-01-02-01-01-01-07,3,speech,2,calm,normal,kidsdoor,1,7,male,True,48000,3.470125,1,PCM_16,
../data/Actor_07/03-01-02-01-01-02-07.wav,03-01-02-01-01-02-07,3,speech,2,calm,normal,kidsdoor,2,7,male,True,48000,3.7370625,1,PCM_16,
../data/Actor_07/03-01-02-01-02-01-07.wav,03-01-02-01-02-01-07,3,speech,2,calm,normal,dogsdoor,1,7,male,True,48000,3.5035,1,PCM_16,
../data/Actor_07/03-01-02-01-02-02-07.wav,03-01-02-01-02-02-07,3,speech,2,calm,normal,dogsdoor,2,7,male,True,48000,3.536875,1,PCM_16,
../data/Actor_07/03-01-02-02-01-01-07.wav,03-01-02-02-01-01-07,3,speech,2,calm,strong,kidsdoor,1,7,male,True,48000,4.004,1,PCM_16,
../data/Actor_07/03-01-02-02-01-02-07.wav,03-01-02-02-01-02-07,3,speech,2,calm,strong,kidsdoor,2,7,male,True,48000,3.8705416666666665,1,PCM_16,
../data/Actor_07/03-01-02-02-02-01-07.wav,03-01-02-02-02-01-07,3,speech,2,calm,strong,dogsdoor,1,7,male,True,48000,4.2709375,1,PCM_16,
../data/Actor_07/03-01-02-02-02-02-07.wav,03-01-02-02-02-02-07,3,speech,2,calm,strong,dogsdoor,2,7,male,True,48000,4.104104166666667,1,PCM_16,
../data/Actor_07/03-01-03-01-01-01-07.wav,03-01-03-01-01-01-07,3,speech,3,happy,normal,kidsdoor,1,7,male,True,48000,3.5035,1,PCM_16,
../data/Actor_07/03-01-03-01-01-02-07.wav,03-01-03-01-01-02-07,3,speech,3,happy,normal,kidsdoor,2,7,male,True,48000,3.470125,1,PCM_16,
../data/Actor_07/03-01-03-01-02-01-07.wav,03-01-03-01-02-01-07,3,speech,3,happy,normal,dogsdoor,1,7,male,True,48000,3.403395833333333,1,PCM_16,
../data/Actor_07/03-01-03-01-02-02-07.wav,03-01-03-01-02-02-07,3,speech,3,happy,normal,dogsdoor,2,7,male,True,48000,3.403395833333333,1,PCM_16,
../data/Actor_07/03-01-03-02-01-01-07.wav,03-01-03-02-01-01-07,3,speech,3,happy,strong,kidsdoor,1,7,male,True,48000,4.104104166666667,1,PCM_16,
../data/Actor_07/03-01-03-02-01-02-07.wav,03-01-03-02-01-02-07,3,speech,3,happy,strong,kidsdoor,2,7,male,True,48000,4.037354166666667,1,PCM_16,
../data/Actor_07/03-01-03-02-02-01-07.wav,03-01-03-02-02-01-07,3,speech,3,happy,strong,dogsdoor,1,7,male,True,48000,4.037375,1,PCM_16,
../data/Actor_07/03-01-03-02-02-02-07.wav,03-01-03-02-02-02-07,3,speech,3,happy,strong,dogsdoor,2,7,male,True,48000,3.8371666666666666,1,PCM_16,
../data/Actor_07/03-01-04-01-01-01-07.wav,03-01-04-01-01-01-07,3,speech,4,sad,normal,kidsdoor,1,7,male,True,48000,3.536875,1,PCM_16,
../data/Actor_07/03-01-04-01-01-02-07.wav,03-01-04-01-01-02-07,3,speech,4,sad,normal,kidsdoor,2,7,male,True,48000,3.6035833333333334,1,PCM_16,
../data/Actor_07/03-01-04-01-02-01-07.wav,03-01-04-01-02-01-07,3,speech,4,sad,normal,dogsdoor,1,7,male,True,48000,3.536875,1,PCM_16,
../data/Actor_07/03-01-04-01-02-02-07.wav,03-01-04-01-02-02-07,3,speech,4,sad,normal,dogsdoor,2,7,male,True,48000,3.8705208333333334,1,PCM_16,
../data/Actor_07/03-01-04-02-01-01-07.wav,03-01-04-02-01-01-07,3,speech,4,sad,strong,kidsdoor,1,7,male,True,48000,3.93725,1,PCM_16,
../data/Actor_07/03-01-04-02-01-02-07.wav,03-01-04-02-01-02-07,3,speech,4,sad,strong,kidsdoor,2,7,male,True,48000,3.8371666666666666,1,PCM_16,
../data/Actor_07/03-01-04-02-02-01-07.wav,03-01-04-02-02-01-07,3,speech,4,sad,strong,dogsdoor,1,7,male,True,48000,3.636979166666667,1,PCM_16,
../data/Actor_07/03-01-04-02-02-02-07.wav,03-01-04-02-02-02-07,3,speech,4,sad,strong,dogsdoor,2,7,male,True,48000,3.8371666666666666,1,PCM_16,
../data/Actor_07/03-01-05-01-01-01-07.wav,03-01-05-01-01-01-07,3,speech,5,angry,normal,kidsdoor,1,7,male,True,48000,4.004,1,PCM_16,
../data/Actor_07/03-01-05-01-01-02-07.wav,03-01-05-01-01-02-07,3,speech,5,angry,normal,kidsdoor,2,7,male,True,48000,3.970645833333333,1,PCM_16,
../data/Actor_07/03-01-05-01-02-01-07.wav,03-01-05-01-02-01-07,3,speech,5,angry,normal,dogsdoor,1,7,male,True,48000,4.004,1,PCM_16,
../data/Actor_07/03-01-05-01-02-02-07.wav,03-01-05-01-02-02-07,3,speech,5,angry,normal,dogsdoor,2,7,male,True,48000,4.004,1,PCM_16,
../data/Actor_07/03-01-05-02-01-01-07.wav,03-01-05-02-01-01-07,3,speech,5,angry,strong,kidsdoor,1,7,male,True,48000,3.6036041666666665,1,PCM_16,
../data/Actor_07/03-01-05-02-01-02-07.wav,03-01-05-02-01-02-07,3,speech,5,angry,strong,kidsdoor,2,7,male,True,48000,4.004,1,PCM_16,
../data/Actor_07/03-01-05-02-02-01-07.wav,03-01-05-02-02-01-07,3,speech,5,angry,strong,dogsdoor,1,7,male,True,48000,3.8371666666666666,1,PCM_16,
../data/Actor_07/03-01-05-02-02-02-07.wav,03-01-05-02-02-02-07,3,speech,5,angry,strong,dogsdoor,2,7,male,True,48000,4.337666666666666,1,PCM_16,
../data/Actor_07/03-01-06-01-01-01-07.wav,03-01-06-01-01-01-07,3,speech,6,fearful,normal,kidsdoor,1,7,male,True,48000,3.4367708333333336,1,PCM_16,
../data/Actor_07/03-01-06-01-01-02-07.wav,03-01-06-01-01-02-07,3,speech,6,fearful,normal,kidsdoor,2,7,male,True,48000,3.5035,1,PCM_16,
../data/Actor_07/03-01-06-01-02-01-07.wav,03-01-06-01-02-01-07,3,speech,6,fearful,normal,dogsdoor,1,7,male,True,48000,3.4367708333333336,1,PCM_16,
../data/Actor_07/03-01-06-01-02-02-07.wav,03-01-06-01-02-02-07,3,speech,6,fearful,normal,dogsdoor,2,7,male,True,48000,3.370041666666667,1,PCM_16,
../data/Actor_07/03-01-06-02-01-01-07.wav,03-01-06-02-01-01-07,3,speech,6,fearful,strong,kidsdoor,1,7,male,True,48000,3.636979166666667,1,PCM_16,
../data/Actor_07/03-01-06-02-01-02-07.wav,03-01-06-02-01-02-07,3,speech,6,fearful,strong,kidsdoor,2,7,male,True,48000,3.470125,1,PCM_16,
../data/Actor_07/03-01-06-02-02-01-07.wav,03-01-06-02-02-01-07,3,speech,6,fearful,strong,dogsdoor,1,7,male,True,48000,3.403395833333333,1,PCM_16,
../data/Actor_07/03-01-06-02-02-02-07.wav,03-01-06-02-02-02-07,3,speech,6,fearful,strong,dogsdoor,2,7,male,True,48000,3.5035,1,PCM_16,
../data/Actor_07/03-01-07-01-01-01-07.wav,03-01-07-01-01-01-07,3,speech,7,disgust,normal,kidsdoor,1,7,male,True,48000,3.5368541666666666,1,PCM_16,
../data/Actor_07/03-01-07-01-01-02-07.wav,03-01-07-01-01-02-07,3,speech,7,disgust,normal,kidsdoor,2,7,male,True,48000,3.5035,1,PCM_16,
../data/Actor_07/03-01-07-01-02-01-07.wav,03-01-07-01-02-01-07,3,speech,7,disgust,normal,dogsdoor,1,7,male,True,48000,3.4367708333333336,1,PCM_16,
../data/Actor_07/03-01-07-01-02-02-07.wav,03-01-07-01-02-02-07,3,speech,7,disgust,normal,dogsdoor,2,7,male,True,48000,3.5368541666666666,1,PCM_16,
../data/Actor_07/03-01-07-02-01-01-07.wav,03-01-07-02-01-01-07,3,speech,7,disgust,strong,kidsdoor,1,7,male,True,48000,4.137479166666667,1,PCM_16,
../data/Actor_07/03-01-07-02-01-02-07.wav,03-01-07-02-01-02-07,3,speech,7,disgust,strong,kidsdoor,2,7,male,True,48000,4.404395833333333,1,PCM_16,
../data/Actor_07/03-01-07-02-02-01-07.wav,03-01-07-02-02-01-07,3,speech,7,disgust,strong,dogsdoor,1,7,male,True,48000,4.137458333333333,1,PCM_16,
../data/Actor_07/03-01-07-02-02-02-07.wav,03-01-07-02-02-02-07,3,speech,7,disgust,strong,dogsdoor,2,7,male,True,48000,4.771416666666667,1,PCM_16,
../data/Actor_07/03-01-08-01-01-01-07.wav,03-01-08-01-01-01-07,3,speech,8,surprised,normal,kidsdoor,1,7,male,True,48000,3.470125,1,PCM_16,
../data/Actor_07/03-01-08-01-01-02-07.wav,03-01-08-01-01-02-07,3,speech,8,surprised,normal,kidsdoor,2,7,male,True,48000,3.536875,1,PCM_16,
../data/Actor_07/03-01-08-01-02-01-07.wav,03-01-08-01-02-01-07,3,speech,8,surprised,normal,dogsdoor,1,7,male,True,48000,3.4367708333333336,1,PCM_16,
../data/Actor_07/03-01-08-01-02-02-07.wav,03-01-08-01-02-02-07,3,speech,8,surprised,normal,dogsdoor,2,7,male,True,48000,3.4367708333333336,1,PCM_16,
../data/Actor_07/03-01-08-02-01-01-07.wav,03-01-08-02-01-01-07,3,speech,8,surprised,strong,kidsdoor,1,7,male,True,48000,3.8705416666666665,1,PCM_16,
../data/Actor_07/03-01-08-02-01-02-07.wav,03-01-08-02-01-02-07,3,speech,8,surprised,strong,kidsdoor,2,7,male,True,48000,3.6369583333333333,1,PCM_16,
../data/Actor_07/03-01-08-02-02-01-07.wav,03-01-08-02-02-01-07,3,speech,8,surprised,strong,dogsdoor,1,7,male,True,48000,3.4367708333333336,1,PCM_16,
../data/Actor_07/03-01-08-02-02-02-07.wav,03-01-08-02-02-02-07,3,speech,8,surprised,strong,dogsdoor,2,7,male,True,48000,3.470125,1,PCM_16,
../data/Actor_07/03-02-01-01-01-01-07.wav,03-02-01-01-01-01-07,3,song,1,neutral,normal,kidsdoor,1,7,male,True,48000,4.304291666666667,1,PCM_16,
../data/Actor_07/03-02-01-01-01-02-07.wav,03-02-01-01-01-02-07,3,song,1,neutral,normal,kidsdoor,2,7,male,True,48000,4.2709375,1,PCM_16,
../data/Actor_07/03-02-01-01-02-01-07.wav,03-02-01-01-02-01-07,3,song,1,neutral,normal,dogsdoor,1,7,male,True,48000,4.404395833333333,1,PCM_16,
../data/Actor_07/03-02-01-01-02-02-07.wav,03-02-01-01-02-02-07,3,song,1,neutral,normal,dogsdoor,2,7,male,True,48000,4.404395833333333,1,PCM_16,
../data/Actor_07/03-02-02-01-01-01-07.wav,03-02-02-01-01-01-07,3,song,2,calm,normal,kidsdoor,1,7,male,True,48000,4.637979166666667,1,PCM_16,
../data/Actor_07/03-02-02-01-01-02-07.wav,03-02-02-01-01-02-07,3,song,2,calm,normal,kidsdoor,2,7,male,True,48000,4.971625,1,PCM_16,
../data/Actor_07/03-02-02-01-02-01-07.wav,03-02-02-01-02-01-07,3,song,2,calm,normal,dogsdoor,1,7,male,True,48000,4.7380625,1,PCM_16,
../data/Actor_07/03-02-02-01-02-02-07.wav,03-02-02-01-02-02-07,3,song,2,calm,normal,dogsdoor,2,7,male,True,48000,4.7047083333333335,1,PCM_16,
../data/Actor_07/03-02-02-02-01-01-07.wav,03-02-02-02-01-01-07,3,song,2,calm,strong,kidsdoor,1,7,male,True,48000,4.904895833333334,1,PCM_16,
../data/Actor_07/03-02-02-02-01-02-07.wav,03-02-02-02-01-02-07,3,song,2,calm,strong,kidsdoor,2,7,male,True,48000,4.938270833333333,1,PCM_16,
../data/Actor_07/03-02-02-02-02-01-07.wav,03-02-02-02-02-01-07,3,song,2,calm,strong,dogsdoor,1,7,male,True,48000,4.7047083333333335,1,PCM_16,
../data/Actor_07/03-02-02-02-02-02-07.wav,03-02-02-02-02-02-07,3,song,2,calm,strong,dogsdoor,2,7,male,True,48000,5.105104166666667,1,PCM_16,
../data/Actor_07/03-02-03-01-01-01-07.wav,03-02-03-01-01-01-07,3,song,3,happy,normal,kidsdoor,1,7,male,True,48000,4.2709375,1,PCM_16,
../data/Actor_07/03-02-03-01-01-02-07.wav,03-02-03-01-01-02-07,3,song,3,happy,normal,kidsdoor,2,7,male,True,48000,4.3043125,1,PCM_16,
../data/Actor_07/03-02-03-01-02-01-07.wav,03-02-03-01-02-01-07,3,song,3,happy,normal,dogsdoor,1,7,male,True,48000,4.337666666666666,1,PCM_16,
../data/Actor_07/03-02-03-01-02-02-07.wav,03-02-03-01-02-02-07,3,song,3,happy,normal,dogsdoor,2,7,male,True,48000,4.371041666666667,1,PCM_16,
../data/Actor_07/03-02-03-02-01-01-07.wav,03-02-03-02-01-01-07,3,song,3,happy,strong,kidsdoor,1,7,male,True,48000,4.2709375,1,PCM_16,
../data/Actor_07/03-02-03-02-01-02-07.wav,03-02-03-02-01-02-07,3,song,3,happy,strong,kidsdoor,2,7,male,True,48000,4.2709375,1,PCM_16,
../data/Actor_07/03-02-03-02-02-01-07.wav,03-02-03-02-02-01-07,3,song,3,happy,strong,dogsdoor,1,7,male,True,48000,4.137458333333333,1,PCM_16,
../data/Actor_07/03-02-03-02-02-02-07.wav,03-02-03-02-02-02-07,3,song,3,happy,strong,dogsdoor,2,7,male,True,48000,4.371041666666667,1,PCM_16,
../data/Actor_07/03-02-04-01-01-01-07.wav,03-02-04-01-01-01-07,3,song,4,sad,normal,kidsdoor,1,7,male,True,48000,4.5045,1,PCM_16,
../data/Actor_07/03-02-04-01-01-02-07.wav,03-02-04-01-01-02-07,3,song,4,sad,normal,kidsdoor,2,7,male,True,48000,4.637979166666667,1,PCM_16,
../data/Actor_07/03-02-04-01-02-01-07.wav,03-02-04-01-02-01-07,3,song,4,sad,normal,dogsdoor,1,7,male,True,48000,5.271916666666667,1,PCM_16,
../data/Actor_07/03-02-04-01-02-02-07.wav,03-02-04-01-02-02-07,3,song,4,sad,normal,dogsdoor,2,7,male,True,48000,4.938270833333333,1,PCM_16,
../data/Actor_07/03-02-04-02-01-01-07.wav,03-02-04-02-01-01-07,3,song,4,sad,strong,kidsdoor,1,7,male,True,48000,4.7380625,1,PCM_16,
../data/Actor_07/03-02-04-02-01-02-07.wav,03-02-04-02-01-02-07,3,song,4,sad,strong,kidsdoor,2,7,male,True,48000,4.904895833333334,1,PCM_16,
../data/Actor_07/03-02-04-02-02-01-07.wav,03-02-04-02-02-01-07,3,song,4,sad,strong,dogsdoor,1,7,male,True,48000,4.9716458333333335,1,PCM_16,
../data/Actor_07/03-02-04-02-02-02-07.wav,03-02-04-02-02-02-07,3,song,4,sad,strong,dogsdoor,2,7,male,True,48000,4.7047083333333335,1,PCM_16,
../data/Actor_07/03-02-05-01-01-01-07.wav,03-02-05-01-01-01-07,3,song,5,angry,normal,kidsdoor,1,7,male,True,48000,4.471125,1,PCM_16,
../data/Actor_07/03-02-05-01-01-02-07.wav,03-02-05-01-01-02-07,3,song,5,angry,normal,kidsdoor,2,7,male,True,48000,4.537875,1,PCM_16,
../data/Actor_07/03-02-05-01-02-01-07.wav,03-02-05-01-02-01-07,3,song,5,angry,normal,dogsdoor,1,7,male,True,48000,4.57125,1,PCM_16,
../data/Actor_07/03-02-05-01-02-02-07.wav,03-02-05-01-02-02-07,3,song,5,angry,normal,dogsdoor,2,7,male,True,48000,4.604604166666666,1,PCM_16,
../data/Actor_07/03-02-05-02-01-01-07.wav,03-02-05-02-01-01-07,3,song,5,angry,strong,kidsdoor,1,7,male,True,48000,4.437770833333333,1,PCM_16,
../data/Actor_07/03-02-05-02-01-02-07.wav,03-02-05-02-01-02-07,3,song,5,angry,strong,kidsdoor,2,7,male,True,48000,4.5045,1,PCM_16,
../data/Actor_07/03-02-05-02-02-01-07.wav,03-02-05-02-02-01-07,3,song,5,angry,strong,dogsdoor,1,7,male,True,48000,4.604604166666666,1,PCM_16,
../data/Actor_07/03-02-05-02-02-02-07.wav,03-02-05-02-02-02-07,3,song,5,angry,strong,dogsdoor,2,7,male,True,48000,4.571229166666667,1,PCM_16,
../data/Actor_07/03-02-06-01-01-01-07.wav,03-02-06-01-01-01-07,3,song,6,fearful,normal,kidsdoor,1,7,male,True,48000,4.237583333333333,1,PCM_16,
../data/Actor_07/03-02-06-01-01-02-07.wav,03-02-06-01-01-02-07,3,song,6,fearful,normal,kidsdoor,2,7,male,True,48000,4.2375625,1,PCM_16,
../data/Actor_07/03-02-06-01-02-01-07.wav,03-02-06-01-02-01-07,3,song,6,fearful,normal,dogsdoor,1,7,male,True,48000,4.671333333333333,1,PCM_16,
../data/Actor_07/03-02-06-01-02-02-07.wav,03-02-06-01-02-02-07,3,song,6,fearful,normal,dogsdoor,2,7,male,True,48000,4.871520833333333,1,PCM_16,
../data/Actor_07/03-02-06-02-01-01-07.wav,03-02-06-02-01-01-07,3,song,6,fearful,strong,kidsdoor,1,7,male,True,48000,4.170833333333333,1,PCM_16,
../data/Actor_07/03-02-06-02-01-02-07.wav,03-02-06-02-01-02-07,3,song,6,fearful,strong,kidsdoor,2,7,male,True,48000,4.137458333333333,1,PCM_16,
../data/Actor_07/03-02-06-02-02-01-07.wav,03-02-06-02-02-01-07,3,song,6,fearful,strong,dogsdoor,1,7,male,True,48000,4.371041666666667,1,PCM_16,
../data/Actor_07/03-02-06-02-02-02-07.wav,03-02-06-02-02-02-07,3,song,6,fearful,strong,dogsdoor,2,7,male,True,48000,4.137458333333333,1,PCM_16,
../data/Actor_08/03-01-01-01-01-01-08.wav,03-01-01-01-01-01-08,3,speech,1,neutral,normal,kidsdoor,1,8,female,True,48000,3.5035,1,PCM_16,
../data/Actor_08/03-01-01-01-01-02-08.wav,03-01-01-01-01-02-08,3,speech,1,neutral,normal,kidsdoor,2,8,female,True,48000,3.636979166666667,1,PCM_16,
../data/Actor_08/03-01-01-01-02-01-08.wav,03-01-01-01-02-01-08,3,speech,1,neutral,normal,dogsdoor,1,8,female,True,48000,3.5368541666666666,1,PCM_16,
../data/Actor_08/03-01-01-01-02-02-08.wav,03-01-01-01-02-02-08,3,speech,1,neutral,normal,dogsdoor,2,8,female,True,48000,3.5035,1,PCM_16,
../data/Actor_08/03-01-02-01-01-01-08.wav,03-01-02-01-01-01-08,3,speech,2,calm,normal,kidsdoor,1,8,female,True,48000,3.6036041666666665,1,PCM_16,
../data/Actor_08/03-01-02-01-01-02-08.wav,03-01-02-01-01-02-08,3,speech,2,calm,normal,kidsdoor,2,8,female,True,48000,3.4034166666666668,1,PCM_16,
../data/Actor_08/03-01-02-01-02-01-08.wav,03-01-02-01-02-01-08,3,speech,2,calm,normal,dogsdoor,1,8,female,True,48000,3.470125,1,PCM_16,
../data/Actor_08/03-01-02-01-02-02-08.wav,03-01-02-01-02-02-08,3,speech,2,calm,normal,dogsdoor,2,8,female,True,48000,3.470125,1,PCM_16,
../data/Actor_08/03-01-02-02-01-01-08.wav,03-01-02-02-01-01-08,3,speech,2,calm,strong,kidsdoor,1,8,female,True,48000,3.6369583333333333,1,PCM_16,
../data/Actor_08/03-01-02-02-01-02-08.wav,03-01-02-02-01-02-08,3,speech,2,calm,strong,kidsdoor,2,8,female,True,48000,3.7370625,1,PCM_16,
../data/Actor_08/03-01-02-02-02-01-08.wav,03-01-02-02-02-01-08,3,speech,2,calm,strong,dogsdoor,1,8,female,True,48000,3.6703333333333332,1,PCM_16,
../data/Actor_08/03-01-02-02-02-02-08.wav,03-01-02-02-02-02-08,3,speech,2,calm,strong,dogsdoor,2,8,female,True,48000,3.8038125,1,PCM_16,
../data/Actor_08/03-01-03-01-01-01-08.wav,03-01-03-01-01-01-08,3,speech,3,happy,normal,kidsdoor,1,8,female,True,48000,3.5035,1,PCM_16,
../data/Actor_08/03-01-03-01-01-02-08.wav,03-01-03-01-01-02-08,3,speech,3,happy,normal,kidsdoor,2,8,female,True,48000,3.43675,1,PCM_16,
../data/Actor_08/03-01-03-01-02-01-08.wav,03-01-03-01-02-01-08,3,speech,3,happy,normal,dogsdoor,1,8,female,True,48000,3.470125,1,PCM_16,
../data/Actor_08/03-01-03-01-02-02-08.wav,03-01-03-01-02-02-08,3,speech,3,happy,normal,dogsdoor,2,8,female,True,48000,3.4367708333333336,1,PCM_16,
../data/Actor_08/03-01-03-02-01-01-08.wav,03-01-03-02-01-01-08,3,speech,3,happy,strong,kidsdoor,1,8,female,True,48000,3.7704166666666667,1,PCM_16,
../data/Actor_08/03-01-03-02-01-02-08.wav,03-01-03-02-01-02-08,3,speech,3,happy,strong,kidsdoor,2,8,female,True,48000,3.9038958333333333,1,PCM_16,
../data/Actor_08/03-01-03-02-02-01-08.wav,03-01-03-02-02-01-08,3,speech,3,happy,strong,dogsdoor,1,8,female,True,48000,3.8371666666666666,1,PCM_16,
../data/Actor_08/03-01-03-02-02-02-08.wav,03-01-03-02-02-02-08,3,speech,3,happy,strong,dogsdoor,2,8,female,True,48000,3.9372708333333333,1,PCM_16,
../data/Actor_08/03-01-04-01-01-01-08.wav,03-01-04-01-01-01-08,3,speech,4,sad,normal,kidsdoor,1,8,female,True,48000,4.204208333333334,1,PCM_16,
../data/Actor_08/03-01-04-01-01-02-08.wav,03-01-04-01-01-02-08,3,speech,4,sad,normal,kidsdoor,2,8,female,True,48000,3.8705208333333334,1,PCM_16,
../data/Actor_08/03-01-04-01-02-01-08.wav,03-01-04-01-02-01-08,3,speech,4,sad,normal,dogsdoor,1,8,female,True,48000,3.57025,1,PCM_16,
../data/Actor_08/03-01-04-01-02-02-08.wav,03-01-04-01-02-02-08,3,speech,4,sad,normal,dogsdoor,2,8,female,True,48000,3.6036041666666665,1,PCM_16,
../data/Actor_08/03-01-04-02-01-01-08.wav,03-01-04-02-01-01-08,3,speech,4,sad,strong,kidsdoor,1,8,female,True,48000,3.7704166666666667,1,PCM_16,
../data/Actor_08/03-01-04-02-01-02-08.wav,03-01-04-02-01-02-08,3,speech,4,sad,strong,kidsdoor,2,8,female,True,48000,3.9372708333333333,1,PCM_16,
../data/Actor_08/03-01-04-02-02-01-08.wav,03-01-04-02-02-01-08,3,speech,4,sad,strong,dogsdoor,1,8,female,True,48000,3.6703333333333332,1,PCM_16,
../data/Actor_08/03-01-04-02-02-02-08.wav,03-01-04-02-02-02-08,3,speech,4,sad,strong,dogsdoor,2,8,female,True,48000,3.703708333333333,1,PCM_16,
../data/Actor_08/03-01-05-01-01-01-08.wav,03-01-05-01-01-01-08,3,speech,5,angry,normal,kidsdoor,1,8,female,True,48000,3.703708333333333,1,PCM_16,
../data/Actor_08/03-01-05-01-01-02-08.wav,03-01-05-01-01-02-08,3,speech,5,angry,normal,kidsdoor,2,8,female,True,48000,3.6036041666666665,1,PCM_16,
../data/Actor_08/03-01-05-01-02-01-08.wav,03-01-05-01-02-01-08,3,speech,5,angry,normal,dogsdoor,1,8,female,True,48000,3.536875,1,PCM_16,
../data/Actor_08/03-01-05-01-02-02-08.wav,03-01-05-01-02-02-08,3,speech,5,angry,normal,dogsdoor,2,8,female,True,48000,3.5702291666666666,1,PCM_16,
../data/Actor_08/03-01-05-02-01-01-08.wav,03-01-05-02-01-01-08,3,speech,5,angry,strong,kidsdoor,1,8,female,True,48000,3.970625,1,PCM_16,
../data/Actor_08/03-01-05-02-01-02-08.wav,03-01-05-02-01-02-08,3,speech,5,angry,strong,kidsdoor,2,8,female,True,48000,3.7704375,1,PCM_16,
../data/Actor_08/03-01-05-02-02-01-08.wav,03-01-05-02-02-01-08,3,speech,5,angry,strong,dogsdoor,1,8,female,True,48000,3.6036041666666665,1,PCM_16,
../data/Actor_08/03-01-05-02-02-02-08.wav,03-01-05-02-02-02-08,3,speech,5,angry,strong,dogsdoor,2,8,female,True,48000,3.6369583333333333,1,PCM_16,
../data/Actor_08/03-01-06-01-01-01-08.wav,03-01-06-01-01-01-08,3,speech,6,fearful,normal,kidsdoor,1,8,female,True,48000,3.970645833333333,1,PCM_16,
../data/Actor_08/03-01-06-01-01-02-08.wav,03-01-06-01-01-02-08,3,speech,6,fearful,normal,kidsdoor,2,8,female,True,48000,3.6703333333333332,1,PCM_16,
../data/Actor_08/03-01-06-01-02-01-08.wav,03-01-06-01-02-01-08,3,speech,6,fearful,normal,dogsdoor,1,8,female,True,48000,3.7704375,1,PCM_16,
../data/Actor_08/03-01-06-01-02-02-08.wav,03-01-06-01-02-02-08,3,speech,6,fearful,normal,dogsdoor,2,8,female,True,48000,3.6703333333333332,1,PCM_16,
../data/Actor_08/03-01-06-02-01-01-08.wav,03-01-06-02-01-01-08,3,speech,6,fearful,strong,kidsdoor,1,8,female,True,48000,3.970625,1,PCM_16,
../data/Actor_08/03-01-06-02-01-02-08.wav,03-01-06-02-01-02-08,3,speech,6,fearful,strong,kidsdoor,2,8,female,True,48000,3.9038958333333333,1,PCM_16,
../data/Actor_08/03-01-06-02-02-01-08.wav,03-01-06-02-02-01-08,3,speech,6,fearful,strong,dogsdoor,1,8,female,True,48000,3.8705208333333334,1,PCM_16,
../data/Actor_08/03-01-06-02-02-02-08.wav,03-01-06-02-02-02-08,3,speech,6,fearful,strong,dogsdoor,2,8,female,True,48000,3.9372708333333333,1,PCM_16,
../data/Actor_08/03-01-07-01-01-01-08.wav,03-01-07-01-01-01-08,3,speech,7,disgust,normal,kidsdoor,1,8,female,True,48000,3.9038958333333333,1,PCM_16,
../data/Actor_08/03-01-07-01-01-02-08.wav,03-01-07-01-01-02-08,3,speech,7,disgust,normal,kidsdoor,2,8,female,True,48000,3.6703333333333332,1,PCM_16,
../data/Actor_08/03-01-07-01-02-01-08.wav,03-01-07-01-02-01-08,3,speech,7,disgust,normal,dogsdoor,1,8,female,True,48000,3.9372708333333333,1,PCM_16,
../data/Actor_08/03-01-07-01-02-02-08.wav,03-01-07-01-02-02-08,3,speech,7,disgust,normal,dogsdoor,2,8,female,True,48000,3.8371666666666666,1,PCM_16,
../data/Actor_08/03-01-07-02-01-01-08.wav,03-01-07-02-01-01-08,3,speech,7,disgust,strong,kidsdoor,1,8,female,True,48000,4.070729166666666,1,PCM_16,
../data/Actor_08/03-01-07-02-01-02-08.wav,03-01-07-02-01-02-08,3,speech,7,disgust,strong,kidsdoor,2,8,female,True,48000,3.7704375,1,PCM_16,
../data/Actor_08/03-01-07-02-02-01-08.wav,03-01-07-02-02-01-08,3,speech,7,disgust,strong,dogsdoor,1,8,female,True,48000,3.7370833333333335,1,PCM_16,
../data/Actor_08/03-01-07-02-02-02-08.wav,03-01-07-02-02-02-08,3,speech,7,disgust,strong,dogsdoor,2,8,female,True,48000,3.8705208333333334,1,PCM_16,
../data/Actor_08/03-01-08-01-01-01-08.wav,03-01-08-01-01-01-08,3,speech,8,surprised,normal,kidsdoor,1,8,female,True,48000,3.703708333333333,1,PCM_16,
../data/Actor_08/03-01-08-01-01-02-08.wav,03-01-08-01-01-02-08,3,speech,8,surprised,normal,kidsdoor,2,8,female,True,48000,3.8037916666666667,1,PCM_16,
../data/Actor_08/03-01-08-01-02-01-08.wav,03-01-08-01-02-01-08,3,speech,8,surprised,normal,dogsdoor,1,8,female,True,48000,3.7704375,1,PCM_16,
../data/Actor_08/03-01-08-01-02-02-08.wav,03-01-08-01-02-02-08,3,speech,8,surprised,normal,dogsdoor,2,8,female,True,48000,3.536875,1,PCM_16,
../data/Actor_08/03-01-08-02-01-01-08.wav,03-01-08-02-01-01-08,3,speech,8,surprised,strong,kidsdoor,1,8,female,True,48000,3.8371666666666666,1,PCM_16,
../data/Actor_08/03-01-08-02-01-02-08.wav,03-01-08-02-01-02-08,3,speech,8,surprised,strong,kidsdoor,2,8,female,True,48000,3.7036875,1,PCM_16,
../data/Actor_08/03-01-08-02-02-01-08.wav,03-01-08-02-02-01-08,3,speech,8,surprised,strong,dogsdoor,1,8,female,True,48000,3.8037916666666667,1,PCM_16,
../data/Actor_08/03-01-08-02-02-02-08.wav,03-01-08-02-02-02-08,3,speech,8,surprised,strong,dogsdoor,2,8,female,True,48000,3.8705416666666665,1,PCM_16,
../data/Actor_08/03-02-01-01-01-01-08.wav,03-02-01-01-01-01-08,3,song,1,neutral,normal,kidsdoor,1,8,female,True,48000,4.671333333333333,1,PCM_16,
../data/Actor_08/03-02-01-01-01-02-08.wav,03-02-01-01-01-02-08,3,song,1,neutral,normal,kidsdoor,2,8,female,True,48000,4.7380625,1,PCM_16,
../data/Actor_08/03-02-01-01-02-01-08.wav,03-02-01-01-02-01-08,3,song,1,neutral,normal,dogsdoor,1,8,female,True,48000,4.7046875,1,PCM_16,
../data/Actor_08/03-02-01-01-02-02-08.wav,03-02-01-01-02-02-08,3,song,1,neutral,normal,dogsdoor,2,8,female,True,48000,4.7047083333333335,1,PCM_16,
../data/Actor_08/03-02-02-01-01-01-08.wav,03-02-02-01-01-01-08,3,song,2,calm,normal,kidsdoor,1,8,female,True,48000,4.7047083333333335,1,PCM_16,
../data/Actor_08/03-02-02-01-01-02-08.wav,03-02-02-01-01-02-08,3,song,2,calm,normal,kidsdoor,2,8,female,True,48000,4.804791666666667,1,PCM_16,
../data/Actor_08/03-02-02-01-02-01-08.wav,03-02-02-01-02-01-08,3,song,2,calm,normal,dogsdoor,1,8,female,True,48000,4.804791666666667,1,PCM_16,
../data/Actor_08/03-02-02-01-02-02-08.wav,03-02-02-01-02-02-08,3,song,2,calm,normal,dogsdoor,2,8,female,True,48000,4.871541666666666,1,PCM_16,
../data/Actor_08/03-02-02-02-01-01-08.wav,03-02-02-02-01-01-08,3,song,2,calm,strong,kidsdoor,1,8,female,True,48000,5.405395833333333,1,PCM_16,
../data/Actor_08/03-02-02-02-01-02-08.wav,03-02-02-02-01-02-08,3,song,2,calm,strong,kidsdoor,2,8,female,True,48000,5.338666666666667,1,PCM_16,
../data/Actor_08/03-02-02-02-02-01-08.wav,03-02-02-02-02-01-08,3,song,2,calm,strong,dogsdoor,1,8,female,True,48000,5.2385625,1,PCM_16,
../data/Actor_08/03-02-02-02-02-02-08.wav,03-02-02-02-02-02-08,3,song,2,calm,strong,dogsdoor,2,8,female,True,48000,5.105104166666667,1,PCM_16,
../data/Actor_08/03-02-03-01-01-01-08.wav,03-02-03-01-01-01-08,3,song,3,happy,normal,kidsdoor,1,8,female,True,48000,4.604583333333333,1,PCM_16,
../data/Actor_08/03-02-03-01-01-02-08.wav,03-02-03-01-01-02-08,3,song,3,happy,normal,kidsdoor,2,8,female,True,48000,4.5378541666666665,1,PCM_16,
../data/Actor_08/03-02-03-01-02-01-08.wav,03-02-03-01-02-01-08,3,song,3,happy,normal,dogsdoor,1,8,female,True,48000,4.604604166666666,1,PCM_16,
../data/Actor_08/03-02-03-01-02-02-08.wav,03-02-03-01-02-02-08,3,song,3,happy,normal,dogsdoor,2,8,female,True,48000,4.604604166666666,1,PCM_16,
../data/Actor_08/03-02-03-02-01-01-08.wav,03-02-03-02-01-01-08,3,song,3,happy,strong,kidsdoor,1,8,female,True,48000,4.637958333333334,1,PCM_16,
../data/Actor_08/03-02-03-02-01-02-08.wav,03-02-03-02-01-02-08,3,song,3,happy,strong,kidsdoor,2,8,female,True,48000,4.5045,1,PCM_16,
../data/Actor_08/03-02-03-02-02-01-08.wav,03-02-03-02-02-01-08,3,song,3,happy,strong,dogsdoor,1,8,female,True,48000,4.571229166666667,1,PCM_16,
../data/Actor_08/03-02-03-02-02-02-08.wav,03-02-03-02-02-02-08,3,song,3,happy,strong,dogsdoor,2,8,female,True,48000,4.571229166666667,1,PCM_16,
../data/Actor_08/03-02-04-01-01-01-08.wav,03-02-04-01-01-01-08,3,song,4,sad,normal,kidsdoor,1,8,female,True,48000,5.07175,1,PCM_16,
../data/Actor_08/03-02-04-01-01-02-08.wav,03-02-04-01-01-02-08,3,song,4,sad,normal,kidsdoor,2,8,female,True,48000,5.538854166666667,1,PCM_16,
../data/Actor_08/03-02-04-01-02-01-08.wav,03-02-04-01-02-01-08,3,song,4,sad,normal,dogsdoor,1,8,female,True,48000,5.372020833333333,1,PCM_16,
../data/Actor_08/03-02-04-01-02-02-08.wav,03-02-04-01-02-02-08,3,song,4,sad,normal,dogsdoor,2,8,female,True,48000,5.205208333333333,1,PCM_16,
../data/Actor_08/03-02-04-02-01-01-08.wav,03-02-04-02-01-01-08,3,song,4,sad,strong,kidsdoor,1,8,female,True,48000,4.971625,1,PCM_16,
../data/Actor_08/03-02-04-02-01-02-08.wav,03-02-04-02-01-02-08,3,song,4,sad,strong,kidsdoor,2,8,female,True,48000,5.005,1,PCM_16,
../data/Actor_08/03-02-04-02-02-01-08.wav,03-02-04-02-02-01-08,3,song,4,sad,strong,dogsdoor,1,8,female,True,48000,4.838166666666667,1,PCM_16,
../data/Actor_08/03-02-04-02-02-02-08.wav,03-02-04-02-02-02-08,3,song,4,sad,strong,dogsdoor,2,8,female,True,48000,4.971625,1,PCM_16,
../data/Actor_08/03-02-05-01-01-01-08.wav,03-02-05-01-01-01-08,3,song,5,angry,normal,kidsdoor,1,8,female,True,48000,4.437770833333333,1,PCM_16,
../data/Actor_08/03-02-05-01-01-02-08.wav,03-02-05-01-01-02-08,3,song,5,angry,normal,kidsdoor,2,8,female,True,48000,4.404395833333333,1,PCM_16,
../data/Actor_08/03-02-05-01-02-01-08.wav,03-02-05-01-02-01-08,3,song,5,angry,normal,dogsdoor,1,8,female,True,48000,4.537875,1,PCM_16,
../data/Actor_08/03-02-05-01-02-02-08.wav,03-02-05-01-02-02-08,3,song,5,angry,normal,dogsdoor,2,8,female,True,48000,4.571229166666667,1,PCM_16,
../data/Actor_08/03-02-05-02-01-01-08.wav,03-02-05-02-01-01-08,3,song,5,angry,strong,kidsdoor,1,8,female,True,48000,4.537875,1,PCM_16,
../data/Actor_08/03-02-05-02-01-02-08.wav,03-02-05-02-01-02-08,3,song,5,angry,strong,kidsdoor,2,8,female,True,48000,4.337666666666666,1,PCM_16,
../data/Actor_08/03-02-05-02-02-01-08.wav,03-02-05-02-02-01-08,3,song,5,angry,strong,dogsdoor,1,8,female,True,48000,4.437770833333333,1,PCM_16,
../data/Actor_08/03-02-05-02-02-02-08.wav,03-02-05-02-02-02-08,3,song,5,angry,strong,dogsdoor,2,8,female,True,48000,4.437770833333333,1,PCM_16,
../data/Actor_08/03-02-06-01-01-01-08.wav,03-02-06-01-01-01-08,3,song,6,fearful,normal,kidsdoor,1,8,female,True,48000,4.7380625,1,PCM_16,
../data/Actor_08/03-02-06-01-01-02-08.wav,03-02-06-01-01-02-08,3,song,6,fearful,normal,kidsdoor,2,8,female,True,48000,4.637979166666667,1,PCM_16,
../data/Actor_08/03-02-06-01-02-01-08.wav,03-02-06-01-02-01-08,3,song,6,fearful,normal,dogsdoor,1,8,female,True,48000,4.471145833333333,1,PCM_16,
../data/Actor_08/03-02-06-01-02-02-08.wav,03-02-06-01-02-02-08,3,song,6,fearful,normal,dogsdoor,2,8,female,True,48000,4.371041666666667,1,PCM_16,
../data/Actor_08/03-02-06-02-01-01-08.wav,03-02-06-02-01-01-08,3,song,6,fearful,strong,kidsdoor,1,8,female,True,48000,4.604604166666666,1,PCM_16,
../data/Actor_08/03-02-06-02-01-02-08.wav,03-02-06-02-01-02-08,3,song,6,fearful,strong,kidsdoor,2,8,female,True,48000,4.637979166666667,1,PCM_16,
../data/Actor_08/03-02-06-02-02-01-08.wav,03-02-06-02-02-01-08,3,song,6,fearful,strong,dogsdoor,1,8,female,True,48000,4.471145833333333,1,PCM_16,
../data/Actor_08/03-02-06-02-02-02-08.wav,03-02-06-02-02-02-08,3,song,6,fearful,strong,dogsdoor,2,8,female,True,48000,4.637958333333334,1,PCM_16,
../data/Actor_09/03-01-01-01-01-01-09.wav,03-01-01-01-01-01-09,3,speech,1,neutral,normal,kidsdoor,1,9,male,True,48000,3.2699375,1,PCM_16,
../data/Actor_09/03-01-01-01-01-02-09.wav,03-01-01-01-01-02-09,3,speech,1,neutral,normal,kidsdoor,2,9,male,True,48000,3.2032083333333334,1,PCM_16,
../data/Actor_09/03-01-01-01-02-01-09.wav,03-01-01-01-02-01-09,3,speech,1,neutral,normal,dogsdoor,1,9,male,True,48000,3.3366666666666664,1,PCM_16,
../data/Actor_09/03-01-01-01-02-02-09.wav,03-01-01-01-02-02-09,3,speech,1,neutral,normal,dogsdoor,2,9,male,True,48000,3.2365833333333334,1,PCM_16,
../data/Actor_09/03-01-02-01-01-01-09.wav,03-01-02-01-01-01-09,3,speech,2,calm,normal,kidsdoor,1,9,male,True,48000,3.3366666666666664,1,PCM_16,
../data/Actor_09/03-01-02-01-01-02-09.wav,03-01-02-01-01-02-09,3,speech,2,calm,normal,kidsdoor,2,9,male,True,48000,3.3366666666666664,1,PCM_16,
../data/Actor_09/03-01-02-01-02-01-09.wav,03-01-02-01-02-01-09,3,speech,2,calm,normal,dogsdoor,1,9,male,True,48000,3.4701458333333335,1,PCM_16,
../data/Actor_09/03-01-02-01-02-02-09.wav,03-01-02-01-02-02-09,3,speech,2,calm,normal,dogsdoor,2,9,male,True,48000,3.5702291666666666,1,PCM_16,
../data/Actor_09/03-01-02-02-01-01-09.wav,03-01-02-02-01-01-09,3,speech,2,calm,strong,kidsdoor,1,9,male,True,48000,3.3366666666666664,1,PCM_16,
../data/Actor_09/03-01-02-02-01-02-09.wav,03-01-02-02-01-02-09,3,speech,2,calm,strong,kidsdoor,2,9,male,True,48000,3.4367708333333336,1,PCM_16,
../data/Actor_09/03-01-02-02-02-01-09.wav,03-01-02-02-02-01-09,3,speech,2,calm,strong,dogsdoor,1,9,male,True,48000,3.8037916666666667,1,PCM_16,
../data/Actor_09/03-01-02-02-02-02-09.wav,03-01-02-02-02-02-09,3,speech,2,calm,strong,dogsdoor,2,9,male,True,48000,3.636979166666667,1,PCM_16,
../data/Actor_09/03-01-03-01-01-01-09.wav,03-01-03-01-01-01-09,3,speech,3,happy,normal,kidsdoor,1,9,male,True,48000,3.3366666666666664,1,PCM_16,
../data/Actor_09/03-01-03-01-01-02-09.wav,03-01-03-01-01-02-09,3,speech,3,happy,normal,kidsdoor,2,9,male,True,48000,3.5368541666666666,1,PCM_16,
../data/Actor_09/03-01-03-01-02-01-09.wav,03-01-03-01-02-01-09,3,speech,3,happy,normal,dogsdoor,1,9,male,True,48000,3.3032916666666665,1,PCM_16,
../data/Actor_09/03-01-03-01-02-02-09.wav,03-01-03-01-02-02-09,3,speech,3,happy,normal,dogsdoor,2,9,male,True,48000,3.4701458333333335,1,PCM_16,
../data/Actor_09/03-01-03-02-01-01-09.wav,03-01-03-02-01-01-09,3,speech,3,happy,strong,kidsdoor,1,9,male,True,48000,3.7704375,1,PCM_16,
../data/Actor_09/03-01-03-02-01-02-09.wav,03-01-03-02-01-02-09,3,speech,3,happy,strong,kidsdoor,2,9,male,True,48000,4.170833333333333,1,PCM_16,
../data/Actor_09/03-01-03-02-02-01-09.wav,03-01-03-02-02-01-09,3,speech,3,happy,strong,dogsdoor,1,9,male,True,48000,3.57025,1,PCM_16,
../data/Actor_09/03-01-03-02-02-02-09.wav,03-01-03-02-02-02-09,3,speech,3,happy,strong,dogsdoor,2,9,male,True,48000,3.5702291666666666,1,PCM_16,
../data/Actor_09/03-01-04-01-01-01-09.wav,03-01-04-01-01-01-09,3,speech,4,sad,normal,kidsdoor,1,9,male,True,48000,3.2699375,1,PCM_16,
../data/Actor_09/03-01-04-01-01-02-09.wav,03-01-04-01-01-02-09,3,speech,4,sad,normal,kidsdoor,2,9,male,True,48000,3.43675,1,PCM_16,
../data/Actor_09/03-01-04-01-02-01-09.wav,03-01-04-01-02-01-09,3,speech,4,sad,normal,dogsdoor,1,9,male,True,48000,3.403395833333333,1,PCM_16,
../data/Actor_09/03-01-04-01-02-02-09.wav,03-01-04-01-02-02-09,3,speech,4,sad,normal,dogsdoor,2,9,male,True,48000,3.4034166666666668,1,PCM_16,
../data/Actor_09/03-01-04-02-01-01-09.wav,03-01-04-02-01-01-09,3,speech,4,sad,strong,kidsdoor,1,9,male,True,48000,3.9372708333333333,1,PCM_16,
../data/Actor_09/03-01-04-02-01-02-09.wav,03-01-04-02-01-02-09,3,speech,4,sad,strong,kidsdoor,2,9,male,True,48000,3.9038958333333333,1,PCM_16,
../data/Actor_09/03-01-04-02-02-01-09.wav,03-01-04-02-02-01-09,3,speech,4,sad,strong,dogsdoor,1,9,male,True,48000,3.636979166666667,1,PCM_16,
../data/Actor_09/03-01-04-02-02-02-09.wav,03-01-04-02-02-02-09,3,speech,4,sad,strong,dogsdoor,2,9,male,True,48000,3.8705416666666665,1,PCM_16,
../data/Actor_09/03-01-05-01-01-01-09.wav,03-01-05-01-01-01-09,3,speech,5,angry,normal,kidsdoor,1,9,male,True,48000,3.5702291666666666,1,PCM_16,
../data/Actor_09/03-01-05-01-01-02-09.wav,03-01-05-01-01-02-09,3,speech,5,angry,normal,kidsdoor,2,9,male,True,48000,3.57025,1,PCM_16,
../data/Actor_09/03-01-05-01-02-01-09.wav,03-01-05-01-02-01-09,3,speech,5,angry,normal,dogsdoor,1,9,male,True,48000,3.7370625,1,PCM_16,
../data/Actor_09/03-01-05-01-02-02-09.wav,03-01-05-01-02-02-09,3,speech,5,angry,normal,dogsdoor,2,9,male,True,48000,3.536875,1,PCM_16,
../data/Actor_09/03-01-05-02-01-01-09.wav,03-01-05-02-01-01-09,3,speech,5,angry,strong,kidsdoor,1,9,male,True,48000,3.8038125,1,PCM_16,
../data/Actor_09/03-01-05-02-01-02-09.wav,03-01-05-02-01-02-09,3,speech,5,angry,strong,kidsdoor,2,9,male,True,48000,3.7704375,1,PCM_16,
../data/Actor_09/03-01-05-02-02-01-09.wav,03-01-05-02-02-01-09,3,speech,5,angry,strong,dogsdoor,1,9,male,True,48000,4.371041666666667,1,PCM_16,
../data/Actor_09/03-01-05-02-02-02-09.wav,03-01-05-02-02-02-09,3,speech,5,angry,strong,dogsdoor,2,9,male,True,48000,3.970645833333333,1,PCM_16,
../data/Actor_09/03-01-06-01-01-01-09.wav,03-01-06-01-01-01-09,3,speech,6,fearful,normal,kidsdoor,1,9,male,True,48000,3.1698333333333335,1,PCM_16,
../data/Actor_09/03-01-06-01-01-02-09.wav,03-01-06-01-01-02-09,3,speech,6,fearful,normal,kidsdoor,2,9,male,True,48000,3.1698333333333335,1,PCM_16,
../data/Actor_09/03-01-06-01-02-01-09.wav,03-01-06-01-02-01-09,3,speech,6,fearful,normal,dogsdoor,1,9,male,True,48000,3.1364791666666667,1,PCM_16,
../data/Actor_09/03-01-06-01-02-02-09.wav,03-01-06-01-02-02-09,3,speech,6,fearful,normal,dogsdoor,2,9,male,True,48000,3.136458333333333,1,PCM_16,
../data/Actor_09/03-01-06-02-01-01-09.wav,03-01-06-02-01-01-09,3,speech,6,fearful,strong,kidsdoor,1,9,male,True,48000,3.2365625,1,PCM_16,
../data/Actor_09/03-01-06-02-01-02-09.wav,03-01-06-02-01-02-09,3,speech,6,fearful,strong,kidsdoor,2,9,male,True,48000,3.2699375,1,PCM_16,
../data/Actor_09/03-01-06-02-02-01-09.wav,03-01-06-02-02-01-09,3,speech,6,fearful,strong,dogsdoor,1,9,male,True,48000,3.2365625,1,PCM_16,
../data/Actor_09/03-01-06-02-02-02-09.wav,03-01-06-02-02-02-09,3,speech,6,fearful,strong,dogsdoor,2,9,male,True,48000,3.2365625,1,PCM_16,
../data/Actor_09/03-01-07-01-01-01-09.wav,03-01-07-01-01-01-09,3,speech,7,disgust,normal,kidsdoor,1,9,male,True,48000,3.403395833333333,1,PCM_16,
../data/Actor_09/03-01-07-01-01-02-09.wav,03-01-07-01-01-02-09,3,speech,7,disgust,normal,kidsdoor,2,9,male,True,48000,3.5035,1,PCM_16,
../data/Actor_09/03-01-07-01-02-01-09.wav,03-01-07-01-02-01-09,3,speech,7,disgust,normal,dogsdoor,1,9,male,True,48000,3.470125,1,PCM_16,
../data/Actor_09/03-01-07-01-02-02-09.wav,03-01-07-01-02-02-09,3,speech,7,disgust,normal,dogsdoor,2,9,male,True,48000,3.403395833333333,1,PCM_16,
../data/Actor_09/03-01-07-02-01-01-09.wav,03-01-07-02-01-01-09,3,speech,7,disgust,strong,kidsdoor,1,9,male,True,48000,3.636979166666667,1,PCM_16,
../data/Actor_09/03-01-07-02-01-02-09.wav,03-01-07-02-01-02-09,3,speech,7,disgust,strong,kidsdoor,2,9,male,True,48000,3.5368541666666666,1,PCM_16,
../data/Actor_09/03-01-07-02-02-01-09.wav,03-01-07-02-02-01-09,3,speech,7,disgust,strong,dogsdoor,1,9,male,True,48000,3.5702291666666666,1,PCM_16,
../data/Actor_09/03-01-07-02-02-02-09.wav,03-01-07-02-02-02-09,3,speech,7,disgust,strong,dogsdoor,2,9,male,True,48000,3.6035833333333334,1,PCM_16,
../data/Actor_09/03-01-08-01-01-01-09.wav,03-01-08-01-01-01-09,3,speech,8,surprised,normal,kidsdoor,1,9,male,True,48000,3.069729166666667,1,PCM_16,
../data/Actor_09/03-01-08-01-01-02-09.wav,03-01-08-01-01-02-09,3,speech,8,surprised,normal,kidsdoor,2,9,male,True,48000,3.3366666666666664,1,PCM_16,
../data/Actor_09/03-01-08-01-02-01-09.wav,03-01-08-01-02-01-09,3,speech,8,surprised,normal,dogsdoor,1,9,male,True,48000,3.4367708333333336,1,PCM_16,
../data/Actor_09/03-01-08-01-02-02-09.wav,03-01-08-01-02-02-09,3,speech,8,surprised,normal,dogsdoor,2,9,male,True,48000,3.43675,1,PCM_16,
../data/Actor_09/03-01-08-02-01-01-09.wav,03-01-08-02-01-01-09,3,speech,8,surprised,strong,kidsdoor,1,9,male,True,48000,3.3032916666666665,1,PCM_16,
../data/Actor_09/03-01-08-02-01-02-09.wav,03-01-08-02-01-02-09,3,speech,8,surprised,strong,kidsdoor,2,9,male,True,48000,3.2699375,1,PCM_16,
../data/Actor_09/03-01-08-02-02-01-09.wav,03-01-08-02-02-01-09,3,speech,8,surprised,strong,dogsdoor,1,9,male,True,48000,3.403395833333333,1,PCM_16,
../data/Actor_09/03-01-08-02-02-02-09.wav,03-01-08-02-02-02-09,3,speech,8,surprised,strong,dogsdoor,2,9,male,True,48000,3.43675,1,PCM_16,
../data/Actor_09/03-02-01-01-01-01-09.wav,03-02-01-01-01-01-09,3,song,1,neutral,normal,kidsdoor,1,9,male,True,48000,4.104104166666667,1,PCM_16,
../data/Actor_09/03-02-01-01-01-02-09.wav,03-02-01-01-01-02-09,3,song,1,neutral,normal,kidsdoor,2,9,male,True,48000,4.371020833333334,1,PCM_16,
../data/Actor_09/03-02-01-01-02-01-09.wav,03-02-01-01-02-01-09,3,song,1,neutral,normal,dogsdoor,1,9,male,True,48000,4.2375625,1,PCM_16,
../data/Actor_09/03-02-01-01-02-02-09.wav,03-02-01-01-02-02-09,3,song,1,neutral,normal,dogsdoor,2,9,male,True,48000,4.170833333333333,1,PCM_16,
../data/Actor_09/03-02-02-01-01-01-09.wav,03-02-02-01-01-01-09,3,song,2,calm,normal,kidsdoor,1,9,male,True,48000,5.338666666666667,1,PCM_16,
../data/Actor_09/03-02-02-01-01-02-09.wav,03-02-02-01-01-02-09,3,song,2,calm,normal,kidsdoor,2,9,male,True,48000,6.039354166666667,1,PCM_16,
../data/Actor_09/03-02-02-01-02-01-09.wav,03-02-02-01-02-01-09,3,song,2,calm,normal,dogsdoor,1,9,male,True,48000,4.637979166666667,1,PCM_16,
../data/Actor_09/03-02-02-01-02-02-09.wav,03-02-02-01-02-02-09,3,song,2,calm,normal,dogsdoor,2,9,male,True,48000,4.904895833333334,1,PCM_16,
../data/Actor_09/03-02-02-02-01-01-09.wav,03-02-02-02-01-01-09,3,song,2,calm,strong,kidsdoor,1,9,male,True,48000,5.438770833333334,1,PCM_16,
../data/Actor_09/03-02-02-02-01-02-09.wav,03-02-02-02-01-02-09,3,song,2,calm,strong,kidsdoor,2,9,male,True,48000,5.4054166666666665,1,PCM_16,
../data/Actor_09/03-02-02-02-02-01-09.wav,03-02-02-02-02-01-09,3,song,2,calm,strong,dogsdoor,1,9,male,True,48000,5.372041666666667,1,PCM_16,
../data/Actor_09/03-02-02-02-02-02-09.wav,03-02-02-02-02-02-09,3,song,2,calm,strong,dogsdoor,2,9,male,True,48000,5.972645833333333,1,PCM_16,
../data/Actor_09/03-02-03-01-01-01-09.wav,03-02-03-01-01-01-09,3,song,3,happy,normal,kidsdoor,1,9,male,True,48000,4.604604166666666,1,PCM_16,
../data/Actor_09/03-02-03-01-01-02-09.wav,03-02-03-01-01-02-09,3,song,3,happy,normal,kidsdoor,2,9,male,True,48000,4.771416666666667,1,PCM_16,
../data/Actor_09/03-02-03-01-02-01-09.wav,03-02-03-01-02-01-09,3,song,3,happy,normal,dogsdoor,1,9,male,True,48000,4.7047083333333335,1,PCM_16,
../data/Actor_09/03-02-03-01-02-02-09.wav,03-02-03-01-02-02-09,3,song,3,happy,normal,dogsdoor,2,9,male,True,48000,4.604604166666666,1,PCM_16,
../data/Actor_09/03-02-03-02-01-01-09.wav,03-02-03-02-01-01-09,3,song,3,happy,strong,kidsdoor,1,9,male,True,48000,5.038354166666666,1,PCM_16,
../data/Actor_09/03-02-03-02-01-02-09.wav,03-02-03-02-01-02-09,3,song,3,happy,strong,kidsdoor,2,9,male,True,48000,4.437770833333333,1,PCM_16,
../data/Actor_09/03-02-03-02-02-01-09.wav,03-02-03-02-02-01-09,3,song,3,happy,strong,dogsdoor,1,9,male,True,48000,4.637979166666667,1,PCM_16,
../data/Actor_09/03-02-03-02-02-02-09.wav,03-02-03-02-02-02-09,3,song,3,happy,strong,dogsdoor,2,9,male,True,48000,4.671333333333333,1,PCM_16,
../data/Actor_09/03-02-04-01-01-01-09.wav,03-02-04-01-01-01-09,3,song,4,sad,normal,kidsdoor,1,9,male,True,48000,5.1384791666666665,1,PCM_16,
../data/Actor_09/03-02-04-01-01-02-09.wav,03-02-04-01-01-02-09,3,song,4,sad,normal,kidsdoor,2,9,male,True,48000,6.039375,1,PCM_16,
../data/Actor_09/03-02-04-01-02-01-09.wav,03-02-04-01-02-01-09,3,song,4,sad,normal,dogsdoor,1,9,male,True,48000,5.538875,1,PCM_16,
../data/Actor_09/03-02-04-01-02-02-09.wav,03-02-04-01-02-02-09,3,song,4,sad,normal,dogsdoor,2,9,male,True,48000,5.572229166666666,1,PCM_16,
../data/Actor_09/03-02-04-02-01-01-09.wav,03-02-04-02-01-01-09,3,song,4,sad,strong,kidsdoor,1,9,male,True,48000,4.304291666666667,1,PCM_16,
../data/Actor_09/03-02-04-02-01-02-09.wav,03-02-04-02-01-02-09,3,song,4,sad,strong,kidsdoor,2,9,male,True,48000,4.337666666666666,1,PCM_16,
../data/Actor_09/03-02-04-02-02-01-09.wav,03-02-04-02-02-01-09,3,song,4,sad,strong,dogsdoor,1,9,male,True,48000,4.2709375,1,PCM_16,
../data/Actor_09/03-02-04-02-02-02-09.wav,03-02-04-02-02-02-09,3,song,4,sad,strong,dogsdoor,2,9,male,True,48000,4.170833333333333,1,PCM_16,
../data/Actor_09/03-02-05-01-01-01-09.wav,03-02-05-01-01-01-09,3,song,5,angry,normal,kidsdoor,1,9,male,True,48000,4.137458333333333,1,PCM_16,
../data/Actor_09/03-02-05-01-01-02-09.wav,03-02-05-01-01-02-09,3,song,5,angry,normal,kidsdoor,2,9,male,True,48000,4.037375,1,PCM_16,
../data/Actor_09/03-02-05-01-02-01-09.wav,03-02-05-01-02-01-09,3,song,5,angry,normal,dogsdoor,1,9,male,True,48000,4.037375,1,PCM_16,
../data/Actor_09/03-02-05-01-02-02-09.wav,03-02-05-01-02-02-09,3,song,5,angry,normal,dogsdoor,2,9,male,True,48000,4.2041875,1,PCM_16,
../data/Actor_09/03-02-05-02-01-01-09.wav,03-02-05-02-01-01-09,3,song,5,angry,strong,kidsdoor,1,9,male,True,48000,4.170833333333333,1,PCM_16,
../data/Actor_09/03-02-05-02-01-02-09.wav,03-02-05-02-01-02-09,3,song,5,angry,strong,kidsdoor,2,9,male,True,48000,4.137479166666667,1,PCM_16,
../data/Actor_09/03-02-05-02-02-01-09.wav,03-02-05-02-02-01-09,3,song,5,angry,strong,dogsdoor,1,9,male,True,48000,4.104104166666667,1,PCM_16,
../data/Actor_09/03-02-05-02-02-02-09.wav,03-02-05-02-02-02-09,3,song,5,angry,strong,dogsdoor,2,9,male,True,48000,4.804791666666667,1,PCM_16,
../data/Actor_09/03-02-06-01-01-01-09.wav,03-02-06-01-01-01-09,3,song,6,fearful,normal,kidsdoor,1,9,male,True,48000,4.104104166666667,1,PCM_16,
../data/Actor_09/03-02-06-01-01-02-09.wav,03-02-06-01-01-02-09,3,song,6,fearful,normal,kidsdoor,2,9,male,True,48000,3.93725,1,PCM_16,
../data/Actor_09/03-02-06-01-02-01-09.wav,03-02-06-01-02-01-09,3,song,6,fearful,normal,dogsdoor,1,9,male,True,48000,3.8371666666666666,1,PCM_16,
../data/Actor_09/03-02-06-01-02-02-09.wav,03-02-06-01-02-02-09,3,song,6,fearful,normal,dogsdoor,2,9,male,True,48000,3.9039166666666665,1,PCM_16,
../data/Actor_09/03-02-06-02-01-01-09.wav,03-02-06-02-01-01-09,3,song,6,fearful,strong,kidsdoor,1,9,male,True,48000,4.004,1,PCM_16,
../data/Actor_09/03-02-06-02-01-02-09.wav,03-02-06-02-01-02-09,3,song,6,fearful,strong,kidsdoor,2,9,male,True,48000,3.970625,1,PCM_16,
../data/Actor_09/03-02-06-02-02-01-09.wav,03-02-06-02-02-01-09,3,song,6,fearful,strong,dogsdoor,1,9,male,True,48000,4.037375,1,PCM_16,
../data/Actor_09/03-02-06-02-02-02-09.wav,03-02-06-02-02-02-09,3,song,6,fearful,strong,dogsdoor,2,9,male,True,48000,4.137458333333333,1,PCM_16,
../data/Actor_10/03-01-01-01-01-01-10.wav,03-01-01-01-01-01-10,3,speech,1,neutral,normal,kidsdoor,1,10,female,True,48000,3.536875,1,PCM_16,
../data/Actor_10/03-01-01-01-01-02-10.wav,03-01-01-01-01-02-10,3,speech,1,neutral,normal,kidsdoor,2,10,female,True,48000,3.8371666666666666,1,PCM_16,
../data/Actor_10/03-01-01-01-02-01-10.wav,03-01-01-01-02-01-10,3,speech,1,neutral,normal,dogsdoor,1,10,female,True,48000,3.7370625,1,PCM_16,
../data/Actor_10/03-01-01-01-02-02-10.wav,03-01-01-01-02-02-10,3,speech,1,neutral,normal,dogsdoor,2,10,female,True,48000,3.6703333333333332,1,PCM_16,
../data/Actor_10/03-01-02-01-01-01-10.wav,03-01-02-01-01-01-10,3,speech,2,calm,normal,kidsdoor,1,10,female,True,48000,3.5702291666666666,1,PCM_16,
../data/Actor_10/03-01-02-01-01-02-10.wav,03-01-02-01-01-02-10,3,speech,2,calm,normal,kidsdoor,2,10,female,True,48000,3.6035833333333334,1,PCM_16,
../data/Actor_10/03-01-02-01-02-01-10.wav,03-01-02-01-02-01-10,3,speech,2,calm,normal,dogsdoor,1,10,female,True,48000,3.6369583333333333,1,PCM_16,
../data/Actor_10/03-01-02-01-02-02-10.wav,03-01-02-01-02-02-10,3,speech,2,calm,normal,dogsdoor,2,10,female,True,48000,3.703708333333333,1,PCM_16,
../data/Actor_10/03-01-02-02-01-01-10.wav,03-01-02-02-01-01-10,3,speech,2,calm,strong,kidsdoor,1,10,female,True,48000,3.7370625,1,PCM_16,
../data/Actor_10/03-01-02-02-01-02-10.wav,03-01-02-02-01-02-10,3,speech,2,calm,strong,kidsdoor,2,10,female,True,48000,3.7370625,1,PCM_16,
../data/Actor_10/03-01-02-02-02-01-10.wav,03-01-02-02-02-01-10,3,speech,2,calm,strong,dogsdoor,1,10,female,True,48000,3.8037916666666667,1,PCM_16,
../data/Actor_10/03-01-02-02-02-02-10.wav,03-01-02-02-02-02-10,3,speech,2,calm,strong,dogsdoor,2,10,female,True,48000,3.8371666666666666,1,PCM_16,
../data/Actor_10/03-01-03-01-01-01-10.wav,03-01-03-01-01-01-10,3,speech,3,happy,normal,kidsdoor,1,10,female,True,48000,3.5035,1,PCM_16,
../data/Actor_10/03-01-03-01-01-02-10.wav,03-01-03-01-01-02-10,3,speech,3,happy,normal,kidsdoor,2,10,female,True,48000,3.470125,1,PCM_16,
../data/Actor_10/03-01-03-01-02-01-10.wav,03-01-03-01-02-01-10,3,speech,3,happy,normal,dogsdoor,1,10,female,True,48000,3.3032916666666665,1,PCM_16,
../data/Actor_10/03-01-03-01-02-02-10.wav,03-01-03-01-02-02-10,3,speech,3,happy,normal,dogsdoor,2,10,female,True,48000,3.3366666666666664,1,PCM_16,
../data/Actor_10/03-01-03-02-01-01-10.wav,03-01-03-02-01-01-10,3,speech,3,happy,strong,kidsdoor,1,10,female,True,48000,3.8371666666666666,1,PCM_16,
../data/Actor_10/03-01-03-02-01-02-10.wav,03-01-03-02-01-02-10,3,speech,3,happy,strong,kidsdoor,2,10,female,True,48000,3.5035,1,PCM_16,
../data/Actor_10/03-01-03-02-02-01-10.wav,03-01-03-02-02-01-10,3,speech,3,happy,strong,dogsdoor,1,10,female,True,48000,3.7370625,1,PCM_16,
../data/Actor_10/03-01-03-02-02-02-10.wav,03-01-03-02-02-02-10,3,speech,3,happy,strong,dogsdoor,2,10,female,True,48000,3.970645833333333,1,PCM_16,
../data/Actor_10/03-01-04-01-01-01-10.wav,03-01-04-01-01-01-10,3,speech,4,sad,normal,kidsdoor,1,10,female,True,48000,3.3032916666666665,1,PCM_16,
../data/Actor_10/03-01-04-01-01-02-10.wav,03-01-04-01-01-02-10,3,speech,4,sad,normal,kidsdoor,2,10,female,True,48000,3.470125,1,PCM_16,
../data/Actor_10/03-01-04-01-02-01-10.wav,03-01-04-01-02-01-10,3,speech,4,sad,normal,dogsdoor,1,10,female,True,48000,3.536875,1,PCM_16,
../data/Actor_10/03-01-04-01-02-02-10.wav,03-01-04-01-02-02-10,3,speech,4,sad,normal,dogsdoor,2,10,female,True,48000,3.8037916666666667,1,PCM_16,
../data/Actor_10/03-01-04-02-01-01-10.wav,03-01-04-02-01-01-10,3,speech,4,sad,strong,kidsdoor,1,10,female,True,48000,3.5035,1,PCM_16,
../data/Actor_10/03-01-04-02-01-02-10.wav,03-01-04-02-01-02-10,3,speech,4,sad,strong,kidsdoor,2,10,female,True,48000,3.5702291666666666,1,PCM_16,
../data/Actor_10/03-01-04-02-02-01-10.wav,03-01-04-02-02-01-10,3,speech,4,sad,strong,dogsdoor,1,10,female,True,48000,3.6703333333333332,1,PCM_16,
../data/Actor_10/03-01-04-02-02-02-10.wav,03-01-04-02-02-02-10,3,speech,4,sad,strong,dogsdoor,2,10,female,True,48000,3.5702291666666666,1,PCM_16,
../data/Actor_10/03-01-05-01-01-01-10.wav,03-01-05-01-01-01-10,3,speech,5,angry,normal,kidsdoor,1,10,female,True,48000,3.9038958333333333,1,PCM_16,
../data/Actor_10/03-01-05-01-01-02-10.wav,03-01-05-01-01-02-10,3,speech,5,angry,normal,kidsdoor,2,10,female,True,48000,4.004,1,PCM_16,
../data/Actor_10/03-01-05-01-02-01-10.wav,03-01-05-01-02-01-10,3,speech,5,angry,normal,dogsdoor,1,10,female,True,48000,4.104104166666667,1,PCM_16,
../data/Actor_10/03-01-05-01-02-02-10.wav,03-01-05-01-02-02-10,3,speech,5,angry,normal,dogsdoor,2,10,female,True,48000,4.137479166666667,1,PCM_16,
../data/Actor_10/03-01-05-02-01-01-10.wav,03-01-05-02-01-01-10,3,speech,5,angry,strong,kidsdoor,1,10,female,True,48000,4.170833333333333,1,PCM_16,
../data/Actor_10/03-01-05-02-01-02-10.wav,03-01-05-02-01-02-10,3,speech,5,angry,strong,kidsdoor,2,10,female,True,48000,4.471125,1,PCM_16,
../data/Actor_10/03-01-05-02-02-01-10.wav,03-01-05-02-02-01-10,3,speech,5,angry,strong,dogsdoor,1,10,female,True,48000,3.8705208333333334,1,PCM_16,
../data/Actor_10/03-01-05-02-02-02-10.wav,03-01-05-02-02-02-10,3,speech,5,angry,strong,dogsdoor,2,10,female,True,48000,4.137458333333333,1,PCM_16,
../data/Actor_10/03-01-06-01-01-01-10.wav,03-01-06-01-01-01-10,3,speech,6,fearful,normal,kidsdoor,1,10,female,True,48000,3.4034166666666668,1,PCM_16,
../data/Actor_10/03-01-06-01-01-02-10.wav,03-01-06-01-01-02-10,3,speech,6,fearful,normal,kidsdoor,2,10,female,True,48000,3.3033125,1,PCM_16,
../data/Actor_10/03-01-06-01-02-01-10.wav,03-01-06-01-02-01-10,3,speech,6,fearful,normal,dogsdoor,1,10,female,True,48000,3.5368541666666666,1,PCM_16,
../data/Actor_10/03-01-06-01-02-02-10.wav,03-01-06-01-02-02-10,3,speech,6,fearful,normal,dogsdoor,2,10,female,True,48000,3.4367708333333336,1,PCM_16,
../data/Actor_10/03-01-06-02-01-01-10.wav,03-01-06-02-01-01-10,3,speech,6,fearful,strong,kidsdoor,1,10,female,True,48000,3.5035,1,PCM_16,
../data/Actor_10/03-01-06-02-01-02-10.wav,03-01-06-02-01-02-10,3,speech,6,fearful,strong,kidsdoor,2,10,female,True,48000,3.703708333333333,1,PCM_16,
../data/Actor_10/03-01-06-02-02-01-10.wav,03-01-06-02-02-01-10,3,speech,6,fearful,strong,dogsdoor,1,10,female,True,48000,3.8037916666666667,1,PCM_16,
../data/Actor_10/03-01-06-02-02-02-10.wav,03-01-06-02-02-02-10,3,speech,6,fearful,strong,dogsdoor,2,10,female,True,48000,3.8705416666666665,1,PCM_16,
../data/Actor_10/03-01-07-01-01-01-10.wav,03-01-07-01-01-01-10,3,speech,7,disgust,normal,kidsdoor,1,10,female,True,48000,3.703708333333333,1,PCM_16,
../data/Actor_10/03-01-07-01-01-02-10.wav,03-01-07-01-01-02-10,3,speech,7,disgust,normal,kidsdoor,2,10,female,True,48000,4.2041875,1,PCM_16,
../data/Actor_10/03-01-07-01-02-01-10.wav,03-01-07-01-02-01-10,3,speech,7,disgust,normal,dogsdoor,1,10,female,True,48000,3.8705416666666665,1,PCM_16,
../data/Actor_10/03-01-07-01-02-02-10.wav,03-01-07-01-02-02-10,3,speech,7,disgust,normal,dogsdoor,2,10,female,True,48000,4.2709375,1,PCM_16,
../data/Actor_10/03-01-07-02-01-01-10.wav,03-01-07-02-01-01-10,3,speech,7,disgust,strong,kidsdoor,1,10,female,True,48000,4.671333333333333,1,PCM_16,
../data/Actor_10/03-01-07-02-01-02-10.wav,03-01-07-02-01-02-10,3,speech,7,disgust,strong,kidsdoor,2,10,female,True,48000,4.537875,1,PCM_16,
../data/Actor_10/03-01-07-02-02-01-10.wav,03-01-07-02-02-01-10,3,speech,7,disgust,strong,dogsdoor,1,10,female,True,48000,4.2041875,1,PCM_16,
../data/Actor_10/03-01-07-02-02-02-10.wav,03-01-07-02-02-02-10,3,speech,7,disgust,strong,dogsdoor,2,10,female,True,48000,4.871541666666666,1,PCM_16,
../data/Actor_10/03-01-08-01-01-01-10.wav,03-01-08-01-01-01-10,3,speech,8,surprised,normal,kidsdoor,1,10,female,True,48000,3.2365625,1,PCM_16,
../data/Actor_10/03-01-08-01-01-02-10.wav,03-01-08-01-01-02-10,3,speech,8,surprised,normal,kidsdoor,2,10,female,True,48000,3.4034166666666668,1,PCM_16,
../data/Actor_10/03-01-08-01-02-01-10.wav,03-01-08-01-02-01-10,3,speech,8,surprised,normal,dogsdoor,1,10,female,True,48000,3.5035,1,PCM_16,
../data/Actor_10/03-01-08-01-02-02-10.wav,03-01-08-01-02-02-10,3,speech,8,surprised,normal,dogsdoor,2,10,female,True,48000,3.470125,1,PCM_16,
../data/Actor_10/03-01-08-02-01-01-10.wav,03-01-08-02-01-01-10,3,speech,8,surprised,strong,kidsdoor,1,10,female,True,48000,3.5035,1,PCM_16,
../data/Actor_10/03-01-08-02-01-02-10.wav,03-01-08-02-01-02-10,3,speech,8,surprised,strong,kidsdoor,2,10,female,True,48000,3.403395833333333,1,PCM_16,
../data/Actor_10/03-01-08-02-02-01-10.wav,03-01-08-02-02-01-10,3,speech,8,surprised,strong,dogsdoor,1,10,female,True,48000,3.6369583333333333,1,PCM_16,
../data/Actor_10/03-01-08-02-02-02-10.wav,03-01-08-02-02-02-10,3,speech,8,surprised,strong,dogsdoor,2,10,female,True,48000,3.5035,1,PCM_16,
../data/Actor_10/03-02-01-01-01-01-10.wav,03-02-01-01-01-01-10,3,song,1,neutral,normal,kidsdoor,1,10,female,True,48000,4.938270833333333,1,PCM_16,
../data/Actor_10/03-02-01-01-01-02-10.wav,03-02-01-01-01-02-10,3,song,1,neutral,normal,kidsdoor,2,10,female,True,48000,4.904916666666667,1,PCM_16,
../data/Actor_10/03-02-01-01-02-01-10.wav,03-02-01-01-02-01-10,3,song,1,neutral,normal,dogsdoor,1,10,female,True,48000,4.771416666666667,1,PCM_16,
../data/Actor_10/03-02-01-01-02-02-10.wav,03-02-01-01-02-02-10,3,song,1,neutral,normal,dogsdoor,2,10,female,True,48000,4.871520833333333,1,PCM_16,
../data/Actor_10/03-02-02-01-01-01-10.wav,03-02-02-01-01-01-10,3,song,2,calm,normal,kidsdoor,1,10,female,True,48000,4.93825,1,PCM_16,
../data/Actor_10/03-02-02-01-01-02-10.wav,03-02-02-01-01-02-10,3,song,2,calm,normal,kidsdoor,2,10,female,True,48000,4.9716458333333335,1,PCM_16,
../data/Actor_10/03-02-02-01-02-01-10.wav,03-02-02-01-02-01-10,3,song,2,calm,normal,dogsdoor,1,10,female,True,48000,5.071729166666667,1,PCM_16,
../data/Actor_10/03-02-02-01-02-02-10.wav,03-02-02-01-02-02-10,3,song,2,calm,normal,dogsdoor,2,10,female,True,48000,5.005,1,PCM_16,
../data/Actor_10/03-02-02-02-01-01-10.wav,03-02-02-02-01-01-10,3,song,2,calm,strong,kidsdoor,1,10,female,True,48000,5.138458333333333,1,PCM_16,
../data/Actor_10/03-02-02-02-01-02-10.wav,03-02-02-02-01-02-10,3,song,2,calm,strong,kidsdoor,2,10,female,True,48000,5.372041666666667,1,PCM_16,
../data/Actor_10/03-02-02-02-02-01-10.wav,03-02-02-02-02-01-10,3,song,2,calm,strong,dogsdoor,1,10,female,True,48000,4.9716458333333335,1,PCM_16,
../data/Actor_10/03-02-02-02-02-02-10.wav,03-02-02-02-02-02-10,3,song,2,calm,strong,dogsdoor,2,10,female,True,48000,5.372020833333333,1,PCM_16,
../data/Actor_10/03-02-03-01-01-01-10.wav,03-02-03-01-01-01-10,3,song,3,happy,normal,kidsdoor,1,10,female,True,48000,5.138458333333333,1,PCM_16,
../data/Actor_10/03-02-03-01-01-02-10.wav,03-02-03-01-01-02-10,3,song,3,happy,normal,kidsdoor,2,10,female,True,48000,5.038354166666666,1,PCM_16,
../data/Actor_10/03-02-03-01-02-01-10.wav,03-02-03-01-02-01-10,3,song,3,happy,normal,dogsdoor,1,10,female,True,48000,5.405395833333333,1,PCM_16,
../data/Actor_10/03-02-03-01-02-02-10.wav,03-02-03-01-02-02-10,3,song,3,happy,normal,dogsdoor,2,10,female,True,48000,5.038354166666666,1,PCM_16,
../data/Actor_10/03-02-03-02-01-01-10.wav,03-02-03-02-01-01-10,3,song,3,happy,strong,kidsdoor,1,10,female,True,48000,4.971625,1,PCM_16,
../data/Actor_10/03-02-03-02-01-02-10.wav,03-02-03-02-01-02-10,3,song,3,happy,strong,kidsdoor,2,10,female,True,48000,4.771416666666667,1,PCM_16,
../data/Actor_10/03-02-03-02-02-01-10.wav,03-02-03-02-02-01-10,3,song,3,happy,strong,dogsdoor,1,10,female,True,48000,4.8048125,1,PCM_16,
../data/Actor_10/03-02-03-02-02-02-10.wav,03-02-03-02-02-02-10,3,song,3,happy,strong,dogsdoor,2,10,female,True,48000,4.671333333333333,1,PCM_16,
../data/Actor_10/03-02-04-01-01-01-10.wav,03-02-04-01-01-01-10,3,song,4,sad,normal,kidsdoor,1,10,female,True,48000,5.2051875,1,PCM_16,
../data/Actor_10/03-02-04-01-01-02-10.wav,03-02-04-01-01-02-10,3,song,4,sad,normal,kidsdoor,2,10,female,True,48000,5.171833333333334,1,PCM_16,
../data/Actor_10/03-02-04-01-02-01-10.wav,03-02-04-01-02-01-10,3,song,4,sad,normal,dogsdoor,1,10,female,True,48000,5.138458333333333,1,PCM_16,
../data/Actor_10/03-02-04-01-02-02-10.wav,03-02-04-01-02-02-10,3,song,4,sad,normal,dogsdoor,2,10,female,True,48000,5.071729166666667,1,PCM_16,
../data/Actor_10/03-02-04-02-01-01-10.wav,03-02-04-02-01-01-10,3,song,4,sad,strong,kidsdoor,1,10,female,True,48000,5.372041666666667,1,PCM_16,
../data/Actor_10/03-02-04-02-01-02-10.wav,03-02-04-02-01-02-10,3,song,4,sad,strong,kidsdoor,2,10,female,True,48000,5.105104166666667,1,PCM_16,
../data/Actor_10/03-02-04-02-02-01-10.wav,03-02-04-02-02-01-10,3,song,4,sad,strong,dogsdoor,1,10,female,True,48000,4.7380625,1,PCM_16,
../data/Actor_10/03-02-04-02-02-02-10.wav,03-02-04-02-02-02-10,3,song,4,sad,strong,dogsdoor,2,10,female,True,48000,4.838166666666667,1,PCM_16,
../data/Actor_10/03-02-05-01-01-01-10.wav,03-02-05-01-01-01-10,3,song,5,angry,normal,kidsdoor,1,10,female,True,48000,4.637958333333334,1,PCM_16,
../data/Actor_10/03-02-05-01-01-02-10.wav,03-02-05-01-01-02-10,3,song,5,angry,normal,kidsdoor,2,10,female,True,48000,4.671333333333333,1,PCM_16,
../data/Actor_10/03-02-05-01-02-01-10.wav,03-02-05-01-02-01-10,3,song,5,angry,normal,dogsdoor,1,10,female,True,48000,4.604604166666666,1,PCM_16,
../data/Actor_10/03-02-05-01-02-02-10.wav,03-02-05-01-02-02-10,3,song,5,angry,normal,dogsdoor,2,10,female,True,48000,4.637958333333334,1,PCM_16,
../data/Actor_10/03-02-05-02-01-01-10.wav,03-02-05-02-01-01-10,3,song,5,angry,strong,kidsdoor,1,10,female,True,48000,4.8048125,1,PCM_16,
../data/Actor_10/03-02-05-02-01-02-10.wav,03-02-05-02-01-02-10,3,song,5,angry,strong,kidsdoor,2,10,female,True,48000,4.838166666666667,1,PCM_16,
../data/Actor_10/03-02-05-02-02-01-10.wav,03-02-05-02-02-01-10,3,song,5,angry,strong,dogsdoor,1,10,female,True,48000,4.571229166666667,1,PCM_16,
../data/Actor_10/03-02-05-02-02-02-10.wav,03-02-05-02-02-02-10,3,song,5,angry,strong,dogsdoor,2,10,female,True,48000,4.57125,1,PCM_16,
../data/Actor_10/03-02-06-01-01-01-10.wav,03-02-06-01-01-01-10,3,song,6,fearful,normal,kidsdoor,1,10,female,True,48000,4.604604166666666,1,PCM_16,
../data/Actor_10/03-02-06-01-01-02-10.wav,03-02-06-01-01-02-10,3,song,6,fearful,normal,kidsdoor,2,10,female,True,48000,4.838166666666667,1,PCM_16,
../data/Actor_10/03-02-06-01-02-01-10.wav,03-02-06-01-02-01-10,3,song,6,fearful,normal,dogsdoor,1,10,female,True,48000,4.871520833333333,1,PCM_16,
../data/Actor_10/03-02-06-01-02-02-10.wav,03-02-06-01-02-02-10,3,song,6,fearful,normal,dogsdoor,2,10,female,True,48000,4.7046875,1,PCM_16,
../data/Actor_10/03-02-06-02-01-01-10.wav,03-02-06-02-01-01-10,3,song,6,fearful,strong,kidsdoor,1,10,female,True,48000,4.637979166666667,1,PCM_16,
../data/Actor_10/03-02-06-02-01-02-10.wav,03-02-06-02-01-02-10,3,song,6,fearful,strong,kidsdoor,2,10,female,True,48000,4.604604166666666,1,PCM_16,
../data/Actor_10/03-02-06-02-02-01-10.wav,03-02-06-02-02-01-10,3,song,6,fearful,strong,dogsdoor,1,10,female,True,48000,4.604604166666666,1,PCM_16,
../data/Actor_10/03-02-06-02-02-02-10.wav,03-02-06-02-02-02-10,3,song,6,fearful,strong,dogsdoor,2,10,female,True,48000,4.604604166666666,1,PCM_16,
../data/Actor_11/03-01-01-01-01-01-11.wav,03-01-01-01-01-01-11,3,speech,1,neutral,normal,kidsdoor,1,11,male,True,48000,3.1364791666666667,1,PCM_16,
../data/Actor_11/03-01-01-01-01-02-11.wav,03-01-01-01-01-02-11,3,speech,1,neutral,normal,kidsdoor,2,11,male,True,48000,3.1031041666666668,1,PCM_16,
../data/Actor_11/03-01-01-01-02-01-11.wav,03-01-01-01-02-01-11,3,speech,1,neutral,normal,dogsdoor,1,11,male,True,48000,3.2032083333333334,1,PCM_16,
../data/Actor_11/03-01-01-01-02-02-11.wav,03-01-01-01-02-02-11,3,speech,1,neutral,normal,dogsdoor,2,11,male,True,48000,3.1698333333333335,1,PCM_16,
../data/Actor_11/03-01-02-01-01-01-11.wav,03-01-02-01-01-01-11,3,speech,2,calm,normal,kidsdoor,1,11,male,True,48000,3.2699166666666666,1,PCM_16,
../data/Actor_11/03-01-02-01-01-02-11.wav,03-01-02-01-01-02-11,3,speech,2,calm,normal,kidsdoor,2,11,male,True,48000,3.3366666666666664,1,PCM_16,
../data/Actor_11/03-01-02-01-02-01-11.wav,03-01-02-01-02-01-11,3,speech,2,calm,normal,dogsdoor,1,11,male,True,48000,3.3366666666666664,1,PCM_16,
../data/Actor_11/03-01-02-01-02-02-11.wav,03-01-02-01-02-02-11,3,speech,2,calm,normal,dogsdoor,2,11,male,True,48000,3.6703333333333332,1,PCM_16,
../data/Actor_11/03-01-02-02-01-01-11.wav,03-01-02-02-01-01-11,3,speech,2,calm,strong,kidsdoor,1,11,male,True,48000,3.8371666666666666,1,PCM_16,
../data/Actor_11/03-01-02-02-01-02-11.wav,03-01-02-02-01-02-11,3,speech,2,calm,strong,kidsdoor,2,11,male,True,48000,3.7370833333333335,1,PCM_16,
../data/Actor_11/03-01-02-02-02-01-11.wav,03-01-02-02-02-01-11,3,speech,2,calm,strong,dogsdoor,1,11,male,True,48000,3.7704375,1,PCM_16,
../data/Actor_11/03-01-02-02-02-02-11.wav,03-01-02-02-02-02-11,3,speech,2,calm,strong,dogsdoor,2,11,male,True,48000,3.8371666666666666,1,PCM_16,
../data/Actor_11/03-01-03-01-01-01-11.wav,03-01-03-01-01-01-11,3,speech,3,happy,normal,kidsdoor,1,11,male,True,48000,3.1031041666666668,1,PCM_16,
../data/Actor_11/03-01-03-01-01-02-11.wav,03-01-03-01-01-02-11,3,speech,3,happy,normal,kidsdoor,2,11,male,True,48000,3.2032083333333334,1,PCM_16,
../data/Actor_11/03-01-03-01-02-01-11.wav,03-01-03-01-02-01-11,3,speech,3,happy,normal,dogsdoor,1,11,male,True,48000,3.1698333333333335,1,PCM_16,
../data/Actor_11/03-01-03-01-02-02-11.wav,03-01-03-01-02-02-11,3,speech,3,happy,normal,dogsdoor,2,11,male,True,48000,3.2365833333333334,1,PCM_16,
../data/Actor_11/03-01-03-02-01-01-11.wav,03-01-03-02-01-01-11,3,speech,3,happy,strong,kidsdoor,1,11,male,True,48000,4.037375,1,PCM_16,
../data/Actor_11/03-01-03-02-01-02-11.wav,03-01-03-02-01-02-11,3,speech,3,happy,strong,kidsdoor,2,11,male,True,48000,3.636979166666667,1,PCM_16,
../data/Actor_11/03-01-03-02-02-01-11.wav,03-01-03-02-02-01-11,3,speech,3,happy,strong,dogsdoor,1,11,male,True,48000,3.8705208333333334,1,PCM_16,
../data/Actor_11/03-01-03-02-02-02-11.wav,03-01-03-02-02-02-11,3,speech,3,happy,strong,dogsdoor,2,11,male,True,48000,3.5035,1,PCM_16,
../data/Actor_11/03-01-04-01-01-01-11.wav,03-01-04-01-01-01-11,3,speech,4,sad,normal,kidsdoor,1,11,male,True,48000,3.3366666666666664,1,PCM_16,
../data/Actor_11/03-01-04-01-01-02-11.wav,03-01-04-01-01-02-11,3,speech,4,sad,normal,kidsdoor,2,11,male,True,48000,3.6036041666666665,1,PCM_16,
../data/Actor_11/03-01-04-01-02-01-11.wav,03-01-04-01-02-01-11,3,speech,4,sad,normal,dogsdoor,1,11,male,True,48000,3.5368541666666666,1,PCM_16,
../data/Actor_11/03-01-04-01-02-02-11.wav,03-01-04-01-02-02-11,3,speech,4,sad,normal,dogsdoor,2,11,male,True,48000,3.4367708333333336,1,PCM_16,
../data/Actor_11/03-01-04-02-01-01-11.wav,03-01-04-02-01-01-11,3,speech,4,sad,strong,kidsdoor,1,11,male,True,48000,3.3366666666666664,1,PCM_16,
../data/Actor_11/03-01-04-02-01-02-11.wav,03-01-04-02-01-02-11,3,speech,4,sad,strong,kidsdoor,2,11,male,True,48000,3.6036041666666665,1,PCM_16,
../data/Actor_11/03-01-04-02-02-01-11.wav,03-01-04-02-02-01-11,3,speech,4,sad,strong,dogsdoor,1,11,male,True,48000,3.370041666666667,1,PCM_16,
../data/Actor_11/03-01-04-02-02-02-11.wav,03-01-04-02-02-02-11,3,speech,4,sad,strong,dogsdoor,2,11,male,True,48000,3.3366666666666664,1,PCM_16,
../data/Actor_11/03-01-05-01-01-01-11.wav,03-01-05-01-01-01-11,3,speech,5,angry,normal,kidsdoor,1,11,male,True,48000,3.6036041666666665,1,PCM_16,
../data/Actor_11/03-01-05-01-01-02-11.wav,03-01-05-01-01-02-11,3,speech,5,angry,normal,kidsdoor,2,11,male,True,48000,3.4701458333333335,1,PCM_16,
../data/Actor_11/03-01-05-01-02-01-11.wav,03-01-05-01-02-01-11,3,speech,5,angry,normal,dogsdoor,1,11,male,True,48000,3.470125,1,PCM_16,
../data/Actor_11/03-01-05-01-02-02-11.wav,03-01-05-01-02-02-11,3,speech,5,angry,normal,dogsdoor,2,11,male,True,48000,3.7370833333333335,1,PCM_16,
../data/Actor_11/03-01-05-02-01-01-11.wav,03-01-05-02-01-01-11,3,speech,5,angry,strong,kidsdoor,1,11,male,True,48000,3.536875,1,PCM_16,
../data/Actor_11/03-01-05-02-01-02-11.wav,03-01-05-02-01-02-11,3,speech,5,angry,strong,kidsdoor,2,11,male,True,48000,3.970625,1,PCM_16,
../data/Actor_11/03-01-05-02-02-01-11.wav,03-01-05-02-02-01-11,3,speech,5,angry,strong,dogsdoor,1,11,male,True,48000,3.9372708333333333,1,PCM_16,
../data/Actor_11/03-01-05-02-02-02-11.wav,03-01-05-02-02-02-11,3,speech,5,angry,strong,dogsdoor,2,11,male,True,48000,3.7704375,1,PCM_16,
../data/Actor_11/03-01-06-01-01-01-11.wav,03-01-06-01-01-01-11,3,speech,6,fearful,normal,kidsdoor,1,11,male,True,48000,3.470125,1,PCM_16,
../data/Actor_11/03-01-06-01-01-02-11.wav,03-01-06-01-01-02-11,3,speech,6,fearful,normal,kidsdoor,2,11,male,True,48000,3.5035,1,PCM_16,
../data/Actor_11/03-01-06-01-02-01-11.wav,03-01-06-01-02-01-11,3,speech,6,fearful,normal,dogsdoor,1,11,male,True,48000,3.1698333333333335,1,PCM_16,
../data/Actor_11/03-01-06-01-02-02-11.wav,03-01-06-01-02-02-11,3,speech,6,fearful,normal,dogsdoor,2,11,male,True,48000,3.2032083333333334,1,PCM_16,
../data/Actor_11/03-01-06-02-01-01-11.wav,03-01-06-02-01-01-11,3,speech,6,fearful,strong,kidsdoor,1,11,male,True,48000,3.2032083333333334,1,PCM_16,
../data/Actor_11/03-01-06-02-01-02-11.wav,03-01-06-02-01-02-11,3,speech,6,fearful,strong,kidsdoor,2,11,male,True,48000,3.2032083333333334,1,PCM_16,
../data/Actor_11/03-01-06-02-02-01-11.wav,03-01-06-02-02-01-11,3,speech,6,fearful,strong,dogsdoor,1,11,male,True,48000,3.06975,1,PCM_16,
../data/Actor_11/03-01-06-02-02-02-11.wav,03-01-06-02-02-02-11,3,speech,6,fearful,strong,dogsdoor,2,11,male,True,48000,3.136458333333333,1,PCM_16,
../data/Actor_11/03-01-07-01-01-01-11.wav,03-01-07-01-01-01-11,3,speech,7,disgust,normal,kidsdoor,1,11,male,True,48000,3.6703333333333332,1,PCM_16,
../data/Actor_11/03-01-07-01-01-02-11.wav,03-01-07-01-01-02-11,3,speech,7,disgust,normal,kidsdoor,2,11,male,True,48000,3.6036041666666665,1,PCM_16,
../data/Actor_11/03-01-07-01-02-01-11.wav,03-01-07-01-02-01-11,3,speech,7,disgust,normal,dogsdoor,1,11,male,True,48000,3.470125,1,PCM_16,
../data/Actor_11/03-01-07-01-02-02-11.wav,03-01-07-01-02-02-11,3,speech,7,disgust,normal,dogsdoor,2,11,male,True,48000,3.6703333333333332,1,PCM_16,
../data/Actor_11/03-01-07-02-01-01-11.wav,03-01-07-02-01-01-11,3,speech,7,disgust,strong,kidsdoor,1,11,male,True,48000,3.8038125,1,PCM_16,
../data/Actor_11/03-01-07-02-01-02-11.wav,03-01-07-02-01-02-11,3,speech,7,disgust,strong,kidsdoor,2,11,male,True,48000,3.8038125,1,PCM_16,
../data/Actor_11/03-01-07-02-02-01-11.wav,03-01-07-02-02-01-11,3,speech,7,disgust,strong,dogsdoor,1,11,male,True,48000,3.7370625,1,PCM_16,
../data/Actor_11/03-01-07-02-02-02-11.wav,03-01-07-02-02-02-11,3,speech,7,disgust,strong,dogsdoor,2,11,male,True,48000,3.7370625,1,PCM_16,
../data/Actor_11/03-01-08-01-01-01-11.wav,03-01-08-01-01-01-11,3,speech,8,surprised,normal,kidsdoor,1,11,male,True,48000,3.069729166666667,1,PCM_16,
../data/Actor_11/03-01-08-01-01-02-11.wav,03-01-08-01-01-02-11,3,speech,8,surprised,normal,kidsdoor,2,11,male,True,48000,3.136458333333333,1,PCM_16,
../data/Actor_11/03-01-08-01-02-01-11.wav,03-01-08-01-02-01-11,3,speech,8,surprised,normal,dogsdoor,1,11,male,True,48000,3.1698333333333335,1,PCM_16,
../data/Actor_11/03-01-08-01-02-02-11.wav,03-01-08-01-02-02-11,3,speech,8,surprised,normal,dogsdoor,2,11,male,True,48000,2.969625,1,PCM_16,
../data/Actor_11/03-01-08-02-01-01-11.wav,03-01-08-02-01-01-11,3,speech,8,surprised,strong,kidsdoor,1,11,male,True,48000,3.069729166666667,1,PCM_16,
../data/Actor_11/03-01-08-02-01-02-11.wav,03-01-08-02-01-02-11,3,speech,8,surprised,strong,kidsdoor,2,11,male,True,48000,3.1031041666666668,1,PCM_16,
../data/Actor_11/03-01-08-02-02-01-11.wav,03-01-08-02-02-01-11,3,speech,8,surprised,strong,dogsdoor,1,11,male,True,48000,3.069729166666667,1,PCM_16,
../data/Actor_11/03-01-08-02-02-02-11.wav,03-01-08-02-02-02-11,3,speech,8,surprised,strong,dogsdoor,2,11,male,True,48000,3.069729166666667,1,PCM_16,
../data/Actor_11/03-02-01-01-01-01-11.wav,03-02-01-01-01-01-11,3,song,1,neutral,normal,kidsdoor,1,11,male,True,48000,4.070729166666666,1,PCM_16,
../data/Actor_11/03-02-01-01-01-02-11.wav,03-02-01-01-01-02-11,3,song,1,neutral,normal,kidsdoor,2,11,male,True,48000,4.037375,1,PCM_16,
../data/Actor_11/03-02-01-01-02-01-11.wav,03-02-01-01-02-01-11,3,song,1,neutral,normal,dogsdoor,1,11,male,True,48000,4.070729166666666,1,PCM_16,
../data/Actor_11/03-02-01-01-02-02-11.wav,03-02-01-01-02-02-11,3,song,1,neutral,normal,dogsdoor,2,11,male,True,48000,4.1040833333333335,1,PCM_16,
../data/Actor_11/03-02-02-01-01-01-11.wav,03-02-02-01-01-01-11,3,song,2,calm,normal,kidsdoor,1,11,male,True,48000,4.537875,1,PCM_16,
../data/Actor_11/03-02-02-01-01-02-11.wav,03-02-02-01-01-02-11,3,song,2,calm,normal,kidsdoor,2,11,male,True,48000,4.2709166666666665,1,PCM_16,
../data/Actor_11/03-02-02-01-02-01-11.wav,03-02-02-01-02-01-11,3,song,2,calm,normal,dogsdoor,1,11,male,True,48000,4.5045,1,PCM_16,
../data/Actor_11/03-02-02-01-02-02-11.wav,03-02-02-01-02-02-11,3,song,2,calm,normal,dogsdoor,2,11,male,True,48000,4.471145833333333,1,PCM_16,
../data/Actor_11/03-02-02-02-01-01-11.wav,03-02-02-02-01-01-11,3,song,2,calm,strong,kidsdoor,1,11,male,True,48000,5.105104166666667,1,PCM_16,
../data/Actor_11/03-02-02-02-01-02-11.wav,03-02-02-02-01-02-11,3,song,2,calm,strong,kidsdoor,2,11,male,True,48000,4.938270833333333,1,PCM_16,
../data/Actor_11/03-02-02-02-02-01-11.wav,03-02-02-02-02-01-11,3,song,2,calm,strong,dogsdoor,1,11,male,True,48000,4.904895833333334,1,PCM_16,
../data/Actor_11/03-02-02-02-02-02-11.wav,03-02-02-02-02-02-11,3,song,2,calm,strong,dogsdoor,2,11,male,True,48000,5.2385625,1,PCM_16,
../data/Actor_11/03-02-03-01-01-01-11.wav,03-02-03-01-01-01-11,3,song,3,happy,normal,kidsdoor,1,11,male,True,48000,4.3043125,1,PCM_16,
../data/Actor_11/03-02-03-01-01-02-11.wav,03-02-03-01-01-02-11,3,song,3,happy,normal,kidsdoor,2,11,male,True,48000,4.337666666666666,1,PCM_16,
../data/Actor_11/03-02-03-01-02-01-11.wav,03-02-03-01-02-01-11,3,song,3,happy,normal,dogsdoor,1,11,male,True,48000,4.371041666666667,1,PCM_16,
../data/Actor_11/03-02-03-01-02-02-11.wav,03-02-03-01-02-02-11,3,song,3,happy,normal,dogsdoor,2,11,male,True,48000,4.437770833333333,1,PCM_16,
../data/Actor_11/03-02-03-02-01-01-11.wav,03-02-03-02-01-01-11,3,song,3,happy,strong,kidsdoor,1,11,male,True,48000,4.2709375,1,PCM_16,
../data/Actor_11/03-02-03-02-01-02-11.wav,03-02-03-02-01-02-11,3,song,3,happy,strong,kidsdoor,2,11,male,True,48000,4.237583333333333,1,PCM_16,
../data/Actor_11/03-02-03-02-02-01-11.wav,03-02-03-02-02-01-11,3,song,3,happy,strong,dogsdoor,1,11,male,True,48000,3.9038958333333333,1,PCM_16,
../data/Actor_11/03-02-03-02-02-02-11.wav,03-02-03-02-02-02-11,3,song,3,happy,strong,dogsdoor,2,11,male,True,48000,4.371041666666667,1,PCM_16,
../data/Actor_11/03-02-04-01-01-01-11.wav,03-02-04-01-01-01-11,3,song,4,sad,normal,kidsdoor,1,11,male,True,48000,4.7714375,1,PCM_16,
../data/Actor_11/03-02-04-01-01-02-11.wav,03-02-04-01-01-02-11,3,song,4,sad,normal,kidsdoor,2,11,male,True,48000,5.105104166666667,1,PCM_16,
../data/Actor_11/03-02-04-01-02-01-11.wav,03-02-04-01-02-01-11,3,song,4,sad,normal,dogsdoor,1,11,male,True,48000,4.604583333333333,1,PCM_16,
../data/Actor_11/03-02-04-01-02-02-11.wav,03-02-04-01-02-02-11,3,song,4,sad,normal,dogsdoor,2,11,male,True,48000,4.804791666666667,1,PCM_16,
../data/Actor_11/03-02-04-02-01-01-11.wav,03-02-04-02-01-01-11,3,song,4,sad,strong,kidsdoor,1,11,male,True,48000,5.138458333333333,1,PCM_16,
../data/Actor_11/03-02-04-02-01-02-11.wav,03-02-04-02-01-02-11,3,song,4,sad,strong,kidsdoor,2,11,male,True,48000,4.7714375,1,PCM_16,
../data/Actor_11/03-02-04-02-02-01-11.wav,03-02-04-02-02-01-11,3,song,4,sad,strong,dogsdoor,1,11,male,True,48000,4.671333333333333,1,PCM_16,
../data/Actor_11/03-02-04-02-02-02-11.wav,03-02-04-02-02-02-11,3,song,4,sad,strong,dogsdoor,2,11,male,True,48000,4.971625,1,PCM_16,
../data/Actor_11/03-02-05-01-01-01-11.wav,03-02-05-01-01-01-11,3,song,5,angry,normal,kidsdoor,1,11,male,True,48000,4.037354166666667,1,PCM_16,
../data/Actor_11/03-02-05-01-01-02-11.wav,03-02-05-01-01-02-11,3,song,5,angry,normal,kidsdoor,2,11,male,True,48000,4.304291666666667,1,PCM_16,
../data/Actor_11/03-02-05-01-02-01-11.wav,03-02-05-01-02-01-11,3,song,5,angry,normal,dogsdoor,1,11,male,True,48000,4.004,1,PCM_16,
../data/Actor_11/03-02-05-01-02-02-11.wav,03-02-05-01-02-02-11,3,song,5,angry,normal,dogsdoor,2,11,male,True,48000,4.170833333333333,1,PCM_16,
../data/Actor_11/03-02-05-02-01-01-11.wav,03-02-05-02-01-01-11,3,song,5,angry,strong,kidsdoor,1,11,male,True,48000,3.8705416666666665,1,PCM_16,
../data/Actor_11/03-02-05-02-01-02-11.wav,03-02-05-02-01-02-11,3,song,5,angry,strong,kidsdoor,2,11,male,True,48000,3.9038958333333333,1,PCM_16,
../data/Actor_11/03-02-05-02-02-01-11.wav,03-02-05-02-02-01-11,3,song,5,angry,strong,dogsdoor,1,11,male,True,48000,3.93725,1,PCM_16,
../data/Actor_11/03-02-05-02-02-02-11.wav,03-02-05-02-02-02-11,3,song,5,angry,strong,dogsdoor,2,11,male,True,48000,4.170833333333333,1,PCM_16,
../data/Actor_11/03-02-06-01-01-01-11.wav,03-02-06-01-01-01-11,3,song,6,fearful,normal,kidsdoor,1,11,male,True,48000,4.2375625,1,PCM_16,
../data/Actor_11/03-02-06-01-01-02-11.wav,03-02-06-01-01-02-11,3,song,6,fearful,normal,kidsdoor,2,11,male,True,48000,4.204208333333334,1,PCM_16,
../data/Actor_11/03-02-06-01-02-01-11.wav,03-02-06-01-02-01-11,3,song,6,fearful,normal,dogsdoor,1,11,male,True,48000,4.104104166666667,1,PCM_16,
../data/Actor_11/03-02-06-01-02-02-11.wav,03-02-06-01-02-02-11,3,song,6,fearful,normal,dogsdoor,2,11,male,True,48000,4.170833333333333,1,PCM_16,
../data/Actor_11/03-02-06-02-01-01-11.wav,03-02-06-02-01-01-11,3,song,6,fearful,strong,kidsdoor,1,11,male,True,48000,3.8037916666666667,1,PCM_16,
../data/Actor_11/03-02-06-02-01-02-11.wav,03-02-06-02-01-02-11,3,song,6,fearful,strong,kidsdoor,2,11,male,True,48000,3.8371666666666666,1,PCM_16,
../data/Actor_11/03-02-06-02-02-01-11.wav,03-02-06-02-02-01-11,3,song,6,fearful,strong,dogsdoor,1,11,male,True,48000,3.7704375,1,PCM_16,
../data/Actor_11/03-02-06-02-02-02-11.wav,03-02-06-02-02-02-11,3,song,6,fearful,strong,dogsdoor,2,11,male,True,48000,3.8705416666666665,1,PCM_16,
../data/Actor_12/03-01-01-01-01-01-12.wav,03-01-01-01-01-01-12,3,speech,1,neutral,normal,kidsdoor,1,12,female,True,48000,3.6369583333333333,1,PCM_16,
../data/Actor_12/03-01-01-01-01-02-12.wav,03-01-01-01-01-02-12,3,speech,1,neutral,normal,kidsdoor,2,12,female,True,48000,3.536875,1,PCM_16,
../data/Actor_12/03-01-01-01-02-01-12.wav,03-01-01-01-02-01-12,3,speech,1,neutral,normal,dogsdoor,1,12,female,True,48000,3.6036041666666665,1,PCM_16,
../data/Actor_12/03-01-01-01-02-02-12.wav,03-01-01-01-02-02-12,3,speech,1,neutral,normal,dogsdoor,2,12,female,True,48000,3.636979166666667,1,PCM_16,
../data/Actor_12/03-01-02-01-01-01-12.wav,03-01-02-01-01-01-12,3,speech,2,calm,normal,kidsdoor,1,12,female,True,48000,3.8705208333333334,1,PCM_16,
../data/Actor_12/03-01-02-01-01-02-12.wav,03-01-02-01-01-02-12,3,speech,2,calm,normal,kidsdoor,2,12,female,True,48000,3.7704166666666667,1,PCM_16,
../data/Actor_12/03-01-02-01-02-01-12.wav,03-01-02-01-02-01-12,3,speech,2,calm,normal,dogsdoor,1,12,female,True,48000,3.7704375,1,PCM_16,
../data/Actor_12/03-01-02-01-02-02-12.wav,03-01-02-01-02-02-12,3,speech,2,calm,normal,dogsdoor,2,12,female,True,48000,3.6703333333333332,1,PCM_16,
../data/Actor_12/03-01-02-02-01-01-12.wav,03-01-02-02-01-01-12,3,speech,2,calm,strong,kidsdoor,1,12,female,True,48000,3.970625,1,PCM_16,
../data/Actor_12/03-01-02-02-01-02-12.wav,03-01-02-02-01-02-12,3,speech,2,calm,strong,kidsdoor,2,12,female,True,48000,3.7704375,1,PCM_16,
../data/Actor_12/03-01-02-02-02-01-12.wav,03-01-02-02-02-01-12,3,speech,2,calm,strong,dogsdoor,1,12,female,True,48000,3.7370833333333335,1,PCM_16,
../data/Actor_12/03-01-02-02-02-02-12.wav,03-01-02-02-02-02-12,3,speech,2,calm,strong,dogsdoor,2,12,female,True,48000,3.8038125,1,PCM_16,
../data/Actor_12/03-01-03-01-01-01-12.wav,03-01-03-01-01-01-12,3,speech,3,happy,normal,kidsdoor,1,12,female,True,48000,3.703708333333333,1,PCM_16,
../data/Actor_12/03-01-03-01-01-02-12.wav,03-01-03-01-01-02-12,3,speech,3,happy,normal,kidsdoor,2,12,female,True,48000,3.7370625,1,PCM_16,
../data/Actor_12/03-01-03-01-02-01-12.wav,03-01-03-01-02-01-12,3,speech,3,happy,normal,dogsdoor,1,12,female,True,48000,3.5035,1,PCM_16,
../data/Actor_12/03-01-03-01-02-02-12.wav,03-01-03-01-02-02-12,3,speech,3,happy,normal,dogsdoor,2,12,female,True,48000,3.7370833333333335,1,PCM_16,
../data/Actor_12/03-01-03-02-01-01-12.wav,03-01-03-02-01-01-12,3,speech,3,happy,strong,kidsdoor,1,12,female,True,48000,4.204208333333334,1,PCM_16,
../data/Actor_12/03-01-03-02-01-02-12.wav,03-01-03-02-01-02-12,3,speech,3,happy,strong,kidsdoor,2,12,female,True,48000,4.137458333333333,1,PCM_16,
../data/Actor_12/03-01-03-02-02-01-12.wav,03-01-03-02-02-01-12,3,speech,3,happy,strong,dogsdoor,1,12,female,True,48000,3.9039166666666665,1,PCM_16,
../data/Actor_12/03-01-03-02-02-02-12.wav,03-01-03-02-02-02-12,3,speech,3,happy,strong,dogsdoor,2,12,female,True,48000,3.970625,1,PCM_16,
../data/Actor_12/03-01-04-01-01-01-12.wav,03-01-04-01-01-01-12,3,speech,4,sad,normal,kidsdoor,1,12,female,True,48000,3.6703333333333332,1,PCM_16,
../data/Actor_12/03-01-04-01-01-02-12.wav,03-01-04-01-01-02-12,3,speech,4,sad,normal,kidsdoor,2,12,female,True,48000,3.6035833333333334,1,PCM_16,
../data/Actor_12/03-01-04-01-02-01-12.wav,03-01-04-01-02-01-12,3,speech,4,sad,normal,dogsdoor,1,12,female,True,48000,3.6703333333333332,1,PCM_16,
../data/Actor_12/03-01-04-01-02-02-12.wav,03-01-04-01-02-02-12,3,speech,4,sad,normal,dogsdoor,2,12,female,True,48000,3.5702291666666666,1,PCM_16,
../data/Actor_12/03-01-04-02-01-01-12.wav,03-01-04-02-01-01-12,3,speech,4,sad,strong,kidsdoor,1,12,female,True,48000,3.8705208333333334,1,PCM_16,
../data/Actor_12/03-01-04-02-01-02-12.wav,03-01-04-02-01-02-12,3,speech,4,sad,strong,kidsdoor,2,12,female,True,48000,3.7704375,1,PCM_16,
../data/Actor_12/03-01-04-02-02-01-12.wav,03-01-04-02-02-01-12,3,speech,4,sad,strong,dogsdoor,1,12,female,True,48000,3.8037916666666667,1,PCM_16,
../data/Actor_12/03-01-04-02-02-02-12.wav,03-01-04-02-02-02-12,3,speech,4,sad,strong,dogsdoor,2,12,female,True,48000,3.8705416666666665,1,PCM_16,
../data/Actor_12/03-01-05-01-01-01-12.wav,03-01-05-01-01-01-12,3,speech,5,angry,normal,kidsdoor,1,12,female,True,48000,4.2709375,1,PCM_16,
../data/Actor_12/03-01-05-01-01-02-12.wav,03-01-05-01-01-02-12,3,speech,5,angry,normal,kidsdoor,2,12,female,True,48000,3.970625,1,PCM_16,
../data/Actor_12/03-01-05-01-02-01-12.wav,03-01-05-01-02-01-12,3,speech,5,angry,normal,dogsdoor,1,12,female,True,48000,3.7370833333333335,1,PCM_16,
../data/Actor_12/03-01-05-01-02-02-12.wav,03-01-05-01-02-02-12,3,speech,5,angry,normal,dogsdoor,2,12,female,True,48000,4.137458333333333,1,PCM_16,
../data/Actor_12/03-01-05-02-01-01-12.wav,03-01-05-02-01-01-12,3,speech,5,angry,strong,kidsdoor,1,12,female,True,48000,3.6369583333333333,1,PCM_16,
../data/Actor_12/03-01-05-02-01-02-12.wav,03-01-05-02-01-02-12,3,speech,5,angry,strong,kidsdoor,2,12,female,True,48000,3.6703333333333332,1,PCM_16,
../data/Actor_12/03-01-05-02-02-01-12.wav,03-01-05-02-02-01-12,3,speech,5,angry,strong,dogsdoor,1,12,female,True,48000,3.8038125,1,PCM_16,
../data/Actor_12/03-01-05-02-02-02-12.wav,03-01-05-02-02-02-12,3,speech,5,angry,strong,dogsdoor,2,12,female,True,48000,3.8371666666666666,1,PCM_16,
../data/Actor_12/03-01-06-01-01-01-12.wav,03-01-06-01-01-01-12,3,speech,6,fearful,normal,kidsdoor,1,12,female,True,48000,3.4034166666666668,1,PCM_16,
../data/Actor_12/03-01-06-01-01-02-12.wav,03-01-06-01-01-02-12,3,speech,6,fearful,normal,kidsdoor,2,12,female,True,48000,3.5035,1,PCM_16,
../data/Actor_12/03-01-06-01-02-01-12.wav,03-01-06-01-02-01-12,3,speech,6,fearful,normal,dogsdoor,1,12,female,True,48000,3.3700208333333332,1,PCM_16,
../data/Actor_12/03-01-06-01-02-02-12.wav,03-01-06-01-02-02-12,3,speech,6,fearful,normal,dogsdoor,2,12,female,True,48000,3.2032083333333334,1,PCM_16,
../data/Actor_12/03-01-06-02-01-01-12.wav,03-01-06-02-01-01-12,3,speech,6,fearful,strong,kidsdoor,1,12,female,True,48000,3.7370833333333335,1,PCM_16,
../data/Actor_12/03-01-06-02-01-02-12.wav,03-01-06-02-01-02-12,3,speech,6,fearful,strong,kidsdoor,2,12,female,True,48000,3.703708333333333,1,PCM_16,
../data/Actor_12/03-01-06-02-02-01-12.wav,03-01-06-02-02-01-12,3,speech,6,fearful,strong,dogsdoor,1,12,female,True,48000,3.4701458333333335,1,PCM_16,
../data/Actor_12/03-01-06-02-02-02-12.wav,03-01-06-02-02-02-12,3,speech,6,fearful,strong,dogsdoor,2,12,female,True,48000,3.6703333333333332,1,PCM_16,
../data/Actor_12/03-01-07-01-01-01-12.wav,03-01-07-01-01-01-12,3,speech,7,disgust,normal,kidsdoor,1,12,female,True,48000,3.7370625,1,PCM_16,
../data/Actor_12/03-01-07-01-01-02-12.wav,03-01-07-01-01-02-12,3,speech,7,disgust,normal,kidsdoor,2,12,female,True,48000,3.703708333333333,1,PCM_16,
../data/Actor_12/03-01-07-01-02-01-12.wav,03-01-07-01-02-01-12,3,speech,7,disgust,normal,dogsdoor,1,12,female,True,48000,3.6036041666666665,1,PCM_16,
../data/Actor_12/03-01-07-01-02-02-12.wav,03-01-07-01-02-02-12,3,speech,7,disgust,normal,dogsdoor,2,12,female,True,48000,3.703708333333333,1,PCM_16,
../data/Actor_12/03-01-07-02-01-01-12.wav,03-01-07-02-01-01-12,3,speech,7,disgust,strong,kidsdoor,1,12,female,True,48000,3.970645833333333,1,PCM_16,
../data/Actor_12/03-01-07-02-01-02-12.wav,03-01-07-02-01-02-12,3,speech,7,disgust,strong,kidsdoor,2,12,female,True,48000,4.5378541666666665,1,PCM_16,
../data/Actor_12/03-01-07-02-02-01-12.wav,03-01-07-02-02-01-12,3,speech,7,disgust,strong,dogsdoor,1,12,female,True,48000,4.204208333333334,1,PCM_16,
../data/Actor_12/03-01-07-02-02-02-12.wav,03-01-07-02-02-02-12,3,speech,7,disgust,strong,dogsdoor,2,12,female,True,48000,3.970645833333333,1,PCM_16,
../data/Actor_12/03-01-08-01-01-01-12.wav,03-01-08-01-01-01-12,3,speech,8,surprised,normal,kidsdoor,1,12,female,True,48000,3.536875,1,PCM_16,
../data/Actor_12/03-01-08-01-01-02-12.wav,03-01-08-01-01-02-12,3,speech,8,surprised,normal,kidsdoor,2,12,female,True,48000,3.6369583333333333,1,PCM_16,
../data/Actor_12/03-01-08-01-02-01-12.wav,03-01-08-01-02-01-12,3,speech,8,surprised,normal,dogsdoor,1,12,female,True,48000,3.5035,1,PCM_16,
../data/Actor_12/03-01-08-01-02-02-12.wav,03-01-08-01-02-02-12,3,speech,8,surprised,normal,dogsdoor,2,12,female,True,48000,3.6036041666666665,1,PCM_16,
../data/Actor_12/03-01-08-02-01-01-12.wav,03-01-08-02-01-01-12,3,speech,8,surprised,strong,kidsdoor,1,12,female,True,48000,3.7036875,1,PCM_16,
../data/Actor_12/03-01-08-02-01-02-12.wav,03-01-08-02-01-02-12,3,speech,8,surprised,strong,kidsdoor,2,12,female,True,48000,3.7370625,1,PCM_16,
../data/Actor_12/03-01-08-02-02-01-12.wav,03-01-08-02-02-01-12,3,speech,8,surprised,strong,dogsdoor,1,12,female,True,48000,3.7370625,1,PCM_16,
../data/Actor_12/03-01-08-02-02-02-12.wav,03-01-08-02-02-02-12,3,speech,8,surprised,strong,dogsdoor,2,12,female,True,48000,3.6703333333333332,1,PCM_16,
../data/Actor_12/03-02-01-01-01-01-12.wav,03-02-01-01-01-01-12,3,song,1,neutral,normal,kidsdoor,1,12,female,True,48000,4.170833333333333,1,PCM_16,
../data/Actor_12/03-02-01-01-01-02-12.wav,03-02-01-01-01-02-12,3,song,1,neutral,normal,kidsdoor,2,12,female,True,48000,4.7047083333333335,1,PCM_16,
../data/Actor_12/03-02-01-01-02-01-12.wav,03-02-01-01-02-01-12,3,song,1,neutral,normal,dogsdoor,1,12,female,True,48000,4.371020833333334,1,PCM_16,
../data/Actor_12/03-02-01-01-02-02-12.wav,03-02-01-01-02-02-12,3,song,1,neutral,normal,dogsdoor,2,12,female,True,48000,4.437770833333333,1,PCM_16,
../data/Actor_12/03-02-02-01-01-01-12.wav,03-02-02-01-01-01-12,3,song,2,calm,normal,kidsdoor,1,12,female,True,48000,4.838166666666667,1,PCM_16,
../data/Actor_12/03-02-02-01-01-02-12.wav,03-02-02-01-01-02-12,3,song,2,calm,normal,kidsdoor,2,12,female,True,48000,4.838166666666667,1,PCM_16,
../data/Actor_12/03-02-02-01-02-01-12.wav,03-02-02-01-02-01-12,3,song,2,calm,normal,dogsdoor,1,12,female,True,48000,4.571229166666667,1,PCM_16,
../data/Actor_12/03-02-02-01-02-02-12.wav,03-02-02-01-02-02-12,3,song,2,calm,normal,dogsdoor,2,12,female,True,48000,4.871541666666666,1,PCM_16,
../data/Actor_12/03-02-02-02-01-01-12.wav,03-02-02-02-01-01-12,3,song,2,calm,strong,kidsdoor,1,12,female,True,48000,4.7380625,1,PCM_16,
../data/Actor_12/03-02-02-02-01-02-12.wav,03-02-02-02-01-02-12,3,song,2,calm,strong,kidsdoor,2,12,female,True,48000,4.671333333333333,1,PCM_16,
../data/Actor_12/03-02-02-02-02-01-12.wav,03-02-02-02-02-01-12,3,song,2,calm,strong,dogsdoor,1,12,female,True,48000,4.671333333333333,1,PCM_16,
../data/Actor_12/03-02-02-02-02-02-12.wav,03-02-02-02-02-02-12,3,song,2,calm,strong,dogsdoor,2,12,female,True,48000,4.637958333333334,1,PCM_16,
../data/Actor_12/03-02-03-01-01-01-12.wav,03-02-03-01-01-01-12,3,song,3,happy,normal,kidsdoor,1,12,female,True,48000,4.471125,1,PCM_16,
../data/Actor_12/03-02-03-01-01-02-12.wav,03-02-03-01-01-02-12,3,song,3,happy,normal,kidsdoor,2,12,female,True,48000,4.471125,1,PCM_16,
../data/Actor_12/03-02-03-01-02-01-12.wav,03-02-03-01-02-01-12,3,song,3,happy,normal,dogsdoor,1,12,female,True,48000,4.604583333333333,1,PCM_16,
../data/Actor_12/03-02-03-01-02-02-12.wav,03-02-03-01-02-02-12,3,song,3,happy,normal,dogsdoor,2,12,female,True,48000,4.5045,1,PCM_16,
../data/Actor_12/03-02-03-02-01-01-12.wav,03-02-03-02-01-01-12,3,song,3,happy,strong,kidsdoor,1,12,female,True,48000,4.404395833333333,1,PCM_16,
../data/Actor_12/03-02-03-02-01-02-12.wav,03-02-03-02-01-02-12,3,song,3,happy,strong,kidsdoor,2,12,female,True,48000,4.371020833333334,1,PCM_16,
../data/Actor_12/03-02-03-02-02-01-12.wav,03-02-03-02-02-01-12,3,song,3,happy,strong,dogsdoor,1,12,female,True,48000,4.437770833333333,1,PCM_16,
../data/Actor_12/03-02-03-02-02-02-12.wav,03-02-03-02-02-02-12,3,song,3,happy,strong,dogsdoor,2,12,female,True,48000,4.337666666666666,1,PCM_16,
../data/Actor_12/03-02-04-01-01-01-12.wav,03-02-04-01-01-01-12,3,song,4,sad,normal,kidsdoor,1,12,female,True,48000,4.404395833333333,1,PCM_16,
../data/Actor_12/03-02-04-01-01-02-12.wav,03-02-04-01-01-02-12,3,song,4,sad,normal,kidsdoor,2,12,female,True,48000,4.871520833333333,1,PCM_16,
../data/Actor_12/03-02-04-01-02-01-12.wav,03-02-04-01-02-01-12,3,song,4,sad,normal,dogsdoor,1,12,female,True,48000,4.5378541666666665,1,PCM_16,
../data/Actor_12/03-02-04-01-02-02-12.wav,03-02-04-01-02-02-12,3,song,4,sad,normal,dogsdoor,2,12,female,True,48000,4.471125,1,PCM_16,
../data/Actor_12/03-02-04-02-01-01-12.wav,03-02-04-02-01-01-12,3,song,4,sad,strong,kidsdoor,1,12,female,True,48000,4.571229166666667,1,PCM_16,
../data/Actor_12/03-02-04-02-01-02-12.wav,03-02-04-02-01-02-12,3,song,4,sad,strong,kidsdoor,2,12,female,True,48000,4.637958333333334,1,PCM_16,
../data/Actor_12/03-02-04-02-02-01-12.wav,03-02-04-02-02-01-12,3,song,4,sad,strong,dogsdoor,1,12,female,True,48000,4.337666666666666,1,PCM_16,
../data/Actor_12/03-02-04-02-02-02-12.wav,03-02-04-02-02-02-12,3,song,4,sad,strong,dogsdoor,2,12,female,True,48000,4.371041666666667,1,PCM_16,
../data/Actor_12/03-02-05-01-01-01-12.wav,03-02-05-01-01-01-12,3,song,5,angry,normal,kidsdoor,1,12,female,True,48000,4.604604166666666,1,PCM_16,
../data/Actor_12/03-02-05-01-01-02-12.wav,03-02-05-01-01-02-12,3,song,5,angry,normal,kidsdoor,2,12,female,True,48000,4.7714375,1,PCM_16,
../data/Actor_12/03-02-05-01-02-01-12.wav,03-02-05-01-02-01-12,3,song,5,angry,normal,dogsdoor,1,12,female,True,48000,4.5378541666666665,1,PCM_16,
../data/Actor_12/03-02-05-01-02-02-12.wav,03-02-05-01-02-02-12,3,song,5,angry,normal,dogsdoor,2,12,female,True,48000,4.437770833333333,1,PCM_16,
../data/Actor_12/03-02-05-02-01-01-12.wav,03-02-05-02-01-01-12,3,song,5,angry,strong,kidsdoor,1,12,female,True,48000,4.637958333333334,1,PCM_16,
../data/Actor_12/03-02-05-02-01-02-12.wav,03-02-05-02-01-02-12,3,song,5,angry,strong,kidsdoor,2,12,female,True,48000,4.604583333333333,1,PCM_16,
../data/Actor_12/03-02-05-02-02-01-12.wav,03-02-05-02-02-01-12,3,song,5,angry,strong,dogsdoor,1,12,female,True,48000,4.471125,1,PCM_16,
../data/Actor_12/03-02-05-02-02-02-12.wav,03-02-05-02-02-02-12,3,song,5,angry,strong,dogsdoor,2,12,female,True,48000,4.604604166666666,1,PCM_16,
../data/Actor_12/03-02-06-01-01-01-12.wav,03-02-06-01-01-01-12,3,song,6,fearful,normal,kidsdoor,1,12,female,True,48000,4.204208333333334,1,PCM_16,
../data/Actor_12/03-02-06-01-01-02-12.wav,03-02-06-01-01-02-12,3,song,6,fearful,normal,kidsdoor,2,12,female,True,48000,3.7370625,1,PCM_16,
../data/Actor_12/03-02-06-01-02-01-12.wav,03-02-06-01-02-01-12,3,song,6,fearful,normal,dogsdoor,1,12,female,True,48000,4.204208333333334,1,PCM_16,
../data/Actor_12/03-02-06-01-02-02-12.wav,03-02-06-01-02-02-12,3,song,6,fearful,normal,dogsdoor,2,12,female,True,48000,4.304291666666667,1,PCM_16,
../data/Actor_12/03-02-06-02-01-01-12.wav,03-02-06-02-01-01-12,3,song,6,fearful,strong,kidsdoor,1,12,female,True,48000,4.037354166666667,1,PCM_16,
../data/Actor_12/03-02-06-02-01-02-12.wav,03-02-06-02-01-02-12,3,song,6,fearful,strong,kidsdoor,2,12,female,True,48000,4.137458333333333,1,PCM_16,
../data/Actor_12/03-02-06-02-02-01-12.wav,03-02-06-02-02-01-12,3,song,6,fearful,strong,dogsdoor,1,12,female,True,48000,4.037354166666667,1,PCM_16,
../data/Actor_12/03-02-06-02-02-02-12.wav,03-02-06-02-02-02-12,3,song,6,fearful,strong,dogsdoor,2,12,female,True,48000,4.337666666666666,1,PCM_16,
../data/Actor_13/03-01-01-01-01-01-13.wav,03-01-01-01-01-01-13,3,speech,1,neutral,normal,kidsdoor,1,13,male,True,48000,3.1698333333333335,1,PCM_16,
../data/Actor_13/03-01-01-01-01-02-13.wav,03-01-01-01-01-02-13,3,speech,1,neutral,normal,kidsdoor,2,13,male,True,48000,3.2031875,1,PCM_16,
../data/Actor_13/03-01-01-01-02-01-13.wav,03-01-01-01-02-01-13,3,speech,1,neutral,normal,dogsdoor,1,13,male,True,48000,3.069729166666667,1,PCM_16,
../data/Actor_13/03-01-01-01-02-02-13.wav,03-01-01-01-02-02-13,3,speech,1,neutral,normal,dogsdoor,2,13,male,True,48000,3.136458333333333,1,PCM_16,
../data/Actor_13/03-01-02-01-01-01-13.wav,03-01-02-01-01-01-13,3,speech,2,calm,normal,kidsdoor,1,13,male,True,48000,3.3032916666666665,1,PCM_16,
../data/Actor_13/03-01-02-01-01-02-13.wav,03-01-02-01-01-02-13,3,speech,2,calm,normal,kidsdoor,2,13,male,True,48000,3.1698333333333335,1,PCM_16,
../data/Actor_13/03-01-02-01-02-01-13.wav,03-01-02-01-02-01-13,3,speech,2,calm,normal,dogsdoor,1,13,male,True,48000,3.136458333333333,1,PCM_16,
../data/Actor_13/03-01-02-01-02-02-13.wav,03-01-02-01-02-02-13,3,speech,2,calm,normal,dogsdoor,2,13,male,True,48000,2.9362708333333334,1,PCM_16,
../data/Actor_13/03-01-02-02-01-01-13.wav,03-01-02-02-01-01-13,3,speech,2,calm,strong,kidsdoor,1,13,male,True,48000,3.1364791666666667,1,PCM_16,
../data/Actor_13/03-01-02-02-01-02-13.wav,03-01-02-02-01-02-13,3,speech,2,calm,strong,kidsdoor,2,13,male,True,48000,3.2032083333333334,1,PCM_16,
../data/Actor_13/03-01-02-02-02-01-13.wav,03-01-02-02-02-01-13,3,speech,2,calm,strong,dogsdoor,1,13,male,True,48000,3.003,1,PCM_16,
../data/Actor_13/03-01-02-02-02-02-13.wav,03-01-02-02-02-02-13,3,speech,2,calm,strong,dogsdoor,2,13,male,True,48000,3.0363541666666665,1,PCM_16,
../data/Actor_13/03-01-03-01-01-01-13.wav,03-01-03-01-01-01-13,3,speech,3,happy,normal,kidsdoor,1,13,male,True,48000,3.2365625,1,PCM_16,
../data/Actor_13/03-01-03-01-01-02-13.wav,03-01-03-01-01-02-13,3,speech,3,happy,normal,kidsdoor,2,13,male,True,48000,3.2032083333333334,1,PCM_16,
../data/Actor_13/03-01-03-01-02-01-13.wav,03-01-03-01-02-01-13,3,speech,3,happy,normal,dogsdoor,1,13,male,True,48000,3.1364791666666667,1,PCM_16,
../data/Actor_13/03-01-03-01-02-02-13.wav,03-01-03-01-02-02-13,3,speech,3,happy,normal,dogsdoor,2,13,male,True,48000,3.2032083333333334,1,PCM_16,
../data/Actor_13/03-01-03-02-01-01-13.wav,03-01-03-02-01-01-13,3,speech,3,happy,strong,kidsdoor,1,13,male,True,48000,3.4367708333333336,1,PCM_16,
../data/Actor_13/03-01-03-02-01-02-13.wav,03-01-03-02-01-02-13,3,speech,3,happy,strong,kidsdoor,2,13,male,True,48000,3.6036041666666665,1,PCM_16,
../data/Actor_13/03-01-03-02-02-01-13.wav,03-01-03-02-02-01-13,3,speech,3,happy,strong,dogsdoor,1,13,male,True,48000,3.3700208333333332,1,PCM_16,
../data/Actor_13/03-01-03-02-02-02-13.wav,03-01-03-02-02-02-13,3,speech,3,happy,strong,dogsdoor,2,13,male,True,48000,3.3366666666666664,1,PCM_16,
../data/Actor_13/03-01-04-01-01-01-13.wav,03-01-04-01-01-01-13,3,speech,4,sad,normal,kidsdoor,1,13,male,True,48000,3.5702291666666666,1,PCM_16,
../data/Actor_13/03-01-04-01-01-02-13.wav,03-01-04-01-01-02-13,3,speech,4,sad,normal,kidsdoor,2,13,male,True,48000,3.5368541666666666,1,PCM_16,
../data/Actor_13/03-01-04-01-02-01-13.wav,03-01-04-01-02-01-13,3,speech,4,sad,normal,dogsdoor,1,13,male,True,48000,3.4367708333333336,1,PCM_16,
../data/Actor_13/03-01-04-01-02-02-13.wav,03-01-04-01-02-02-13,3,speech,4,sad,normal,dogsdoor,2,13,male,True,48000,3.370041666666667,1,PCM_16,
../data/Actor_13/03-01-04-02-01-01-13.wav,03-01-04-02-01-01-13,3,speech,4,sad,strong,kidsdoor,1,13,male,True,48000,3.3366666666666664,1,PCM_16,
../data/Actor_13/03-01-04-02-01-02-13.wav,03-01-04-02-01-02-13,3,speech,4,sad,strong,kidsdoor,2,13,male,True,48000,3.3032916666666665,1,PCM_16,
../data/Actor_13/03-01-04-02-02-01-13.wav,03-01-04-02-02-01-13,3,speech,4,sad,strong,dogsdoor,1,13,male,True,48000,3.4367708333333336,1,PCM_16,
../data/Actor_13/03-01-04-02-02-02-13.wav,03-01-04-02-02-02-13,3,speech,4,sad,strong,dogsdoor,2,13,male,True,48000,3.2031875,1,PCM_16,
../data/Actor_13/03-01-05-01-01-01-13.wav,03-01-05-01-01-01-13,3,speech,5,angry,normal,kidsdoor,1,13,male,True,48000,3.4367708333333336,1,PCM_16,
../data/Actor_13/03-01-05-01-01-02-13.wav,03-01-05-01-01-02-13,3,speech,5,angry,normal,kidsdoor,2,13,male,True,48000,3.5368541666666666,1,PCM_16,
../data/Actor_13/03-01-05-01-02-01-13.wav,03-01-05-01-02-01-13,3,speech,5,angry,normal,dogsdoor,1,13,male,True,48000,3.6036041666666665,1,PCM_16,
../data/Actor_13/03-01-05-01-02-02-13.wav,03-01-05-01-02-02-13,3,speech,5,angry,normal,dogsdoor,2,13,male,True,48000,3.3700208333333332,1,PCM_16,
../data/Actor_13/03-01-05-02-01-01-13.wav,03-01-05-02-01-01-13,3,speech,5,angry,strong,kidsdoor,1,13,male,True,48000,3.6703333333333332,1,PCM_16,
../data/Actor_13/03-01-05-02-01-02-13.wav,03-01-05-02-01-02-13,3,speech,5,angry,strong,kidsdoor,2,13,male,True,48000,4.2709375,1,PCM_16,
../data/Actor_13/03-01-05-02-02-01-13.wav,03-01-05-02-02-01-13,3,speech,5,angry,strong,dogsdoor,1,13,male,True,48000,3.5702291666666666,1,PCM_16,
../data/Actor_13/03-01-05-02-02-02-13.wav,03-01-05-02-02-02-13,3,speech,5,angry,strong,dogsdoor,2,13,male,True,48000,4.170833333333333,1,PCM_16,
../data/Actor_13/03-01-06-01-01-01-13.wav,03-01-06-01-01-01-13,3,speech,6,fearful,normal,kidsdoor,1,13,male,True,48000,3.1364791666666667,1,PCM_16,
../data/Actor_13/03-01-06-01-01-02-13.wav,03-01-06-01-01-02-13,3,speech,6,fearful,normal,kidsdoor,2,13,male,True,48000,3.1698333333333335,1,PCM_16,
../data/Actor_13/03-01-06-01-02-01-13.wav,03-01-06-01-02-01-13,3,speech,6,fearful,normal,dogsdoor,1,13,male,True,48000,3.2032083333333334,1,PCM_16,
../data/Actor_13/03-01-06-01-02-02-13.wav,03-01-06-01-02-02-13,3,speech,6,fearful,normal,dogsdoor,2,13,male,True,48000,3.2365625,1,PCM_16,
../data/Actor_13/03-01-06-02-01-01-13.wav,03-01-06-02-01-01-13,3,speech,6,fearful,strong,kidsdoor,1,13,male,True,48000,3.370041666666667,1,PCM_16,
../data/Actor_13/03-01-06-02-01-02-13.wav,03-01-06-02-01-02-13,3,speech,6,fearful,strong,kidsdoor,2,13,male,True,48000,3.2699375,1,PCM_16,
../data/Actor_13/03-01-06-02-02-01-13.wav,03-01-06-02-02-01-13,3,speech,6,fearful,strong,dogsdoor,1,13,male,True,48000,3.5035,1,PCM_16,
../data/Actor_13/03-01-06-02-02-02-13.wav,03-01-06-02-02-02-13,3,speech,6,fearful,strong,dogsdoor,2,13,male,True,48000,3.2032083333333334,1,PCM_16,
../data/Actor_13/03-01-07-01-01-01-13.wav,03-01-07-01-01-01-13,3,speech,7,disgust,normal,kidsdoor,1,13,male,True,48000,3.136458333333333,1,PCM_16,
../data/Actor_13/03-01-07-01-01-02-13.wav,03-01-07-01-01-02-13,3,speech,7,disgust,normal,kidsdoor,2,13,male,True,48000,3.1698333333333335,1,PCM_16,
../data/Actor_13/03-01-07-01-02-01-13.wav,03-01-07-01-02-01-13,3,speech,7,disgust,normal,dogsdoor,1,13,male,True,48000,3.2699375,1,PCM_16,
../data/Actor_13/03-01-07-01-02-02-13.wav,03-01-07-01-02-02-13,3,speech,7,disgust,normal,dogsdoor,2,13,male,True,48000,3.2365625,1,PCM_16,
../data/Actor_13/03-01-07-02-01-01-13.wav,03-01-07-02-01-01-13,3,speech,7,disgust,strong,kidsdoor,1,13,male,True,48000,3.403395833333333,1,PCM_16,
../data/Actor_13/03-01-07-02-01-02-13.wav,03-01-07-02-01-02-13,3,speech,7,disgust,strong,kidsdoor,2,13,male,True,48000,3.703708333333333,1,PCM_16,
../data/Actor_13/03-01-07-02-02-01-13.wav,03-01-07-02-02-01-13,3,speech,7,disgust,strong,dogsdoor,1,13,male,True,48000,3.403395833333333,1,PCM_16,
../data/Actor_13/03-01-07-02-02-02-13.wav,03-01-07-02-02-02-13,3,speech,7,disgust,strong,dogsdoor,2,13,male,True,48000,3.4367708333333336,1,PCM_16,
../data/Actor_13/03-01-08-01-01-01-13.wav,03-01-08-01-01-01-13,3,speech,8,surprised,normal,kidsdoor,1,13,male,True,48000,3.403395833333333,1,PCM_16,
../data/Actor_13/03-01-08-01-01-02-13.wav,03-01-08-01-01-02-13,3,speech,8,surprised,normal,kidsdoor,2,13,male,True,48000,3.136458333333333,1,PCM_16,
../data/Actor_13/03-01-08-01-02-01-13.wav,03-01-08-01-02-01-13,3,speech,8,surprised,normal,dogsdoor,1,13,male,True,48000,3.1364791666666667,1,PCM_16,
../data/Actor_13/03-01-08-01-02-02-13.wav,03-01-08-01-02-02-13,3,speech,8,surprised,normal,dogsdoor,2,13,male,True,48000,3.036375,1,PCM_16,
../data/Actor_13/03-01-08-02-01-01-13.wav,03-01-08-02-01-01-13,3,speech,8,surprised,strong,kidsdoor,1,13,male,True,48000,3.3366666666666664,1,PCM_16,
../data/Actor_13/03-01-08-02-01-02-13.wav,03-01-08-02-01-02-13,3,speech,8,surprised,strong,kidsdoor,2,13,male,True,48000,3.3032916666666665,1,PCM_16,
../data/Actor_13/03-01-08-02-02-01-13.wav,03-01-08-02-02-01-13,3,speech,8,surprised,strong,dogsdoor,1,13,male,True,48000,3.3366666666666664,1,PCM_16,
../data/Actor_13/03-01-08-02-02-02-13.wav,03-01-08-02-02-02-13,3,speech,8,surprised,strong,dogsdoor,2,13,male,True,48000,3.3032916666666665,1,PCM_16,
../data/Actor_13/03-02-01-01-01-01-13.wav,03-02-01-01-01-01-13,3,song,1,neutral,normal,kidsdoor,1,13,male,True,48000,4.337666666666666,1,PCM_16,
../data/Actor_13/03-02-01-01-01-02-13.wav,03-02-01-01-01-02-13,3,song,1,neutral,normal,kidsdoor,2,13,male,True,48000,4.337666666666666,1,PCM_16,
../data/Actor_13/03-02-01-01-02-01-13.wav,03-02-01-01-02-01-13,3,song,1,neutral,normal,dogsdoor,1,13,male,True,48000,4.337666666666666,1,PCM_16,
../data/Actor_13/03-02-01-01-02-02-13.wav,03-02-01-01-02-02-13,3,song,1,neutral,normal,dogsdoor,2,13,male,True,48000,4.2709375,1,PCM_16,
../data/Actor_13/03-02-02-01-01-01-13.wav,03-02-02-01-01-01-13,3,song,2,calm,normal,kidsdoor,1,13,male,True,48000,4.337666666666666,1,PCM_16,
../data/Actor_13/03-02-02-01-01-02-13.wav,03-02-02-01-01-02-13,3,song,2,calm,normal,kidsdoor,2,13,male,True,48000,5.038354166666666,1,PCM_16,
../data/Actor_13/03-02-02-01-02-01-13.wav,03-02-02-01-02-01-13,3,song,2,calm,normal,dogsdoor,1,13,male,True,48000,4.838166666666667,1,PCM_16,
../data/Actor_13/03-02-02-01-02-02-13.wav,03-02-02-01-02-02-13,3,song,2,calm,normal,dogsdoor,2,13,male,True,48000,5.205208333333333,1,PCM_16,
../data/Actor_13/03-02-02-02-01-01-13.wav,03-02-02-02-01-01-13,3,song,2,calm,strong,kidsdoor,1,13,male,True,48000,5.271916666666667,1,PCM_16,
../data/Actor_13/03-02-02-02-01-02-13.wav,03-02-02-02-01-02-13,3,song,2,calm,strong,kidsdoor,2,13,male,True,48000,4.871541666666666,1,PCM_16,
../data/Actor_13/03-02-02-02-02-01-13.wav,03-02-02-02-02-01-13,3,song,2,calm,strong,dogsdoor,1,13,male,True,48000,4.838166666666667,1,PCM_16,
../data/Actor_13/03-02-02-02-02-02-13.wav,03-02-02-02-02-02-13,3,song,2,calm,strong,dogsdoor,2,13,male,True,48000,4.871520833333333,1,PCM_16,
../data/Actor_13/03-02-03-01-01-01-13.wav,03-02-03-01-01-01-13,3,song,3,happy,normal,kidsdoor,1,13,male,True,48000,4.371041666666667,1,PCM_16,
../data/Actor_13/03-02-03-01-01-02-13.wav,03-02-03-01-01-02-13,3,song,3,happy,normal,kidsdoor,2,13,male,True,48000,4.404395833333333,1,PCM_16,
../data/Actor_13/03-02-03-01-02-01-13.wav,03-02-03-01-02-01-13,3,song,3,happy,normal,dogsdoor,1,13,male,True,48000,4.537875,1,PCM_16,
../data/Actor_13/03-02-03-01-02-02-13.wav,03-02-03-01-02-02-13,3,song,3,happy,normal,dogsdoor,2,13,male,True,48000,4.537875,1,PCM_16,
../data/Actor_13/03-02-03-02-01-01-13.wav,03-02-03-02-01-01-13,3,song,3,happy,strong,kidsdoor,1,13,male,True,48000,4.404395833333333,1,PCM_16,
../data/Actor_13/03-02-03-02-01-02-13.wav,03-02-03-02-01-02-13,3,song,3,happy,strong,kidsdoor,2,13,male,True,48000,4.437770833333333,1,PCM_16,
../data/Actor_13/03-02-03-02-02-01-13.wav,03-02-03-02-02-01-13,3,song,3,happy,strong,dogsdoor,1,13,male,True,48000,4.471145833333333,1,PCM_16,
../data/Actor_13/03-02-03-02-02-02-13.wav,03-02-03-02-02-02-13,3,song,3,happy,strong,dogsdoor,2,13,male,True,48000,4.337666666666666,1,PCM_16,
../data/Actor_13/03-02-04-01-01-01-13.wav,03-02-04-01-01-01-13,3,song,4,sad,normal,kidsdoor,1,13,male,True,48000,4.437770833333333,1,PCM_16,
../data/Actor_13/03-02-04-01-01-02-13.wav,03-02-04-01-01-02-13,3,song,4,sad,normal,kidsdoor,2,13,male,True,48000,4.671333333333333,1,PCM_16,
../data/Actor_13/03-02-04-01-02-01-13.wav,03-02-04-01-02-01-13,3,song,4,sad,normal,dogsdoor,1,13,male,True,48000,4.371041666666667,1,PCM_16,
../data/Actor_13/03-02-04-01-02-02-13.wav,03-02-04-01-02-02-13,3,song,4,sad,normal,dogsdoor,2,13,male,True,48000,4.571229166666667,1,PCM_16,
../data/Actor_13/03-02-04-02-01-01-13.wav,03-02-04-02-01-01-13,3,song,4,sad,strong,kidsdoor,1,13,male,True,48000,4.304291666666667,1,PCM_16,
../data/Actor_13/03-02-04-02-01-02-13.wav,03-02-04-02-01-02-13,3,song,4,sad,strong,kidsdoor,2,13,male,True,48000,4.337666666666666,1,PCM_16,
../data/Actor_13/03-02-04-02-02-01-13.wav,03-02-04-02-02-01-13,3,song,4,sad,strong,dogsdoor,1,13,male,True,48000,4.371041666666667,1,PCM_16,
../data/Actor_13/03-02-04-02-02-02-13.wav,03-02-04-02-02-02-13,3,song,4,sad,strong,dogsdoor,2,13,male,True,48000,4.437770833333333,1,PCM_16,
../data/Actor_13/03-02-05-01-01-01-13.wav,03-02-05-01-01-01-13,3,song,5,angry,normal,kidsdoor,1,13,male,True,48000,4.137458333333333,1,PCM_16,
../data/Actor_13/03-02-05-01-01-02-13.wav,03-02-05-01-01-02-13,3,song,5,angry,normal,kidsdoor,2,13,male,True,48000,4.404395833333333,1,PCM_16,
../data/Actor_13/03-02-05-01-02-01-13.wav,03-02-05-01-02-01-13,3,song,5,angry,normal,dogsdoor,1,13,male,True,48000,4.304291666666667,1,PCM_16,
../data/Actor_13/03-02-05-01-02-02-13.wav,03-02-05-01-02-02-13,3,song,5,angry,normal,dogsdoor,2,13,male,True,48000,4.337666666666666,1,PCM_16,
../data/Actor_13/03-02-05-02-01-01-13.wav,03-02-05-02-01-01-13,3,song,5,angry,strong,kidsdoor,1,13,male,True,48000,4.2709375,1,PCM_16,
../data/Actor_13/03-02-05-02-01-02-13.wav,03-02-05-02-01-02-13,3,song,5,angry,strong,kidsdoor,2,13,male,True,48000,4.604604166666666,1,PCM_16,
../data/Actor_13/03-02-05-02-02-01-13.wav,03-02-05-02-02-01-13,3,song,5,angry,strong,dogsdoor,1,13,male,True,48000,4.2041875,1,PCM_16,
../data/Actor_13/03-02-05-02-02-02-13.wav,03-02-05-02-02-02-13,3,song,5,angry,strong,dogsdoor,2,13,male,True,48000,4.2709166666666665,1,PCM_16,
../data/Actor_13/03-02-06-01-01-01-13.wav,03-02-06-01-01-01-13,3,song,6,fearful,normal,kidsdoor,1,13,male,True,48000,4.2375625,1,PCM_16,
../data/Actor_13/03-02-06-01-01-02-13.wav,03-02-06-01-01-02-13,3,song,6,fearful,normal,kidsdoor,2,13,male,True,48000,4.170833333333333,1,PCM_16,
../data/Actor_13/03-02-06-01-02-01-13.wav,03-02-06-01-02-01-13,3,song,6,fearful,normal,dogsdoor,1,13,male,True,48000,4.337666666666666,1,PCM_16,
../data/Actor_13/03-02-06-01-02-02-13.wav,03-02-06-01-02-02-13,3,song,6,fearful,normal,dogsdoor,2,13,male,True,48000,4.371020833333334,1,PCM_16,
../data/Actor_13/03-02-06-02-01-01-13.wav,03-02-06-02-01-01-13,3,song,6,fearful,strong,kidsdoor,1,13,male,True,48000,4.2709375,1,PCM_16,
../data/Actor_13/03-02-06-02-01-02-13.wav,03-02-06-02-01-02-13,3,song,6,fearful,strong,kidsdoor,2,13,male,True,48000,4.2375625,1,PCM_16,
../data/Actor_13/03-02-06-02-02-01-13.wav,03-02-06-02-02-01-13,3,song,6,fearful,strong,dogsdoor,1,13,male,True,48000,4.3043125,1,PCM_16,
../data/Actor_13/03-02-06-02-02-02-13.wav,03-02-06-02-02-02-13,3,song,6,fearful,strong,dogsdoor,2,13,male,True,48000,4.2375625,1,PCM_16,
../data/Actor_14/03-01-01-01-01-01-14.wav,03-01-01-01-01-01-14,3,speech,1,neutral,normal,kidsdoor,1,14,female,True,48000,3.470125,1,PCM_16,
../data/Actor_14/03-01-01-01-01-02-14.wav,03-01-01-01-01-02-14,3,speech,1,neutral,normal,kidsdoor,2,14,female,True,48000,3.3366666666666664,1,PCM_16,
../data/Actor_14/03-01-01-01-02-01-14.wav,03-01-01-01-02-01-14,3,speech,1,neutral,normal,dogsdoor,1,14,female,True,48000,3.4701458333333335,1,PCM_16,
../data/Actor_14/03-01-01-01-02-02-14.wav,03-01-01-01-02-02-14,3,speech,1,neutral,normal,dogsdoor,2,14,female,True,48000,3.5702291666666666,1,PCM_16,
../data/Actor_14/03-01-02-01-01-01-14.wav,03-01-02-01-01-01-14,3,speech,2,calm,normal,kidsdoor,1,14,female,True,48000,3.7370625,1,PCM_16,
../data/Actor_14/03-01-02-01-01-02-14.wav,03-01-02-01-01-02-14,3,speech,2,calm,normal,kidsdoor,2,14,female,True,48000,3.5702291666666666,1,PCM_16,
../data/Actor_14/03-01-02-01-02-01-14.wav,03-01-02-01-02-01-14,3,speech,2,calm,normal,dogsdoor,1,14,female,True,48000,3.4034166666666668,1,PCM_16,
../data/Actor_14/03-01-02-01-02-02-14.wav,03-01-02-01-02-02-14,3,speech,2,calm,normal,dogsdoor,2,14,female,True,48000,3.5035,1,PCM_16,
../data/Actor_14/03-01-02-02-01-01-14.wav,03-01-02-02-01-01-14,3,speech,2,calm,strong,kidsdoor,1,14,female,True,48000,3.8705208333333334,1,PCM_16,
../data/Actor_14/03-01-02-02-01-02-14.wav,03-01-02-02-01-02-14,3,speech,2,calm,strong,kidsdoor,2,14,female,True,48000,3.9038958333333333,1,PCM_16,
../data/Actor_14/03-01-02-02-02-01-14.wav,03-01-02-02-02-01-14,3,speech,2,calm,strong,dogsdoor,1,14,female,True,48000,3.7370625,1,PCM_16,
../data/Actor_14/03-01-02-02-02-02-14.wav,03-01-02-02-02-02-14,3,speech,2,calm,strong,dogsdoor,2,14,female,True,48000,3.7704375,1,PCM_16,
../data/Actor_14/03-01-03-01-01-01-14.wav,03-01-03-01-01-01-14,3,speech,3,happy,normal,kidsdoor,1,14,female,True,48000,3.703708333333333,1,PCM_16,
../data/Actor_14/03-01-03-01-01-02-14.wav,03-01-03-01-01-02-14,3,speech,3,happy,normal,kidsdoor,2,14,female,True,48000,3.6703333333333332,1,PCM_16,
../data/Actor_14/03-01-03-01-02-01-14.wav,03-01-03-01-02-01-14,3,speech,3,happy,normal,dogsdoor,1,14,female,True,48000,3.403395833333333,1,PCM_16,
../data/Actor_14/03-01-03-01-02-02-14.wav,03-01-03-01-02-02-14,3,speech,3,happy,normal,dogsdoor,2,14,female,True,48000,3.470125,1,PCM_16,
../data/Actor_14/03-01-03-02-01-01-14.wav,03-01-03-02-01-01-14,3,speech,3,happy,strong,kidsdoor,1,14,female,True,48000,3.7704166666666667,1,PCM_16,
../data/Actor_14/03-01-03-02-01-02-14.wav,03-01-03-02-01-02-14,3,speech,3,happy,strong,kidsdoor,2,14,female,True,48000,3.7370625,1,PCM_16,
../data/Actor_14/03-01-03-02-02-01-14.wav,03-01-03-02-02-01-14,3,speech,3,happy,strong,dogsdoor,1,14,female,True,48000,3.8371666666666666,1,PCM_16,
../data/Actor_14/03-01-03-02-02-02-14.wav,03-01-03-02-02-02-14,3,speech,3,happy,strong,dogsdoor,2,14,female,True,48000,3.7370625,1,PCM_16,
../data/Actor_14/03-01-04-01-01-01-14.wav,03-01-04-01-01-01-14,3,speech,4,sad,normal,kidsdoor,1,14,female,True,48000,3.7370625,1,PCM_16,
../data/Actor_14/03-01-04-01-01-02-14.wav,03-01-04-01-01-02-14,3,speech,4,sad,normal,kidsdoor,2,14,female,True,48000,3.6036041666666665,1,PCM_16,
../data/Actor_14/03-01-04-01-02-01-14.wav,03-01-04-01-02-01-14,3,speech,4,sad,normal,dogsdoor,1,14,female,True,48000,3.6036041666666665,1,PCM_16,
../data/Actor_14/03-01-04-01-02-02-14.wav,03-01-04-01-02-02-14,3,speech,4,sad,normal,dogsdoor,2,14,female,True,48000,3.536875,1,PCM_16,
../data/Actor_14/03-01-04-02-01-01-14.wav,03-01-04-02-01-01-14,3,speech,4,sad,strong,kidsdoor,1,14,female,True,48000,3.8705208333333334,1,PCM_16,
../data/Actor_14/03-01-04-02-01-02-14.wav,03-01-04-02-01-02-14,3,speech,4,sad,strong,kidsdoor,2,14,female,True,48000,3.6703333333333332,1,PCM_16,
../data/Actor_14/03-01-04-02-02-01-14.wav,03-01-04-02-02-01-14,3,speech,4,sad,strong,dogsdoor,1,14,female,True,48000,3.6703333333333332,1,PCM_16,
../data/Actor_14/03-01-04-02-02-02-14.wav,03-01-04-02-02-02-14,3,speech,4,sad,strong,dogsdoor,2,14,female,True,48000,3.9039166666666665,1,PCM_16,
../data/Actor_14/03-01-05-01-01-01-14.wav,03-01-05-01-01-01-14,3,speech,5,angry,normal,kidsdoor,1,14,female,True,48000,3.6035833333333334,1,PCM_16,
../data/Actor_14/03-01-05-01-01-02-14.wav,03-01-05-01-01-02-14,3,speech,5,angry,normal,kidsdoor,2,14,female,True,48000,3.703708333333333,1,PCM_16,
../data/Actor_14/03-01-05-01-02-01-14.wav,03-01-05-01-02-01-14,3,speech,5,angry,normal,dogsdoor,1,14,female,True,48000,3.7370625,1,PCM_16,
../data/Actor_14/03-01-05-01-02-02-14.wav,03-01-05-01-02-02-14,3,speech,5,angry,normal,dogsdoor,2,14,female,True,48000,3.9039166666666665,1,PCM_16,
../data/Actor_14/03-01-05-02-01-01-14.wav,03-01-05-02-01-01-14,3,speech,5,angry,strong,kidsdoor,1,14,female,True,48000,4.2709375,1,PCM_16,
../data/Actor_14/03-01-05-02-01-02-14.wav,03-01-05-02-01-02-14,3,speech,5,angry,strong,kidsdoor,2,14,female,True,48000,4.371020833333334,1,PCM_16,
../data/Actor_14/03-01-05-02-02-01-14.wav,03-01-05-02-02-01-14,3,speech,5,angry,strong,dogsdoor,1,14,female,True,48000,4.170833333333333,1,PCM_16,
../data/Actor_14/03-01-05-02-02-02-14.wav,03-01-05-02-02-02-14,3,speech,5,angry,strong,dogsdoor,2,14,female,True,48000,4.404416666666667,1,PCM_16,
../data/Actor_14/03-01-06-01-01-01-14.wav,03-01-06-01-01-01-14,3,speech,6,fearful,normal,kidsdoor,1,14,female,True,48000,3.3700208333333332,1,PCM_16,
../data/Actor_14/03-01-06-01-01-02-14.wav,03-01-06-01-01-02-14,3,speech,6,fearful,normal,kidsdoor,2,14,female,True,48000,3.5702291666666666,1,PCM_16,
../data/Actor_14/03-01-06-01-02-01-14.wav,03-01-06-01-02-01-14,3,speech,6,fearful,normal,dogsdoor,1,14,female,True,48000,3.370041666666667,1,PCM_16,
../data/Actor_14/03-01-06-01-02-02-14.wav,03-01-06-01-02-02-14,3,speech,6,fearful,normal,dogsdoor,2,14,female,True,48000,3.3700208333333332,1,PCM_16,
../data/Actor_14/03-01-06-02-01-01-14.wav,03-01-06-02-01-01-14,3,speech,6,fearful,strong,kidsdoor,1,14,female,True,48000,3.3700208333333332,1,PCM_16,
../data/Actor_14/03-01-06-02-01-02-14.wav,03-01-06-02-01-02-14,3,speech,6,fearful,strong,kidsdoor,2,14,female,True,48000,3.403395833333333,1,PCM_16,
../data/Actor_14/03-01-06-02-02-01-14.wav,03-01-06-02-02-01-14,3,speech,6,fearful,strong,dogsdoor,1,14,female,True,48000,3.5035,1,PCM_16,
../data/Actor_14/03-01-06-02-02-02-14.wav,03-01-06-02-02-02-14,3,speech,6,fearful,strong,dogsdoor,2,14,female,True,48000,3.470125,1,PCM_16,
../data/Actor_14/03-01-07-01-01-01-14.wav,03-01-07-01-01-01-14,3,speech,7,disgust,normal,kidsdoor,1,14,female,True,48000,3.7704166666666667,1,PCM_16,
../data/Actor_14/03-01-07-01-01-02-14.wav,03-01-07-01-01-02-14,3,speech,7,disgust,normal,kidsdoor,2,14,female,True,48000,3.6369583333333333,1,PCM_16,
../data/Actor_14/03-01-07-01-02-01-14.wav,03-01-07-01-02-01-14,3,speech,7,disgust,normal,dogsdoor,1,14,female,True,48000,3.7370625,1,PCM_16,
../data/Actor_14/03-01-07-01-02-02-14.wav,03-01-07-01-02-02-14,3,speech,7,disgust,normal,dogsdoor,2,14,female,True,48000,3.7704375,1,PCM_16,
../data/Actor_14/03-01-07-02-01-01-14.wav,03-01-07-02-01-01-14,3,speech,7,disgust,strong,kidsdoor,1,14,female,True,48000,3.93725,1,PCM_16,
../data/Actor_14/03-01-07-02-01-02-14.wav,03-01-07-02-01-02-14,3,speech,7,disgust,strong,kidsdoor,2,14,female,True,48000,3.7370625,1,PCM_16,
../data/Actor_14/03-01-07-02-02-01-14.wav,03-01-07-02-02-01-14,3,speech,7,disgust,strong,dogsdoor,1,14,female,True,48000,3.6703333333333332,1,PCM_16,
../data/Actor_14/03-01-07-02-02-02-14.wav,03-01-07-02-02-02-14,3,speech,7,disgust,strong,dogsdoor,2,14,female,True,48000,3.8037916666666667,1,PCM_16,
../data/Actor_14/03-01-08-01-01-01-14.wav,03-01-08-01-01-01-14,3,speech,8,surprised,normal,kidsdoor,1,14,female,True,48000,3.636979166666667,1,PCM_16,
../data/Actor_14/03-01-08-01-01-02-14.wav,03-01-08-01-01-02-14,3,speech,8,surprised,normal,kidsdoor,2,14,female,True,48000,3.57025,1,PCM_16,
../data/Actor_14/03-01-08-01-02-01-14.wav,03-01-08-01-02-01-14,3,speech,8,surprised,normal,dogsdoor,1,14,female,True,48000,3.2032083333333334,1,PCM_16,
../data/Actor_14/03-01-08-01-02-02-14.wav,03-01-08-01-02-02-14,3,speech,8,surprised,normal,dogsdoor,2,14,female,True,48000,3.3032916666666665,1,PCM_16,
../data/Actor_14/03-01-08-02-01-01-14.wav,03-01-08-02-01-01-14,3,speech,8,surprised,strong,kidsdoor,1,14,female,True,48000,3.970625,1,PCM_16,
../data/Actor_14/03-01-08-02-01-02-14.wav,03-01-08-02-01-02-14,3,speech,8,surprised,strong,kidsdoor,2,14,female,True,48000,3.703708333333333,1,PCM_16,
../data/Actor_14/03-01-08-02-02-01-14.wav,03-01-08-02-02-01-14,3,speech,8,surprised,strong,dogsdoor,1,14,female,True,48000,3.703708333333333,1,PCM_16,
../data/Actor_14/03-01-08-02-02-02-14.wav,03-01-08-02-02-02-14,3,speech,8,surprised,strong,dogsdoor,2,14,female,True,48000,3.7370625,1,PCM_16,
../data/Actor_14/03-02-01-01-01-01-14.wav,03-02-01-01-01-01-14,3,song,1,neutral,normal,kidsdoor,1,14,female,True,48000,4.3043125,1,PCM_16,
../data/Actor_14/03-02-01-01-01-02-14.wav,03-02-01-01-01-02-14,3,song,1,neutral,normal,kidsdoor,2,14,female,True,48000,4.404395833333333,1,PCM_16,
../data/Actor_14/03-02-01-01-02-01-14.wav,03-02-01-01-02-01-14,3,song,1,neutral,normal,dogsdoor,1,14,female,True,48000,4.437770833333333,1,PCM_16,
../data/Actor_14/03-02-01-01-02-02-14.wav,03-02-01-01-02-02-14,3,song,1,neutral,normal,dogsdoor,2,14,female,True,48000,4.404395833333333,1,PCM_16,
../data/Actor_14/03-02-02-01-01-01-14.wav,03-02-02-01-01-01-14,3,song,2,calm,normal,kidsdoor,1,14,female,True,48000,4.671333333333333,1,PCM_16,
../data/Actor_14/03-02-02-01-01-02-14.wav,03-02-02-01-01-02-14,3,song,2,calm,normal,kidsdoor,2,14,female,True,48000,4.571229166666667,1,PCM_16,
../data/Actor_14/03-02-02-01-02-01-14.wav,03-02-02-01-02-01-14,3,song,2,calm,normal,dogsdoor,1,14,female,True,48000,4.404416666666667,1,PCM_16,
../data/Actor_14/03-02-02-01-02-02-14.wav,03-02-02-01-02-02-14,3,song,2,calm,normal,dogsdoor,2,14,female,True,48000,4.5045,1,PCM_16,
../data/Actor_14/03-02-02-02-01-01-14.wav,03-02-02-02-01-01-14,3,song,2,calm,strong,kidsdoor,1,14,female,True,48000,5.038375,1,PCM_16,
../data/Actor_14/03-02-02-02-01-02-14.wav,03-02-02-02-01-02-14,3,song,2,calm,strong,kidsdoor,2,14,female,True,48000,5.4054166666666665,1,PCM_16,
../data/Actor_14/03-02-02-02-02-01-14.wav,03-02-02-02-02-01-14,3,song,2,calm,strong,dogsdoor,1,14,female,True,48000,4.8048125,1,PCM_16,
../data/Actor_14/03-02-02-02-02-02-14.wav,03-02-02-02-02-02-14,3,song,2,calm,strong,dogsdoor,2,14,female,True,48000,4.7714375,1,PCM_16,
../data/Actor_14/03-02-03-01-01-01-14.wav,03-02-03-01-01-01-14,3,song,3,happy,normal,kidsdoor,1,14,female,True,48000,4.104104166666667,1,PCM_16,
../data/Actor_14/03-02-03-01-01-02-14.wav,03-02-03-01-01-02-14,3,song,3,happy,normal,kidsdoor,2,14,female,True,48000,4.2375625,1,PCM_16,
../data/Actor_14/03-02-03-01-02-01-14.wav,03-02-03-01-02-01-14,3,song,3,happy,normal,dogsdoor,1,14,female,True,48000,4.137458333333333,1,PCM_16,
../data/Actor_14/03-02-03-01-02-02-14.wav,03-02-03-01-02-02-14,3,song,3,happy,normal,dogsdoor,2,14,female,True,48000,4.070729166666666,1,PCM_16,
../data/Actor_14/03-02-03-02-01-01-14.wav,03-02-03-02-01-01-14,3,song,3,happy,strong,kidsdoor,1,14,female,True,48000,4.004,1,PCM_16,
../data/Actor_14/03-02-03-02-01-02-14.wav,03-02-03-02-01-02-14,3,song,3,happy,strong,kidsdoor,2,14,female,True,48000,4.137458333333333,1,PCM_16,
../data/Actor_14/03-02-03-02-02-01-14.wav,03-02-03-02-02-01-14,3,song,3,happy,strong,dogsdoor,1,14,female,True,48000,4.037354166666667,1,PCM_16,
../data/Actor_14/03-02-03-02-02-02-14.wav,03-02-03-02-02-02-14,3,song,3,happy,strong,dogsdoor,2,14,female,True,48000,4.137479166666667,1,PCM_16,
../data/Actor_14/03-02-04-01-01-01-14.wav,03-02-04-01-01-01-14,3,song,4,sad,normal,kidsdoor,1,14,female,True,48000,4.471125,1,PCM_16,
../data/Actor_14/03-02-04-01-01-02-14.wav,03-02-04-01-01-02-14,3,song,4,sad,normal,kidsdoor,2,14,female,True,48000,4.571229166666667,1,PCM_16,
../data/Actor_14/03-02-04-01-02-01-14.wav,03-02-04-01-02-01-14,3,song,4,sad,normal,dogsdoor,1,14,female,True,48000,4.437770833333333,1,PCM_16,
../data/Actor_14/03-02-04-01-02-02-14.wav,03-02-04-01-02-02-14,3,song,4,sad,normal,dogsdoor,2,14,female,True,48000,4.404395833333333,1,PCM_16,
../data/Actor_14/03-02-04-02-01-01-14.wav,03-02-04-02-01-01-14,3,song,4,sad,strong,kidsdoor,1,14,female,True,48000,4.471145833333333,1,PCM_16,
../data/Actor_14/03-02-04-02-01-02-14.wav,03-02-04-02-01-02-14,3,song,4,sad,strong,kidsdoor,2,14,female,True,48000,4.5045,1,PCM_16,
../data/Actor_14/03-02-04-02-02-01-14.wav,03-02-04-02-02-01-14,3,song,4,sad,strong,dogsdoor,1,14,female,True,48000,4.5045,1,PCM_16,
../data/Actor_14/03-02-04-02-02-02-14.wav,03-02-04-02-02-02-14,3,song,4,sad,strong,dogsdoor,2,14,female,True,48000,4.371041666666667,1,PCM_16,
../data/Actor_14/03-02-05-01-01-01-14.wav,03-02-05-01-01-01-14,3,song,5,angry,normal,kidsdoor,1,14,female,True,48000,4.337666666666666,1,PCM_16,
../data/Actor_14/03-02-05-01-01-02-14.wav,03-02-05-01-01-02-14,3,song,5,angry,normal,kidsdoor,2,14,female,True,48000,4.3043125,1,PCM_16,
../data/Actor_14/03-02-05-01-02-01-14.wav,03-02-05-01-02-01-14,3,song,5,angry,normal,dogsdoor,1,14,female,True,48000,4.371041666666667,1,PCM_16,
../data/Actor_14/03-02-05-01-02-02-14.wav,03-02-05-01-02-02-14,3,song,5,angry,normal,dogsdoor,2,14,female,True,48000,4.304291666666667,1,PCM_16,
../data/Actor_14/03-02-05-02-01-01-14.wav,03-02-05-02-01-01-14,3,song,5,angry,strong,kidsdoor,1,14,female,True,48000,4.2709375,1,PCM_16,
../data/Actor_14/03-02-05-02-01-02-14.wav,03-02-05-02-01-02-14,3,song,5,angry,strong,kidsdoor,2,14,female,True,48000,4.304291666666667,1,PCM_16,
../data/Actor_14/03-02-05-02-02-01-14.wav,03-02-05-02-02-01-14,3,song,5,angry,strong,dogsdoor,1,14,female,True,48000,4.170833333333333,1,PCM_16,
../data/Actor_14/03-02-05-02-02-02-14.wav,03-02-05-02-02-02-14,3,song,5,angry,strong,dogsdoor,2,14,female,True,48000,4.371020833333334,1,PCM_16,
../data/Actor_14/03-02-06-01-01-01-14.wav,03-02-06-01-01-01-14,3,song,6,fearful,normal,kidsdoor,1,14,female,True,48000,4.404395833333333,1,PCM_16,
../data/Actor_14/03-02-06-01-01-02-14.wav,03-02-06-01-01-02-14,3,song,6,fearful,normal,kidsdoor,2,14,female,True,48000,4.170833333333333,1,PCM_16,
../data/Actor_14/03-02-06-01-02-01-14.wav,03-02-06-01-02-01-14,3,song,6,fearful,normal,dogsdoor,1,14,female,True,48000,4.2041875,1,PCM_16,
../data/Actor_14/03-02-06-01-02-02-14.wav,03-02-06-01-02-02-14,3,song,6,fearful,normal,dogsdoor,2,14,female,True,48000,4.371041666666667,1,PCM_16,
../data/Actor_14/03-02-06-02-01-01-14.wav,03-02-06-02-01-01-14,3,song,6,fearful,strong,kidsdoor,1,14,female,True,48000,3.7036875,1,PCM_16,
../data/Actor_14/03-02-06-02-01-02-14.wav,03-02-06-02-01-02-14,3,song,6,fearful,strong,kidsdoor,2,14,female,True,48000,3.6035833333333334,1,PCM_16,
../data/Actor_14/03-02-06-02-02-01-14.wav,03-02-06-02-02-01-14,3,song,6,fearful,strong,dogsdoor,1,14,female,True,48000,3.7704375,1,PCM_16,
../data/Actor_14/03-02-06-02-02-02-14.wav,03-02-06-02-02-02-14,3,song,6,fearful,strong,dogsdoor,2,14,female,True,48000,3.5702291666666666,1,PCM_16,
../data/Actor_15/03-01-01-01-01-01-15.wav,03-01-01-01-01-01-15,3,speech,1,neutral,normal,kidsdoor,1,15,male,True,48000,3.370041666666667,1,PCM_16,
../data/Actor_15/03-01-01-01-01-02-15.wav,03-01-01-01-01-02-15,3,speech,1,neutral,normal,kidsdoor,2,15,male,True,48000,3.4367708333333336,1,PCM_16,
../data/Actor_15/03-01-01-01-02-01-15.wav,03-01-01-01-02-01-15,3,speech,1,neutral,normal,dogsdoor,1,15,male,True,48000,3.43675,1,PCM_16,
../data/Actor_15/03-01-01-01-02-02-15.wav,03-01-01-01-02-02-15,3,speech,1,neutral,normal,dogsdoor,2,15,male,True,48000,3.403395833333333,1,PCM_16,
../data/Actor_15/03-01-02-01-01-01-15.wav,03-01-02-01-01-01-15,3,speech,2,calm,normal,kidsdoor,1,15,male,True,48000,3.57025,1,PCM_16,
../data/Actor_15/03-01-02-01-01-02-15.wav,03-01-02-01-01-02-15,3,speech,2,calm,normal,kidsdoor,2,15,male,True,48000,3.5702291666666666,1,PCM_16,
../data/Actor_15/03-01-02-01-02-01-15.wav,03-01-02-01-02-01-15,3,speech,2,calm,normal,dogsdoor,1,15,male,True,48000,3.7370625,1,PCM_16,
../data/Actor_15/03-01-02-01-02-02-15.wav,03-01-02-01-02-02-15,3,speech,2,calm,normal,dogsdoor,2,15,male,True,48000,3.5702291666666666,1,PCM_16,
../data/Actor_15/03-01-02-02-01-01-15.wav,03-01-02-02-01-01-15,3,speech,2,calm,strong,kidsdoor,1,15,male,True,48000,3.6703333333333332,1,PCM_16,
../data/Actor_15/03-01-02-02-01-02-15.wav,03-01-02-02-01-02-15,3,speech,2,calm,strong,kidsdoor,2,15,male,True,48000,3.8038125,1,PCM_16,
../data/Actor_15/03-01-02-02-02-01-15.wav,03-01-02-02-02-01-15,3,speech,2,calm,strong,dogsdoor,1,15,male,True,48000,3.9372708333333333,1,PCM_16,
../data/Actor_15/03-01-02-02-02-02-15.wav,03-01-02-02-02-02-15,3,speech,2,calm,strong,dogsdoor,2,15,male,True,48000,3.6035833333333334,1,PCM_16,
../data/Actor_15/03-01-03-01-01-01-15.wav,03-01-03-01-01-01-15,3,speech,3,happy,normal,kidsdoor,1,15,male,True,48000,3.403395833333333,1,PCM_16,
../data/Actor_15/03-01-03-01-01-02-15.wav,03-01-03-01-01-02-15,3,speech,3,happy,normal,kidsdoor,2,15,male,True,48000,3.3366666666666664,1,PCM_16,
../data/Actor_15/03-01-03-01-02-01-15.wav,03-01-03-01-02-01-15,3,speech,3,happy,normal,dogsdoor,1,15,male,True,48000,3.3366666666666664,1,PCM_16,
../data/Actor_15/03-01-03-01-02-02-15.wav,03-01-03-01-02-02-15,3,speech,3,happy,normal,dogsdoor,2,15,male,True,48000,3.4367708333333336,1,PCM_16,
../data/Actor_15/03-01-03-02-01-01-15.wav,03-01-03-02-01-01-15,3,speech,3,happy,strong,kidsdoor,1,15,male,True,48000,3.5702291666666666,1,PCM_16,
../data/Actor_15/03-01-03-02-01-02-15.wav,03-01-03-02-01-02-15,3,speech,3,happy,strong,kidsdoor,2,15,male,True,48000,3.470125,1,PCM_16,
../data/Actor_15/03-01-03-02-02-01-15.wav,03-01-03-02-02-01-15,3,speech,3,happy,strong,dogsdoor,1,15,male,True,48000,3.8037916666666667,1,PCM_16,
../data/Actor_15/03-01-03-02-02-02-15.wav,03-01-03-02-02-02-15,3,speech,3,happy,strong,dogsdoor,2,15,male,True,48000,3.370041666666667,1,PCM_16,
../data/Actor_15/03-01-04-01-01-01-15.wav,03-01-04-01-01-01-15,3,speech,4,sad,normal,kidsdoor,1,15,male,True,48000,3.5035,1,PCM_16,
../data/Actor_15/03-01-04-01-01-02-15.wav,03-01-04-01-01-02-15,3,speech,4,sad,normal,kidsdoor,2,15,male,True,48000,3.3032916666666665,1,PCM_16,
../data/Actor_15/03-01-04-01-02-01-15.wav,03-01-04-01-02-01-15,3,speech,4,sad,normal,dogsdoor,1,15,male,True,48000,3.3033125,1,PCM_16,
../data/Actor_15/03-01-04-01-02-02-15.wav,03-01-04-01-02-02-15,3,speech,4,sad,normal,dogsdoor,2,15,male,True,48000,3.3700208333333332,1,PCM_16,
../data/Actor_15/03-01-04-02-01-01-15.wav,03-01-04-02-01-01-15,3,speech,4,sad,strong,kidsdoor,1,15,male,True,48000,3.2699166666666666,1,PCM_16,
../data/Actor_15/03-01-04-02-01-02-15.wav,03-01-04-02-01-02-15,3,speech,4,sad,strong,kidsdoor,2,15,male,True,48000,3.403395833333333,1,PCM_16,
../data/Actor_15/03-01-04-02-02-01-15.wav,03-01-04-02-02-01-15,3,speech,4,sad,strong,dogsdoor,1,15,male,True,48000,3.536875,1,PCM_16,
../data/Actor_15/03-01-04-02-02-02-15.wav,03-01-04-02-02-02-15,3,speech,4,sad,strong,dogsdoor,2,15,male,True,48000,3.4367708333333336,1,PCM_16,
../data/Actor_15/03-01-05-01-01-01-15.wav,03-01-05-01-01-01-15,3,speech,5,angry,normal,kidsdoor,1,15,male,True,48000,3.636979166666667,1,PCM_16,
../data/Actor_15/03-01-05-01-01-02-15.wav,03-01-05-01-01-02-15,3,speech,5,angry,normal,kidsdoor,2,15,male,True,48000,3.6036041666666665,1,PCM_16,
../data/Actor_15/03-01-05-01-02-01-15.wav,03-01-05-01-02-01-15,3,speech,5,angry,normal,dogsdoor,1,15,male,True,48000,3.703708333333333,1,PCM_16,
../data/Actor_15/03-01-05-01-02-02-15.wav,03-01-05-01-02-02-15,3,speech,5,angry,normal,dogsdoor,2,15,male,True,48000,3.536875,1,PCM_16,
../data/Actor_15/03-01-05-02-01-01-15.wav,03-01-05-02-01-01-15,3,speech,5,angry,strong,kidsdoor,1,15,male,True,48000,3.536875,1,PCM_16,
../data/Actor_15/03-01-05-02-01-02-15.wav,03-01-05-02-01-02-15,3,speech,5,angry,strong,kidsdoor,2,15,male,True,48000,3.7370833333333335,1,PCM_16,
../data/Actor_15/03-01-05-02-02-01-15.wav,03-01-05-02-02-01-15,3,speech,5,angry,strong,dogsdoor,1,15,male,True,48000,3.4701458333333335,1,PCM_16,
../data/Actor_15/03-01-05-02-02-02-15.wav,03-01-05-02-02-02-15,3,speech,5,angry,strong,dogsdoor,2,15,male,True,48000,3.6036041666666665,1,PCM_16,
../data/Actor_15/03-01-06-01-01-01-15.wav,03-01-06-01-01-01-15,3,speech,6,fearful,normal,kidsdoor,1,15,male,True,48000,3.3032916666666665,1,PCM_16,
../data/Actor_15/03-01-06-01-01-02-15.wav,03-01-06-01-01-02-15,3,speech,6,fearful,normal,kidsdoor,2,15,male,True,48000,3.3033125,1,PCM_16,
../data/Actor_15/03-01-06-01-02-01-15.wav,03-01-06-01-02-01-15,3,speech,6,fearful,normal,dogsdoor,1,15,male,True,48000,3.2699375,1,PCM_16,
../data/Actor_15/03-01-06-01-02-02-15.wav,03-01-06-01-02-02-15,3,speech,6,fearful,normal,dogsdoor,2,15,male,True,48000,3.3032916666666665,1,PCM_16,
../data/Actor_15/03-01-06-02-01-01-15.wav,03-01-06-02-01-01-15,3,speech,6,fearful,strong,kidsdoor,1,15,male,True,48000,3.3366666666666664,1,PCM_16,
../data/Actor_15/03-01-06-02-01-02-15.wav,03-01-06-02-01-02-15,3,speech,6,fearful,strong,kidsdoor,2,15,male,True,48000,3.4701458333333335,1,PCM_16,
../data/Actor_15/03-01-06-02-02-01-15.wav,03-01-06-02-02-01-15,3,speech,6,fearful,strong,dogsdoor,1,15,male,True,48000,3.3700208333333332,1,PCM_16,
../data/Actor_15/03-01-06-02-02-02-15.wav,03-01-06-02-02-02-15,3,speech,6,fearful,strong,dogsdoor,2,15,male,True,48000,3.5035,1,PCM_16,
../data/Actor_15/03-01-07-01-01-01-15.wav,03-01-07-01-01-01-15,3,speech,7,disgust,normal,kidsdoor,1,15,male,True,48000,3.7370625,1,PCM_16,
../data/Actor_15/03-01-07-01-01-02-15.wav,03-01-07-01-01-02-15,3,speech,7,disgust,normal,kidsdoor,2,15,male,True,48000,3.6369583333333333,1,PCM_16,
../data/Actor_15/03-01-07-01-02-01-15.wav,03-01-07-01-02-01-15,3,speech,7,disgust,normal,dogsdoor,1,15,male,True,48000,3.6703333333333332,1,PCM_16,
../data/Actor_15/03-01-07-01-02-02-15.wav,03-01-07-01-02-02-15,3,speech,7,disgust,normal,dogsdoor,2,15,male,True,48000,4.070729166666666,1,PCM_16,
../data/Actor_15/03-01-07-02-01-01-15.wav,03-01-07-02-01-01-15,3,speech,7,disgust,strong,kidsdoor,1,15,male,True,48000,3.7036875,1,PCM_16,
../data/Actor_15/03-01-07-02-01-02-15.wav,03-01-07-02-01-02-15,3,speech,7,disgust,strong,kidsdoor,2,15,male,True,48000,3.370041666666667,1,PCM_16,
../data/Actor_15/03-01-07-02-02-01-15.wav,03-01-07-02-02-01-15,3,speech,7,disgust,strong,dogsdoor,1,15,male,True,48000,3.3033125,1,PCM_16,
../data/Actor_15/03-01-07-02-02-02-15.wav,03-01-07-02-02-02-15,3,speech,7,disgust,strong,dogsdoor,2,15,male,True,48000,3.4701458333333335,1,PCM_16,
../data/Actor_15/03-01-08-01-01-01-15.wav,03-01-08-01-01-01-15,3,speech,8,surprised,normal,kidsdoor,1,15,male,True,48000,3.636979166666667,1,PCM_16,
../data/Actor_15/03-01-08-01-01-02-15.wav,03-01-08-01-01-02-15,3,speech,8,surprised,normal,kidsdoor,2,15,male,True,48000,3.4367708333333336,1,PCM_16,
../data/Actor_15/03-01-08-01-02-01-15.wav,03-01-08-01-02-01-15,3,speech,8,surprised,normal,dogsdoor,1,15,male,True,48000,3.703708333333333,1,PCM_16,
../data/Actor_15/03-01-08-01-02-02-15.wav,03-01-08-01-02-02-15,3,speech,8,surprised,normal,dogsdoor,2,15,male,True,48000,3.370041666666667,1,PCM_16,
../data/Actor_15/03-01-08-02-01-01-15.wav,03-01-08-02-01-01-15,3,speech,8,surprised,strong,kidsdoor,1,15,male,True,48000,3.3700208333333332,1,PCM_16,
../data/Actor_15/03-01-08-02-01-02-15.wav,03-01-08-02-01-02-15,3,speech,8,surprised,strong,kidsdoor,2,15,male,True,48000,3.3032916666666665,1,PCM_16,
../data/Actor_15/03-01-08-02-02-01-15.wav,03-01-08-02-02-01-15,3,speech,8,surprised,strong,dogsdoor,1,15,male,True,48000,3.2032083333333334,1,PCM_16,
../data/Actor_15/03-01-08-02-02-02-15.wav,03-01-08-02-02-02-15,3,speech,8,surprised,strong,dogsdoor,2,15,male,True,48000,3.3366666666666664,1,PCM_16,
../data/Actor_15/03-02-01-01-01-01-15.wav,03-02-01-01-01-01-15,3,song,1,neutral,normal,kidsdoor,1,15,male,True,48000,4.471145833333333,1,PCM_16,
../data/Actor_15/03-02-01-01-01-02-15.wav,03-02-01-01-01-02-15,3,song,1,neutral,normal,kidsdoor,2,15,male,True,48000,4.2375625,1,PCM_16,
../data/Actor_15/03-02-01-01-02-01-15.wav,03-02-01-01-02-01-15,3,song,1,neutral,normal,dogsdoor,1,15,male,True,48000,4.371041666666667,1,PCM_16,
../data/Actor_15/03-02-01-01-02-02-15.wav,03-02-01-01-02-02-15,3,song,1,neutral,normal,dogsdoor,2,15,male,True,48000,4.3043125,1,PCM_16,
../data/Actor_15/03-02-02-01-01-01-15.wav,03-02-02-01-01-01-15,3,song,2,calm,normal,kidsdoor,1,15,male,True,48000,4.5045,1,PCM_16,
../data/Actor_15/03-02-02-01-01-02-15.wav,03-02-02-01-01-02-15,3,song,2,calm,normal,kidsdoor,2,15,male,True,48000,4.637958333333334,1,PCM_16,
../data/Actor_15/03-02-02-01-02-01-15.wav,03-02-02-01-02-01-15,3,song,2,calm,normal,dogsdoor,1,15,male,True,48000,4.437770833333333,1,PCM_16,
../data/Actor_15/03-02-02-01-02-02-15.wav,03-02-02-01-02-02-15,3,song,2,calm,normal,dogsdoor,2,15,male,True,48000,4.5045,1,PCM_16,
../data/Actor_15/03-02-02-02-01-01-15.wav,03-02-02-02-01-01-15,3,song,2,calm,strong,kidsdoor,1,15,male,True,48000,4.5045,1,PCM_16,
../data/Actor_15/03-02-02-02-01-02-15.wav,03-02-02-02-01-02-15,3,song,2,calm,strong,kidsdoor,2,15,male,True,48000,4.604604166666666,1,PCM_16,
../data/Actor_15/03-02-02-02-02-01-15.wav,03-02-02-02-02-01-15,3,song,2,calm,strong,dogsdoor,1,15,male,True,48000,4.571229166666667,1,PCM_16,
../data/Actor_15/03-02-02-02-02-02-15.wav,03-02-02-02-02-02-15,3,song,2,calm,strong,dogsdoor,2,15,male,True,48000,4.5045,1,PCM_16,
../data/Actor_15/03-02-03-01-01-01-15.wav,03-02-03-01-01-01-15,3,song,3,happy,normal,kidsdoor,1,15,male,True,48000,4.2041875,1,PCM_16,
../data/Actor_15/03-02-03-01-01-02-15.wav,03-02-03-01-01-02-15,3,song,3,happy,normal,kidsdoor,2,15,male,True,48000,4.137458333333333,1,PCM_16,
../data/Actor_15/03-02-03-01-02-01-15.wav,03-02-03-01-02-01-15,3,song,3,happy,normal,dogsdoor,1,15,male,True,48000,4.337666666666666,1,PCM_16,
../data/Actor_15/03-02-03-01-02-02-15.wav,03-02-03-01-02-02-15,3,song,3,happy,normal,dogsdoor,2,15,male,True,48000,4.170833333333333,1,PCM_16,
../data/Actor_15/03-02-03-02-01-01-15.wav,03-02-03-02-01-01-15,3,song,3,happy,strong,kidsdoor,1,15,male,True,48000,4.204208333333334,1,PCM_16,
../data/Actor_15/03-02-03-02-01-02-15.wav,03-02-03-02-01-02-15,3,song,3,happy,strong,kidsdoor,2,15,male,True,48000,4.104104166666667,1,PCM_16,
../data/Actor_15/03-02-03-02-02-01-15.wav,03-02-03-02-02-01-15,3,song,3,happy,strong,dogsdoor,1,15,male,True,48000,4.137479166666667,1,PCM_16,
../data/Actor_15/03-02-03-02-02-02-15.wav,03-02-03-02-02-02-15,3,song,3,happy,strong,dogsdoor,2,15,male,True,48000,3.9372708333333333,1,PCM_16,
../data/Actor_15/03-02-04-01-01-01-15.wav,03-02-04-01-01-01-15,3,song,4,sad,normal,kidsdoor,1,15,male,True,48000,4.137458333333333,1,PCM_16,
../data/Actor_15/03-02-04-01-01-02-15.wav,03-02-04-01-01-02-15,3,song,4,sad,normal,kidsdoor,2,15,male,True,48000,4.337666666666666,1,PCM_16,
../data/Actor_15/03-02-04-01-02-01-15.wav,03-02-04-01-02-01-15,3,song,4,sad,normal,dogsdoor,1,15,male,True,48000,4.2709375,1,PCM_16,
../data/Actor_15/03-02-04-01-02-02-15.wav,03-02-04-01-02-02-15,3,song,4,sad,normal,dogsdoor,2,15,male,True,48000,4.2709375,1,PCM_16,
../data/Actor_15/03-02-04-02-01-01-15.wav,03-02-04-02-01-01-15,3,song,4,sad,strong,kidsdoor,1,15,male,True,48000,4.371020833333334,1,PCM_16,
../data/Actor_15/03-02-04-02-01-02-15.wav,03-02-04-02-01-02-15,3,song,4,sad,strong,kidsdoor,2,15,male,True,48000,4.204208333333334,1,PCM_16,
../data/Actor_15/03-02-04-02-02-01-15.wav,03-02-04-02-02-01-15,3,song,4,sad,strong,dogsdoor,1,15,male,True,48000,4.2041875,1,PCM_16,
../data/Actor_15/03-02-04-02-02-02-15.wav,03-02-04-02-02-02-15,3,song,4,sad,strong,dogsdoor,2,15,male,True,48000,4.2709375,1,PCM_16,
../data/Actor_15/03-02-05-01-01-01-15.wav,03-02-05-01-01-01-15,3,song,5,angry,normal,kidsdoor,1,15,male,True,48000,4.170833333333333,1,PCM_16,
../data/Actor_15/03-02-05-01-01-02-15.wav,03-02-05-01-01-02-15,3,song,5,angry,normal,kidsdoor,2,15,male,True,48000,3.9372708333333333,1,PCM_16,
../data/Actor_15/03-02-05-01-02-01-15.wav,03-02-05-01-02-01-15,3,song,5,angry,normal,dogsdoor,1,15,male,True,48000,4.5045,1,PCM_16,
../data/Actor_15/03-02-05-01-02-02-15.wav,03-02-05-01-02-02-15,3,song,5,angry,normal,dogsdoor,2,15,male,True,48000,3.9372708333333333,1,PCM_16,
../data/Actor_15/03-02-05-02-01-01-15.wav,03-02-05-02-01-01-15,3,song,5,angry,strong,kidsdoor,1,15,male,True,48000,4.170833333333333,1,PCM_16,
../data/Actor_15/03-02-05-02-01-02-15.wav,03-02-05-02-01-02-15,3,song,5,angry,strong,kidsdoor,2,15,male,True,48000,4.137458333333333,1,PCM_16,
../data/Actor_15/03-02-05-02-02-01-15.wav,03-02-05-02-02-01-15,3,song,5,angry,strong,dogsdoor,1,15,male,True,48000,4.204208333333334,1,PCM_16,
../data/Actor_15/03-02-05-02-02-02-15.wav,03-02-05-02-02-02-15,3,song,5,angry,strong,dogsdoor,2,15,male,True,48000,4.170833333333333,1,PCM_16,
../data/Actor_15/03-02-06-01-01-01-15.wav,03-02-06-01-01-01-15,3,song,6,fearful,normal,kidsdoor,1,15,male,True,48000,4.304291666666667,1,PCM_16,
../data/Actor_15/03-02-06-01-01-02-15.wav,03-02-06-01-01-02-15,3,song,6,fearful,normal,kidsdoor,2,15,male,True,48000,4.2709375,1,PCM_16,
../data/Actor_15/03-02-06-01-02-01-15.wav,03-02-06-01-02-01-15,3,song,6,fearful,normal,dogsdoor,1,15,male,True,48000,4.2709375,1,PCM_16,
../data/Actor_15/03-02-06-01-02-02-15.wav,03-02-06-01-02-02-15,3,song,6,fearful,normal,dogsdoor,2,15,male,True,48000,4.2375625,1,PCM_16,
../data/Actor_15/03-02-06-02-01-01-15.wav,03-02-06-02-01-01-15,3,song,6,fearful,strong,kidsdoor,1,15,male,True,48000,4.104104166666667,1,PCM_16,
../data/Actor_15/03-02-06-02-01-02-15.wav,03-02-06-02-01-02-15,3,song,6,fearful,strong,kidsdoor,2,15,male,True,48000,4.2375625,1,PCM_16,
../data/Actor_15/03-02-06-02-02-01-15.wav,03-02-06-02-02-01-15,3,song,6,fearful,strong,dogsdoor,1,15,male,True,48000,3.9372708333333333,1,PCM_16,
../data/Actor_15/03-02-06-02-02-02-15.wav,03-02-06-02-02-02-15,3,song,6,fearful,strong,dogsdoor,2,15,male,True,48000,4.037375,1,PCM_16,
../data/Actor_16/03-01-01-01-01-01-16.wav,03-01-01-01-01-01-16,3,speech,1,neutral,normal,kidsdoor,1,16,female,True,48000,3.7370625,1,PCM_16,
../data/Actor_16/03-01-01-01-01-02-16.wav,03-01-01-01-01-02-16,3,speech,1,neutral,normal,kidsdoor,2,16,female,True,48000,3.7370833333333335,1,PCM_16,
../data/Actor_16/03-01-01-01-02-01-16.wav,03-01-01-01-02-01-16,3,speech,1,neutral,normal,dogsdoor,1,16,female,True,48000,3.6036041666666665,1,PCM_16,
../data/Actor_16/03-01-01-01-02-02-16.wav,03-01-01-01-02-02-16,3,speech,1,neutral,normal,dogsdoor,2,16,female,True,48000,3.5702291666666666,1,PCM_16,
../data/Actor_16/03-01-02-01-01-01-16.wav,03-01-02-01-01-01-16,3,speech,2,calm,normal,kidsdoor,1,16,female,True,48000,3.7036875,1,PCM_16,
../data/Actor_16/03-01-02-01-01-02-16.wav,03-01-02-01-01-02-16,3,speech,2,calm,normal,kidsdoor,2,16,female,True,48000,3.8705208333333334,1,PCM_16,
../data/Actor_16/03-01-02-01-02-01-16.wav,03-01-02-01-02-01-16,3,speech,2,calm,normal,dogsdoor,1,16,female,True,48000,3.8037916666666667,1,PCM_16,
../data/Actor_16/03-01-02-01-02-02-16.wav,03-01-02-01-02-02-16,3,speech,2,calm,normal,dogsdoor,2,16,female,True,48000,3.6703333333333332,1,PCM_16,
../data/Actor_16/03-01-02-02-01-01-16.wav,03-01-02-02-01-01-16,3,speech,2,calm,strong,kidsdoor,1,16,female,True,48000,3.8705208333333334,1,PCM_16,
../data/Actor_16/03-01-02-02-01-02-16.wav,03-01-02-02-01-02-16,3,speech,2,calm,strong,kidsdoor,2,16,female,True,48000,3.9372708333333333,1,PCM_16,
../data/Actor_16/03-01-02-02-02-01-16.wav,03-01-02-02-02-01-16,3,speech,2,calm,strong,dogsdoor,1,16,female,True,48000,3.8038125,1,PCM_16,
../data/Actor_16/03-01-02-02-02-02-16.wav,03-01-02-02-02-02-16,3,speech,2,calm,strong,dogsdoor,2,16,female,True,48000,3.8037916666666667,1,PCM_16,
../data/Actor_16/03-01-03-01-01-01-16.wav,03-01-03-01-01-01-16,3,speech,3,happy,normal,kidsdoor,1,16,female,True,48000,3.703708333333333,1,PCM_16,
../data/Actor_16/03-01-03-01-01-02-16.wav,03-01-03-01-01-02-16,3,speech,3,happy,normal,kidsdoor,2,16,female,True,48000,3.6703333333333332,1,PCM_16,
../data/Actor_16/03-01-03-01-02-01-16.wav,03-01-03-01-02-01-16,3,speech,3,happy,normal,dogsdoor,1,16,female,True,48000,3.7370625,1,PCM_16,
../data/Actor_16/03-01-03-01-02-02-16.wav,03-01-03-01-02-02-16,3,speech,3,happy,normal,dogsdoor,2,16,female,True,48000,3.6703333333333332,1,PCM_16,
../data/Actor_16/03-01-03-02-01-01-16.wav,03-01-03-02-01-01-16,3,speech,3,happy,strong,kidsdoor,1,16,female,True,48000,3.7704375,1,PCM_16,
../data/Actor_16/03-01-03-02-01-02-16.wav,03-01-03-02-01-02-16,3,speech,3,happy,strong,kidsdoor,2,16,female,True,48000,3.5702291666666666,1,PCM_16,
../data/Actor_16/03-01-03-02-02-01-16.wav,03-01-03-02-02-01-16,3,speech,3,happy,strong,dogsdoor,1,16,female,True,48000,3.7704166666666667,1,PCM_16,
../data/Actor_16/03-01-03-02-02-02-16.wav,03-01-03-02-02-02-16,3,speech,3,happy,strong,dogsdoor,2,16,female,True,48000,3.8038125,1,PCM_16,
../data/Actor_16/03-01-04-01-01-01-16.wav,03-01-04-01-01-01-16,3,speech,4,sad,normal,kidsdoor,1,16,female,True,48000,3.5702291666666666,1,PCM_16,
../data/Actor_16/03-01-04-01-01-02-16.wav,03-01-04-01-01-02-16,3,speech,4,sad,normal,kidsdoor,2,16,female,True,48000,3.6369583333333333,1,PCM_16,
../data/Actor_16/03-01-04-01-02-01-16.wav,03-01-04-01-02-01-16,3,speech,4,sad,normal,dogsdoor,1,16,female,True,48000,3.4034166666666668,1,PCM_16,
../data/Actor_16/03-01-04-01-02-02-16.wav,03-01-04-01-02-02-16,3,speech,4,sad,normal,dogsdoor,2,16,female,True,48000,3.5035,1,PCM_16,
../data/Actor_16/03-01-04-02-01-01-16.wav,03-01-04-02-01-01-16,3,speech,4,sad,strong,kidsdoor,1,16,female,True,48000,3.7370625,1,PCM_16,
../data/Actor_16/03-01-04-02-01-02-16.wav,03-01-04-02-01-02-16,3,speech,4,sad,strong,kidsdoor,2,16,female,True,48000,3.8038125,1,PCM_16,
../data/Actor_16/03-01-04-02-02-01-16.wav,03-01-04-02-02-01-16,3,speech,4,sad,strong,dogsdoor,1,16,female,True,48000,3.8705416666666665,1,PCM_16,
../data/Actor_16/03-01-04-02-02-02-16.wav,03-01-04-02-02-02-16,3,speech,4,sad,strong,dogsdoor,2,16,female,True,48000,3.7370625,1,PCM_16,
../data/Actor_16/03-01-05-01-01-01-16.wav,03-01-05-01-01-01-16,3,speech,5,angry,normal,kidsdoor,1,16,female,True,48000,3.970645833333333,1,PCM_16,
../data/Actor_16/03-01-05-01-01-02-16.wav,03-01-05-01-01-02-16,3,speech,5,angry,normal,kidsdoor,2,16,female,True,48000,4.004,1,PCM_16,
../data/Actor_16/03-01-05-01-02-01-16.wav,03-01-05-01-02-01-16,3,speech,5,angry,normal,dogsdoor,1,16,female,True,48000,3.9038958333333333,1,PCM_16,
../data/Actor_16/03-01-05-01-02-02-16.wav,03-01-05-01-02-02-16,3,speech,5,angry,normal,dogsdoor,2,16,female,True,48000,3.9038958333333333,1,PCM_16,
../data/Actor_16/03-01-05-02-01-01-16.wav,03-01-05-02-01-01-16,3,speech,5,angry,strong,kidsdoor,1,16,female,True,48000,3.970645833333333,1,PCM_16,
../data/Actor_16/03-01-05-02-01-02-16.wav,03-01-05-02-01-02-16,3,speech,5,angry,strong,kidsdoor,2,16,female,True,48000,3.7370625,1,PCM_16,
../data/Actor_16/03-01-05-02-02-01-16.wav,03-01-05-02-02-01-16,3,speech,5,angry,strong,dogsdoor,1,16,female,True,48000,3.8037916666666667,1,PCM_16,
../data/Actor_16/03-01-05-02-02-02-16.wav,03-01-05-02-02-02-16,3,speech,5,angry,strong,dogsdoor,2,16,female,True,48000,4.07075,1,PCM_16,
../data/Actor_16/03-01-06-01-01-01-16.wav,03-01-06-01-01-01-16,3,speech,6,fearful,normal,kidsdoor,1,16,female,True,48000,3.7036875,1,PCM_16,
../data/Actor_16/03-01-06-01-01-02-16.wav,03-01-06-01-01-02-16,3,speech,6,fearful,normal,kidsdoor,2,16,female,True,48000,3.5035,1,PCM_16,
../data/Actor_16/03-01-06-01-02-01-16.wav,03-01-06-01-02-01-16,3,speech,6,fearful,normal,dogsdoor,1,16,female,True,48000,3.6369583333333333,1,PCM_16,
../data/Actor_16/03-01-06-01-02-02-16.wav,03-01-06-01-02-02-16,3,speech,6,fearful,normal,dogsdoor,2,16,female,True,48000,3.5702291666666666,1,PCM_16,
../data/Actor_16/03-01-06-02-01-01-16.wav,03-01-06-02-01-01-16,3,speech,6,fearful,strong,kidsdoor,1,16,female,True,48000,3.7370625,1,PCM_16,
../data/Actor_16/03-01-06-02-01-02-16.wav,03-01-06-02-01-02-16,3,speech,6,fearful,strong,kidsdoor,2,16,female,True,48000,3.7370625,1,PCM_16,
../data/Actor_16/03-01-06-02-02-01-16.wav,03-01-06-02-02-01-16,3,speech,6,fearful,strong,dogsdoor,1,16,female,True,48000,3.5368541666666666,1,PCM_16,
../data/Actor_16/03-01-06-02-02-02-16.wav,03-01-06-02-02-02-16,3,speech,6,fearful,strong,dogsdoor,2,16,female,True,48000,3.5035,1,PCM_16,
../data/Actor_16/03-01-07-01-01-01-16.wav,03-01-07-01-01-01-16,3,speech,7,disgust,normal,kidsdoor,1,16,female,True,48000,3.7704375,1,PCM_16,
../data/Actor_16/03-01-07-01-01-02-16.wav,03-01-07-01-01-02-16,3,speech,7,disgust,normal,kidsdoor,2,16,female,True,48000,3.7370625,1,PCM_16,
../data/Actor_16/03-01-07-01-02-01-16.wav,03-01-07-01-02-01-16,3,speech,7,disgust,normal,dogsdoor,1,16,female,True,48000,3.470125,1,PCM_16,
../data/Actor_16/03-01-07-01-02-02-16.wav,03-01-07-01-02-02-16,3,speech,7,disgust,normal,dogsdoor,2,16,female,True,48000,3.5702291666666666,1,PCM_16,
../data/Actor_16/03-01-07-02-01-01-16.wav,03-01-07-02-01-01-16,3,speech,7,disgust,strong,kidsdoor,1,16,female,True,48000,4.2709166666666665,1,PCM_16,
../data/Actor_16/03-01-07-02-01-02-16.wav,03-01-07-02-01-02-16,3,speech,7,disgust,strong,kidsdoor,2,16,female,True,48000,4.237583333333333,1,PCM_16,
../data/Actor_16/03-01-07-02-02-01-16.wav,03-01-07-02-02-01-16,3,speech,7,disgust,strong,dogsdoor,1,16,female,True,48000,4.137458333333333,1,PCM_16,
../data/Actor_16/03-01-07-02-02-02-16.wav,03-01-07-02-02-02-16,3,speech,7,disgust,strong,dogsdoor,2,16,female,True,48000,4.137479166666667,1,PCM_16,
../data/Actor_16/03-01-08-01-01-01-16.wav,03-01-08-01-01-01-16,3,speech,8,surprised,normal,kidsdoor,1,16,female,True,48000,3.536875,1,PCM_16,
../data/Actor_16/03-01-08-01-01-02-16.wav,03-01-08-01-01-02-16,3,speech,8,surprised,normal,kidsdoor,2,16,female,True,48000,3.43675,1,PCM_16,
../data/Actor_16/03-01-08-01-02-01-16.wav,03-01-08-01-02-01-16,3,speech,8,surprised,normal,dogsdoor,1,16,female,True,48000,3.5035,1,PCM_16,
../data/Actor_16/03-01-08-01-02-02-16.wav,03-01-08-01-02-02-16,3,speech,8,surprised,normal,dogsdoor,2,16,female,True,48000,3.4367708333333336,1,PCM_16,
../data/Actor_16/03-01-08-02-01-01-16.wav,03-01-08-02-01-01-16,3,speech,8,surprised,strong,kidsdoor,1,16,female,True,48000,3.536875,1,PCM_16,
../data/Actor_16/03-01-08-02-01-02-16.wav,03-01-08-02-01-02-16,3,speech,8,surprised,strong,kidsdoor,2,16,female,True,48000,3.5368541666666666,1,PCM_16,
../data/Actor_16/03-01-08-02-02-01-16.wav,03-01-08-02-02-01-16,3,speech,8,surprised,strong,dogsdoor,1,16,female,True,48000,3.57025,1,PCM_16,
../data/Actor_16/03-01-08-02-02-02-16.wav,03-01-08-02-02-02-16,3,speech,8,surprised,strong,dogsdoor,2,16,female,True,48000,3.5702291666666666,1,PCM_16,
../data/Actor_16/03-02-01-01-01-01-16.wav,03-02-01-01-01-01-16,3,song,1,neutral,normal,kidsdoor,1,16,female,True,48000,4.871520833333333,1,PCM_16,
../data/Actor_16/03-02-01-01-01-02-16.wav,03-02-01-01-01-02-16,3,song,1,neutral,normal,kidsdoor,2,16,female,True,48000,4.57125,1,PCM_16,
../data/Actor_16/03-02-01-01-02-01-16.wav,03-02-01-01-02-01-16,3,song,1,neutral,normal,dogsdoor,1,16,female,True,48000,4.671333333333333,1,PCM_16,
../data/Actor_16/03-02-01-01-02-02-16.wav,03-02-01-01-02-02-16,3,song,1,neutral,normal,dogsdoor,2,16,female,True,48000,4.571229166666667,1,PCM_16,
../data/Actor_16/03-02-02-01-01-01-16.wav,03-02-02-01-01-01-16,3,song,2,calm,normal,kidsdoor,1,16,female,True,48000,5.171833333333334,1,PCM_16,
../data/Actor_16/03-02-02-01-01-02-16.wav,03-02-02-01-01-02-16,3,song,2,calm,normal,kidsdoor,2,16,female,True,48000,4.7380625,1,PCM_16,
../data/Actor_16/03-02-02-01-02-01-16.wav,03-02-02-01-02-01-16,3,song,2,calm,normal,dogsdoor,1,16,female,True,48000,5.071729166666667,1,PCM_16,
../data/Actor_16/03-02-02-01-02-02-16.wav,03-02-02-01-02-02-16,3,song,2,calm,normal,dogsdoor,2,16,female,True,48000,5.005,1,PCM_16,
../data/Actor_16/03-02-02-02-01-01-16.wav,03-02-02-02-01-01-16,3,song,2,calm,strong,kidsdoor,1,16,female,True,48000,5.07175,1,PCM_16,
../data/Actor_16/03-02-02-02-01-02-16.wav,03-02-02-02-01-02-16,3,song,2,calm,strong,kidsdoor,2,16,female,True,48000,5.2719375,1,PCM_16,
../data/Actor_16/03-02-02-02-02-01-16.wav,03-02-02-02-02-01-16,3,song,2,calm,strong,dogsdoor,1,16,female,True,48000,5.205208333333333,1,PCM_16,
../data/Actor_16/03-02-02-02-02-02-16.wav,03-02-02-02-02-02-16,3,song,2,calm,strong,dogsdoor,2,16,female,True,48000,5.138458333333333,1,PCM_16,
../data/Actor_16/03-02-03-01-01-01-16.wav,03-02-03-01-01-01-16,3,song,3,happy,normal,kidsdoor,1,16,female,True,48000,4.871541666666666,1,PCM_16,
../data/Actor_16/03-02-03-01-01-02-16.wav,03-02-03-01-01-02-16,3,song,3,happy,normal,kidsdoor,2,16,female,True,48000,4.7046875,1,PCM_16,
../data/Actor_16/03-02-03-01-02-01-16.wav,03-02-03-01-02-01-16,3,song,3,happy,normal,dogsdoor,1,16,female,True,48000,4.7380625,1,PCM_16,
../data/Actor_16/03-02-03-01-02-02-16.wav,03-02-03-01-02-02-16,3,song,3,happy,normal,dogsdoor,2,16,female,True,48000,4.604604166666666,1,PCM_16,
../data/Actor_16/03-02-03-02-01-01-16.wav,03-02-03-02-01-01-16,3,song,3,happy,strong,kidsdoor,1,16,female,True,48000,4.571229166666667,1,PCM_16,
../data/Actor_16/03-02-03-02-01-02-16.wav,03-02-03-02-01-02-16,3,song,3,happy,strong,kidsdoor,2,16,female,True,48000,4.838166666666667,1,PCM_16,
../data/Actor_16/03-02-03-02-02-01-16.wav,03-02-03-02-02-01-16,3,song,3,happy,strong,dogsdoor,1,16,female,True,48000,4.371041666666667,1,PCM_16,
../data/Actor_16/03-02-03-02-02-02-16.wav,03-02-03-02-02-02-16,3,song,3,happy,strong,dogsdoor,2,16,female,True,48000,4.671333333333333,1,PCM_16,
../data/Actor_16/03-02-04-01-01-01-16.wav,03-02-04-01-01-01-16,3,song,4,sad,normal,kidsdoor,1,16,female,True,48000,4.904895833333334,1,PCM_16,
../data/Actor_16/03-02-04-01-01-02-16.wav,03-02-04-01-01-02-16,3,song,4,sad,normal,kidsdoor,2,16,female,True,48000,5.005,1,PCM_16,
../data/Actor_16/03-02-04-01-02-01-16.wav,03-02-04-01-02-01-16,3,song,4,sad,normal,dogsdoor,1,16,female,True,48000,4.971625,1,PCM_16,
../data/Actor_16/03-02-04-01-02-02-16.wav,03-02-04-01-02-02-16,3,song,4,sad,normal,dogsdoor,2,16,female,True,48000,4.904895833333334,1,PCM_16,
../data/Actor_16/03-02-04-02-01-01-16.wav,03-02-04-02-01-01-16,3,song,4,sad,strong,kidsdoor,1,16,female,True,48000,5.205208333333333,1,PCM_16,
../data/Actor_16/03-02-04-02-01-02-16.wav,03-02-04-02-01-02-16,3,song,4,sad,strong,kidsdoor,2,16,female,True,48000,5.038354166666666,1,PCM_16,
../data/Actor_16/03-02-04-02-02-01-16.wav,03-02-04-02-02-01-16,3,song,4,sad,strong,dogsdoor,1,16,female,True,48000,5.105104166666667,1,PCM_16,
../data/Actor_16/03-02-04-02-02-02-16.wav,03-02-04-02-02-02-16,3,song,4,sad,strong,dogsdoor,2,16,female,True,48000,4.838166666666667,1,PCM_16,
../data/Actor_16/03-02-05-01-01-01-16.wav,03-02-05-01-01-01-16,3,song,5,angry,normal,kidsdoor,1,16,female,True,48000,4.404395833333333,1,PCM_16,
../data/Actor_16/03-02-05-01-01-02-16.wav,03-02-05-01-01-02-16,3,song,5,angry,normal,kidsdoor,2,16,female,True,48000,4.404395833333333,1,PCM_16,
../data/Actor_16/03-02-05-01-02-01-16.wav,03-02-05-01-02-01-16,3,song,5,angry,normal,dogsdoor,1,16,female,True,48000,4.404395833333333,1,PCM_16,
../data/Actor_16/03-02-05-01-02-02-16.wav,03-02-05-01-02-02-16,3,song,5,angry,normal,dogsdoor,2,16,female,True,48000,4.404395833333333,1,PCM_16,
../data/Actor_16/03-02-05-02-01-01-16.wav,03-02-05-02-01-01-16,3,song,5,angry,strong,kidsdoor,1,16,female,True,48000,4.404395833333333,1,PCM_16,
../data/Actor_16/03-02-05-02-01-02-16.wav,03-02-05-02-01-02-16,3,song,5,angry,strong,kidsdoor,2,16,female,True,48000,4.537875,1,PCM_16,
../data/Actor_16/03-02-05-02-02-01-16.wav,03-02-05-02-02-01-16,3,song,5,angry,strong,dogsdoor,1,16,female,True,48000,4.437770833333333,1,PCM_16,
../data/Actor_16/03-02-05-02-02-02-16.wav,03-02-05-02-02-02-16,3,song,5,angry,strong,dogsdoor,2,16,female,True,48000,4.3043125,1,PCM_16,
../data/Actor_16/03-02-06-01-01-01-16.wav,03-02-06-01-01-01-16,3,song,6,fearful,normal,kidsdoor,1,16,female,True,48000,4.7046875,1,PCM_16,
../data/Actor_16/03-02-06-01-01-02-16.wav,03-02-06-01-01-02-16,3,song,6,fearful,normal,kidsdoor,2,16,female,True,48000,4.7047083333333335,1,PCM_16,
../data/Actor_16/03-02-06-01-02-01-16.wav,03-02-06-01-02-01-16,3,song,6,fearful,normal,dogsdoor,1,16,female,True,48000,4.371041666666667,1,PCM_16,
../data/Actor_16/03-02-06-01-02-02-16.wav,03-02-06-01-02-02-16,3,song,6,fearful,normal,dogsdoor,2,16,female,True,48000,4.537875,1,PCM_16,
../data/Actor_16/03-02-06-02-01-01-16.wav,03-02-06-02-01-01-16,3,song,6,fearful,strong,kidsdoor,1,16,female,True,48000,4.671333333333333,1,PCM_16,
../data/Actor_16/03-02-06-02-01-02-16.wav,03-02-06-02-01-02-16,3,song,6,fearful,strong,kidsdoor,2,16,female,True,48000,4.604604166666666,1,PCM_16,
../data/Actor_16/03-02-06-02-02-01-16.wav,03-02-06-02-02-01-16,3,song,6,fearful,strong,dogsdoor,1,16,female,True,48000,4.571229166666667,1,PCM_16,
../data/Actor_16/03-02-06-02-02-02-16.wav,03-02-06-02-02-02-16,3,song,6,fearful,strong,dogsdoor,2,16,female,True,48000,4.5378541666666665,1,PCM_16,
../data/Actor_17/03-01-01-01-01-01-17.wav,03-01-01-01-01-01-17,3,speech,1,neutral,normal,kidsdoor,1,17,male,True,48000,3.8371666666666666,1,PCM_16,
../data/Actor_17/03-01-01-01-01-02-17.wav,03-01-01-01-01-02-17,3,speech,1,neutral,normal,kidsdoor,2,17,male,True,48000,3.5035,1,PCM_16,
../data/Actor_17/03-01-01-01-02-01-17.wav,03-01-01-01-02-01-17,3,speech,1,neutral,normal,dogsdoor,1,17,male,True,48000,3.5035,1,PCM_16,
../data/Actor_17/03-01-01-01-02-02-17.wav,03-01-01-01-02-02-17,3,speech,1,neutral,normal,dogsdoor,2,17,male,True,48000,3.470125,1,PCM_16,
../data/Actor_17/03-01-02-01-01-01-17.wav,03-01-02-01-01-01-17,3,speech,2,calm,normal,kidsdoor,1,17,male,True,48000,3.5035,1,PCM_16,
../data/Actor_17/03-01-02-01-01-02-17.wav,03-01-02-01-01-02-17,3,speech,2,calm,normal,kidsdoor,2,17,male,True,48000,3.536875,1,PCM_16,
../data/Actor_17/03-01-02-01-02-01-17.wav,03-01-02-01-02-01-17,3,speech,2,calm,normal,dogsdoor,1,17,male,True,48000,3.7370833333333335,1,PCM_16,
../data/Actor_17/03-01-02-01-02-02-17.wav,03-01-02-01-02-02-17,3,speech,2,calm,normal,dogsdoor,2,17,male,True,48000,3.7704375,1,PCM_16,
../data/Actor_17/03-01-02-02-01-01-17.wav,03-01-02-02-01-01-17,3,speech,2,calm,strong,kidsdoor,1,17,male,True,48000,3.8705416666666665,1,PCM_16,
../data/Actor_17/03-01-02-02-01-02-17.wav,03-01-02-02-01-02-17,3,speech,2,calm,strong,kidsdoor,2,17,male,True,48000,3.6036041666666665,1,PCM_16,
../data/Actor_17/03-01-02-02-02-01-17.wav,03-01-02-02-02-01-17,3,speech,2,calm,strong,dogsdoor,1,17,male,True,48000,3.8371666666666666,1,PCM_16,
../data/Actor_17/03-01-02-02-02-02-17.wav,03-01-02-02-02-02-17,3,speech,2,calm,strong,dogsdoor,2,17,male,True,48000,3.536875,1,PCM_16,
../data/Actor_17/03-01-03-01-01-01-17.wav,03-01-03-01-01-01-17,3,speech,3,happy,normal,kidsdoor,1,17,male,True,48000,3.470125,1,PCM_16,
../data/Actor_17/03-01-03-01-01-02-17.wav,03-01-03-01-01-02-17,3,speech,3,happy,normal,kidsdoor,2,17,male,True,48000,3.536875,1,PCM_16,
../data/Actor_17/03-01-03-01-02-01-17.wav,03-01-03-01-02-01-17,3,speech,3,happy,normal,dogsdoor,1,17,male,True,48000,3.4701458333333335,1,PCM_16,
../data/Actor_17/03-01-03-01-02-02-17.wav,03-01-03-01-02-02-17,3,speech,3,happy,normal,dogsdoor,2,17,male,True,48000,3.5368541666666666,1,PCM_16,
../data/Actor_17/03-01-03-02-01-01-17.wav,03-01-03-02-01-01-17,3,speech,3,happy,strong,kidsdoor,1,17,male,True,48000,3.7370625,1,PCM_16,
../data/Actor_17/03-01-03-02-01-02-17.wav,03-01-03-02-01-02-17,3,speech,3,happy,strong,kidsdoor,2,17,male,True,48000,4.104104166666667,1,PCM_16,
../data/Actor_17/03-01-03-02-02-01-17.wav,03-01-03-02-02-01-17,3,speech,3,happy,strong,dogsdoor,1,17,male,True,48000,3.7370625,1,PCM_16,
../data/Actor_17/03-01-03-02-02-02-17.wav,03-01-03-02-02-02-17,3,speech,3,happy,strong,dogsdoor,2,17,male,True,48000,3.8037916666666667,1,PCM_16,
../data/Actor_17/03-01-04-01-01-01-17.wav,03-01-04-01-01-01-17,3,speech,4,sad,normal,kidsdoor,1,17,male,True,48000,3.6703333333333332,1,PCM_16,
../data/Actor_17/03-01-04-01-01-02-17.wav,03-01-04-01-01-02-17,3,speech,4,sad,normal,kidsdoor,2,17,male,True,48000,3.5035,1,PCM_16,
../data/Actor_17/03-01-04-01-02-01-17.wav,03-01-04-01-02-01-17,3,speech,4,sad,normal,dogsdoor,1,17,male,True,48000,3.5702291666666666,1,PCM_16,
../data/Actor_17/03-01-04-01-02-02-17.wav,03-01-04-01-02-02-17,3,speech,4,sad,normal,dogsdoor,2,17,male,True,48000,3.6036041666666665,1,PCM_16,
../data/Actor_17/03-01-04-02-01-01-17.wav,03-01-04-02-01-01-17,3,speech,4,sad,strong,kidsdoor,1,17,male,True,48000,3.6703333333333332,1,PCM_16,
../data/Actor_17/03-01-04-02-01-02-17.wav,03-01-04-02-01-02-17,3,speech,4,sad,strong,kidsdoor,2,17,male,True,48000,3.703708333333333,1,PCM_16,
../data/Actor_17/03-01-04-02-02-01-17.wav,03-01-04-02-02-01-17,3,speech,4,sad,strong,dogsdoor,1,17,male,True,48000,3.6036041666666665,1,PCM_16,
../data/Actor_17/03-01-04-02-02-02-17.wav,03-01-04-02-02-02-17,3,speech,4,sad,strong,dogsdoor,2,17,male,True,48000,3.5702291666666666,1,PCM_16,
../data/Actor_17/03-01-05-01-01-01-17.wav,03-01-05-01-01-01-17,3,speech,5,angry,normal,kidsdoor,1,17,male,True,48000,3.4701458333333335,1,PCM_16,
../data/Actor_17/03-01-05-01-01-02-17.wav,03-01-05-01-01-02-17,3,speech,5,angry,normal,kidsdoor,2,17,male,True,48000,3.703708333333333,1,PCM_16,
../data/Actor_17/03-01-05-01-02-01-17.wav,03-01-05-01-02-01-17,3,speech,5,angry,normal,dogsdoor,1,17,male,True,48000,3.6036041666666665,1,PCM_16,
../data/Actor_17/03-01-05-01-02-02-17.wav,03-01-05-01-02-02-17,3,speech,5,angry,normal,dogsdoor,2,17,male,True,48000,3.536875,1,PCM_16,
../data/Actor_17/03-01-05-02-01-01-17.wav,03-01-05-02-01-01-17,3,speech,5,angry,strong,kidsdoor,1,17,male,True,48000,3.5035,1,PCM_16,
../data/Actor_17/03-01-05-02-01-02-17.wav,03-01-05-02-01-02-17,3,speech,5,angry,strong,kidsdoor,2,17,male,True,48000,3.7370625,1,PCM_16,
../data/Actor_17/03-01-05-02-02-01-17.wav,03-01-05-02-02-01-17,3,speech,5,angry,strong,dogsdoor,1,17,male,True,48000,3.636979166666667,1,PCM_16,
../data/Actor_17/03-01-05-02-02-02-17.wav,03-01-05-02-02-02-17,3,speech,5,angry,strong,dogsdoor,2,17,male,True,48000,3.8038125,1,PCM_16,
../data/Actor_17/03-01-06-01-01-01-17.wav,03-01-06-01-01-01-17,3,speech,6,fearful,normal,kidsdoor,1,17,male,True,48000,3.470125,1,PCM_16,
../data/Actor_17/03-01-06-01-01-02-17.wav,03-01-06-01-01-02-17,3,speech,6,fearful,normal,kidsdoor,2,17,male,True,48000,3.5035,1,PCM_16,
../data/Actor_17/03-01-06-01-02-01-17.wav,03-01-06-01-02-01-17,3,speech,6,fearful,normal,dogsdoor,1,17,male,True,48000,3.536875,1,PCM_16,
../data/Actor_17/03-01-06-01-02-02-17.wav,03-01-06-01-02-02-17,3,speech,6,fearful,normal,dogsdoor,2,17,male,True,48000,3.6369583333333333,1,PCM_16,
../data/Actor_17/03-01-06-02-01-01-17.wav,03-01-06-02-01-01-17,3,speech,6,fearful,strong,kidsdoor,1,17,male,True,48000,3.703708333333333,1,PCM_16,
../data/Actor_17/03-01-06-02-01-02-17.wav,03-01-06-02-01-02-17,3,speech,6,fearful,strong,kidsdoor,2,17,male,True,48000,3.7370625,1,PCM_16,
../data/Actor_17/03-01-06-02-02-01-17.wav,03-01-06-02-02-01-17,3,speech,6,fearful,strong,dogsdoor,1,17,male,True,48000,3.6703333333333332,1,PCM_16,
../data/Actor_17/03-01-06-02-02-02-17.wav,03-01-06-02-02-02-17,3,speech,6,fearful,strong,dogsdoor,2,17,male,True,48000,3.8371666666666666,1,PCM_16,
../data/Actor_17/03-01-07-01-01-01-17.wav,03-01-07-01-01-01-17,3,speech,7,disgust,normal,kidsdoor,1,17,male,True,48000,3.8371666666666666,1,PCM_16,
../data/Actor_17/03-01-07-01-01-02-17.wav,03-01-07-01-01-02-17,3,speech,7,disgust,normal,kidsdoor,2,17,male,True,48000,3.703708333333333,1,PCM_16,
../data/Actor_17/03-01-07-01-02-01-17.wav,03-01-07-01-02-01-17,3,speech,7,disgust,normal,dogsdoor,1,17,male,True,48000,3.5702291666666666,1,PCM_16,
../data/Actor_17/03-01-07-01-02-02-17.wav,03-01-07-01-02-02-17,3,speech,7,disgust,normal,dogsdoor,2,17,male,True,48000,3.5035,1,PCM_16,
../data/Actor_17/03-01-07-02-01-01-17.wav,03-01-07-02-01-01-17,3,speech,7,disgust,strong,kidsdoor,1,17,male,True,48000,4.204208333333334,1,PCM_16,
../data/Actor_17/03-01-07-02-01-02-17.wav,03-01-07-02-01-02-17,3,speech,7,disgust,strong,kidsdoor,2,17,male,True,48000,4.170833333333333,1,PCM_16,
../data/Actor_17/03-01-07-02-02-01-17.wav,03-01-07-02-02-01-17,3,speech,7,disgust,strong,dogsdoor,1,17,male,True,48000,4.471145833333333,1,PCM_16,
../data/Actor_17/03-01-07-02-02-02-17.wav,03-01-07-02-02-02-17,3,speech,7,disgust,strong,dogsdoor,2,17,male,True,48000,4.604604166666666,1,PCM_16,
../data/Actor_17/03-01-08-01-01-01-17.wav,03-01-08-01-01-01-17,3,speech,8,surprised,normal,kidsdoor,1,17,male,True,48000,3.403395833333333,1,PCM_16,
../data/Actor_17/03-01-08-01-01-02-17.wav,03-01-08-01-01-02-17,3,speech,8,surprised,normal,kidsdoor,2,17,male,True,48000,3.6369583333333333,1,PCM_16,
../data/Actor_17/03-01-08-01-02-01-17.wav,03-01-08-01-02-01-17,3,speech,8,surprised,normal,dogsdoor,1,17,male,True,48000,3.370041666666667,1,PCM_16,
../data/Actor_17/03-01-08-01-02-02-17.wav,03-01-08-01-02-02-17,3,speech,8,surprised,normal,dogsdoor,2,17,male,True,48000,3.4367708333333336,1,PCM_16,
../data/Actor_17/03-01-08-02-01-01-17.wav,03-01-08-02-01-01-17,3,speech,8,surprised,strong,kidsdoor,1,17,male,True,48000,3.536875,1,PCM_16,
../data/Actor_17/03-01-08-02-01-02-17.wav,03-01-08-02-01-02-17,3,speech,8,surprised,strong,kidsdoor,2,17,male,True,48000,3.6703333333333332,1,PCM_16,
../data/Actor_17/03-01-08-02-02-01-17.wav,03-01-08-02-02-01-17,3,speech,8,surprised,strong,dogsdoor,1,17,male,True,48000,3.4367708333333336,1,PCM_16,
../data/Actor_17/03-01-08-02-02-02-17.wav,03-01-08-02-02-02-17,3,speech,8,surprised,strong,dogsdoor,2,17,male,True,48000,3.5368541666666666,1,PCM_16,
../data/Actor_17/03-02-01-01-01-01-17.wav,03-02-01-01-01-01-17,3,song,1,neutral,normal,kidsdoor,1,17,male,True,48000,5.038354166666666,1,PCM_16,
../data/Actor_17/03-02-01-01-01-02-17.wav,03-02-01-01-01-02-17,3,song,1,neutral,normal,kidsdoor,2,17,male,True,48000,4.804791666666667,1,PCM_16,
../data/Actor_17/03-02-01-01-02-01-17.wav,03-02-01-01-02-01-17,3,song,1,neutral,normal,dogsdoor,1,17,male,True,48000,5.038375,1,PCM_16,
../data/Actor_17/03-02-01-01-02-02-17.wav,03-02-01-01-02-02-17,3,song,1,neutral,normal,dogsdoor,2,17,male,True,48000,4.871520833333333,1,PCM_16,
../data/Actor_17/03-02-02-01-01-01-17.wav,03-02-02-01-01-01-17,3,song,2,calm,normal,kidsdoor,1,17,male,True,48000,5.138458333333333,1,PCM_16,
../data/Actor_17/03-02-02-01-01-02-17.wav,03-02-02-01-01-02-17,3,song,2,calm,normal,kidsdoor,2,17,male,True,48000,5.171833333333334,1,PCM_16,
../data/Actor_17/03-02-02-01-02-01-17.wav,03-02-02-01-02-01-17,3,song,2,calm,normal,dogsdoor,1,17,male,True,48000,5.171833333333334,1,PCM_16,
../data/Actor_17/03-02-02-01-02-02-17.wav,03-02-02-01-02-02-17,3,song,2,calm,normal,dogsdoor,2,17,male,True,48000,5.2719375,1,PCM_16,
../data/Actor_17/03-02-02-02-01-01-17.wav,03-02-02-02-01-01-17,3,song,2,calm,strong,kidsdoor,1,17,male,True,48000,5.2385625,1,PCM_16,
../data/Actor_17/03-02-02-02-01-02-17.wav,03-02-02-02-01-02-17,3,song,2,calm,strong,kidsdoor,2,17,male,True,48000,5.2385625,1,PCM_16,
../data/Actor_17/03-02-02-02-02-01-17.wav,03-02-02-02-02-01-17,3,song,2,calm,strong,dogsdoor,1,17,male,True,48000,5.2051875,1,PCM_16,
../data/Actor_17/03-02-02-02-02-02-17.wav,03-02-02-02-02-02-17,3,song,2,calm,strong,dogsdoor,2,17,male,True,48000,5.2719375,1,PCM_16,
../data/Actor_17/03-02-03-01-01-01-17.wav,03-02-03-01-01-01-17,3,song,3,happy,normal,kidsdoor,1,17,male,True,48000,5.07175,1,PCM_16,
../data/Actor_17/03-02-03-01-01-02-17.wav,03-02-03-01-01-02-17,3,song,3,happy,normal,kidsdoor,2,17,male,True,48000,5.005,1,PCM_16,
../data/Actor_17/03-02-03-01-02-01-17.wav,03-02-03-01-02-01-17,3,song,3,happy,normal,dogsdoor,1,17,male,True,48000,4.037375,1,PCM_16,
../data/Actor_17/03-02-03-01-02-02-17.wav,03-02-03-01-02-02-17,3,song,3,happy,normal,dogsdoor,2,17,male,True,48000,5.005,1,PCM_16,
../data/Actor_17/03-02-03-02-01-01-17.wav,03-02-03-02-01-01-17,3,song,3,happy,strong,kidsdoor,1,17,male,True,48000,5.071729166666667,1,PCM_16,
../data/Actor_17/03-02-03-02-01-02-17.wav,03-02-03-02-01-02-17,3,song,3,happy,strong,kidsdoor,2,17,male,True,48000,4.8048125,1,PCM_16,
../data/Actor_17/03-02-03-02-02-01-17.wav,03-02-03-02-02-01-17,3,song,3,happy,strong,dogsdoor,1,17,male,True,48000,5.005,1,PCM_16,
../data/Actor_17/03-02-03-02-02-02-17.wav,03-02-03-02-02-02-17,3,song,3,happy,strong,dogsdoor,2,17,male,True,48000,4.7047083333333335,1,PCM_16,
../data/Actor_17/03-02-04-01-01-01-17.wav,03-02-04-01-01-01-17,3,song,4,sad,normal,kidsdoor,1,17,male,True,48000,5.271916666666667,1,PCM_16,
../data/Actor_17/03-02-04-01-01-02-17.wav,03-02-04-01-01-02-17,3,song,4,sad,normal,kidsdoor,2,17,male,True,48000,5.005,1,PCM_16,
../data/Actor_17/03-02-04-01-02-01-17.wav,03-02-04-01-02-01-17,3,song,4,sad,normal,dogsdoor,1,17,male,True,48000,4.871520833333333,1,PCM_16,
../data/Actor_17/03-02-04-01-02-02-17.wav,03-02-04-01-02-02-17,3,song,4,sad,normal,dogsdoor,2,17,male,True,48000,5.071729166666667,1,PCM_16,
../data/Actor_17/03-02-04-02-01-01-17.wav,03-02-04-02-01-01-17,3,song,4,sad,strong,kidsdoor,1,17,male,True,48000,5.205208333333333,1,PCM_16,
../data/Actor_17/03-02-04-02-01-02-17.wav,03-02-04-02-01-02-17,3,song,4,sad,strong,kidsdoor,2,17,male,True,48000,5.3053125,1,PCM_16,
../data/Actor_17/03-02-04-02-02-01-17.wav,03-02-04-02-02-01-17,3,song,4,sad,strong,dogsdoor,1,17,male,True,48000,5.405395833333333,1,PCM_16,
../data/Actor_17/03-02-04-02-02-02-17.wav,03-02-04-02-02-02-17,3,song,4,sad,strong,dogsdoor,2,17,male,True,48000,5.405395833333333,1,PCM_16,
../data/Actor_17/03-02-05-01-01-01-17.wav,03-02-05-01-01-01-17,3,song,5,angry,normal,kidsdoor,1,17,male,True,48000,5.105104166666667,1,PCM_16,
../data/Actor_17/03-02-05-01-01-02-17.wav,03-02-05-01-01-02-17,3,song,5,angry,normal,kidsdoor,2,17,male,True,48000,5.105104166666667,1,PCM_16,
../data/Actor_17/03-02-05-01-02-01-17.wav,03-02-05-01-02-01-17,3,song,5,angry,normal,dogsdoor,1,17,male,True,48000,5.171833333333334,1,PCM_16,
../data/Actor_17/03-02-05-01-02-02-17.wav,03-02-05-01-02-02-17,3,song,5,angry,normal,dogsdoor,2,17,male,True,48000,5.171833333333334,1,PCM_16,
../data/Actor_17/03-02-05-02-01-01-17.wav,03-02-05-02-01-01-17,3,song,5,angry,strong,kidsdoor,1,17,male,True,48000,4.170833333333333,1,PCM_16,
../data/Actor_17/03-02-05-02-01-02-17.wav,03-02-05-02-01-02-17,3,song,5,angry,strong,kidsdoor,2,17,male,True,48000,4.7714375,1,PCM_16,
../data/Actor_17/03-02-05-02-02-01-17.wav,03-02-05-02-02-01-17,3,song,5,angry,strong,dogsdoor,1,17,male,True,48000,5.171833333333334,1,PCM_16,
../data/Actor_17/03-02-05-02-02-02-17.wav,03-02-05-02-02-02-17,3,song,5,angry,strong,dogsdoor,2,17,male,True,48000,4.838166666666667,1,PCM_16,
../data/Actor_17/03-02-06-01-01-01-17.wav,03-02-06-01-01-01-17,3,song,6,fearful,normal,kidsdoor,1,17,male,True,48000,4.93825,1,PCM_16,
../data/Actor_17/03-02-06-01-01-02-17.wav,03-02-06-01-01-02-17,3,song,6,fearful,normal,kidsdoor,2,17,male,True,48000,5.038375,1,PCM_16,
../data/Actor_17/03-02-06-01-02-01-17.wav,03-02-06-01-02-01-17,3,song,6,fearful,normal,dogsdoor,1,17,male,True,48000,5.071729166666667,1,PCM_16,
../data/Actor_17/03-02-06-01-02-02-17.wav,03-02-06-01-02-02-17,3,song,6,fearful,normal,dogsdoor,2,17,male,True,48000,4.671333333333333,1,PCM_16,
../data/Actor_17/03-02-06-02-01-01-17.wav,03-02-06-02-01-01-17,3,song,6,fearful,strong,kidsdoor,1,17,male,True,48000,4.037354166666667,1,PCM_16,
../data/Actor_17/03-02-06-02-01-02-17.wav,03-02-06-02-01-02-17,3,song,6,fearful,strong,kidsdoor,2,17,male,True,48000,4.404395833333333,1,PCM_16,
../data/Actor_17/03-02-06-02-02-01-17.wav,03-02-06-02-02-01-17,3,song,6,fearful,strong,dogsdoor,1,17,male,True,48000,4.537875,1,PCM_16,
../data/Actor_17/03-02-06-02-02-02-17.wav,03-02-06-02-02-02-17,3,song,6,fearful,strong,dogsdoor,2,17,male,True,48000,4.437770833333333,1,PCM_16,
../data/Actor_18/03-01-01-01-01-01-18.wav,03-01-01-01-01-01-18,3,speech,1,neutral,normal,kidsdoor,1,18,female,True,48000,3.4701458333333335,1,PCM_16,
../data/Actor_18/03-01-01-01-01-02-18.wav,03-01-01-01-01-02-18,3,speech,1,neutral,normal,kidsdoor,2,18,female,True,48000,3.536875,1,PCM_16,
../data/Actor_18/03-01-01-01-02-01-18.wav,03-01-01-01-02-01-18,3,speech,1,neutral,normal,dogsdoor,1,18,female,True,48000,3.470125,1,PCM_16,
../data/Actor_18/03-01-01-01-02-02-18.wav,03-01-01-01-02-02-18,3,speech,1,neutral,normal,dogsdoor,2,18,female,True,48000,3.4701458333333335,1,PCM_16,
../data/Actor_18/03-01-02-01-01-01-18.wav,03-01-02-01-01-01-18,3,speech,2,calm,normal,kidsdoor,1,18,female,True,48000,3.470125,1,PCM_16,
../data/Actor_18/03-01-02-01-01-02-18.wav,03-01-02-01-01-02-18,3,speech,2,calm,normal,kidsdoor,2,18,female,True,48000,3.4034166666666668,1,PCM_16,
../data/Actor_18/03-01-02-01-02-01-18.wav,03-01-02-01-02-01-18,3,speech,2,calm,normal,dogsdoor,1,18,female,True,48000,3.636979166666667,1,PCM_16,
../data/Actor_18/03-01-02-01-02-02-18.wav,03-01-02-01-02-02-18,3,speech,2,calm,normal,dogsdoor,2,18,female,True,48000,3.5035,1,PCM_16,
../data/Actor_18/03-01-02-02-01-01-18.wav,03-01-02-02-01-01-18,3,speech,2,calm,strong,kidsdoor,1,18,female,True,48000,3.6036041666666665,1,PCM_16,
../data/Actor_18/03-01-02-02-01-02-18.wav,03-01-02-02-01-02-18,3,speech,2,calm,strong,kidsdoor,2,18,female,True,48000,3.6036041666666665,1,PCM_16,
../data/Actor_18/03-01-02-02-02-01-18.wav,03-01-02-02-02-01-18,3,speech,2,calm,strong,dogsdoor,1,18,female,True,48000,3.6035833333333334,1,PCM_16,
../data/Actor_18/03-01-02-02-02-02-18.wav,03-01-02-02-02-02-18,3,speech,2,calm,strong,dogsdoor,2,18,female,True,48000,3.6036041666666665,1,PCM_16,
../data/Actor_18/03-01-03-01-01-01-18.wav,03-01-03-01-01-01-18,3,speech,3,happy,normal,kidsdoor,1,18,female,True,48000,3.403395833333333,1,PCM_16,
../data/Actor_18/03-01-03-01-01-02-18.wav,03-01-03-01-01-02-18,3,speech,3,happy,normal,kidsdoor,2,18,female,True,48000,3.3700208333333332,1,PCM_16,
../data/Actor_18/03-01-03-01-02-01-18.wav,03-01-03-01-02-01-18,3,speech,3,happy,normal,dogsdoor,1,18,female,True,48000,3.43675,1,PCM_16,
../data/Actor_18/03-01-03-01-02-02-18.wav,03-01-03-01-02-02-18,3,speech,3,happy,normal,dogsdoor,2,18,female,True,48000,3.5035,1,PCM_16,
../data/Actor_18/03-01-03-02-01-01-18.wav,03-01-03-02-01-01-18,3,speech,3,happy,strong,kidsdoor,1,18,female,True,48000,3.7704375,1,PCM_16,
../data/Actor_18/03-01-03-02-01-02-18.wav,03-01-03-02-01-02-18,3,speech,3,happy,strong,kidsdoor,2,18,female,True,48000,3.93725,1,PCM_16,
../data/Actor_18/03-01-03-02-02-01-18.wav,03-01-03-02-02-01-18,3,speech,3,happy,strong,dogsdoor,1,18,female,True,48000,3.7704375,1,PCM_16,
../data/Actor_18/03-01-03-02-02-02-18.wav,03-01-03-02-02-02-18,3,speech,3,happy,strong,dogsdoor,2,18,female,True,48000,3.8371666666666666,1,PCM_16,
../data/Actor_18/03-01-04-01-01-01-18.wav,03-01-04-01-01-01-18,3,speech,4,sad,normal,kidsdoor,1,18,female,True,48000,3.5702291666666666,1,PCM_16,
../data/Actor_18/03-01-04-01-01-02-18.wav,03-01-04-01-01-02-18,3,speech,4,sad,normal,kidsdoor,2,18,female,True,48000,3.6369583333333333,1,PCM_16,
../data/Actor_18/03-01-04-01-02-01-18.wav,03-01-04-01-02-01-18,3,speech,4,sad,normal,dogsdoor,1,18,female,True,48000,3.536875,1,PCM_16,
../data/Actor_18/03-01-04-01-02-02-18.wav,03-01-04-01-02-02-18,3,speech,4,sad,normal,dogsdoor,2,18,female,True,48000,3.6369583333333333,1,PCM_16,
../data/Actor_18/03-01-04-02-01-01-18.wav,03-01-04-02-01-01-18,3,speech,4,sad,strong,kidsdoor,1,18,female,True,48000,3.8037916666666667,1,PCM_16,
../data/Actor_18/03-01-04-02-01-02-18.wav,03-01-04-02-01-02-18,3,speech,4,sad,strong,kidsdoor,2,18,female,True,48000,3.8371666666666666,1,PCM_16,
../data/Actor_18/03-01-04-02-02-01-18.wav,03-01-04-02-02-01-18,3,speech,4,sad,strong,dogsdoor,1,18,female,True,48000,4.137479166666667,1,PCM_16,
../data/Actor_18/03-01-04-02-02-02-18.wav,03-01-04-02-02-02-18,3,speech,4,sad,strong,dogsdoor,2,18,female,True,48000,3.8371666666666666,1,PCM_16,
../data/Actor_18/03-01-05-01-01-01-18.wav,03-01-05-01-01-01-18,3,speech,5,angry,normal,kidsdoor,1,18,female,True,48000,3.9038958333333333,1,PCM_16,
../data/Actor_18/03-01-05-01-01-02-18.wav,03-01-05-01-01-02-18,3,speech,5,angry,normal,kidsdoor,2,18,female,True,48000,4.170833333333333,1,PCM_16,
../data/Actor_18/03-01-05-01-02-01-18.wav,03-01-05-01-02-01-18,3,speech,5,angry,normal,dogsdoor,1,18,female,True,48000,3.5702291666666666,1,PCM_16,
../data/Actor_18/03-01-05-01-02-02-18.wav,03-01-05-01-02-02-18,3,speech,5,angry,normal,dogsdoor,2,18,female,True,48000,3.636979166666667,1,PCM_16,
../data/Actor_18/03-01-05-02-01-01-18.wav,03-01-05-02-01-01-18,3,speech,5,angry,strong,kidsdoor,1,18,female,True,48000,3.703708333333333,1,PCM_16,
../data/Actor_18/03-01-05-02-01-02-18.wav,03-01-05-02-01-02-18,3,speech,5,angry,strong,kidsdoor,2,18,female,True,48000,3.7704375,1,PCM_16,
../data/Actor_18/03-01-05-02-02-01-18.wav,03-01-05-02-02-01-18,3,speech,5,angry,strong,dogsdoor,1,18,female,True,48000,3.8371666666666666,1,PCM_16,
../data/Actor_18/03-01-05-02-02-02-18.wav,03-01-05-02-02-02-18,3,speech,5,angry,strong,dogsdoor,2,18,female,True,48000,4.2375625,1,PCM_16,
../data/Actor_18/03-01-06-01-01-01-18.wav,03-01-06-01-01-01-18,3,speech,6,fearful,normal,kidsdoor,1,18,female,True,48000,3.4367708333333336,1,PCM_16,
../data/Actor_18/03-01-06-01-01-02-18.wav,03-01-06-01-01-02-18,3,speech,6,fearful,normal,kidsdoor,2,18,female,True,48000,3.403395833333333,1,PCM_16,
../data/Actor_18/03-01-06-01-02-01-18.wav,03-01-06-01-02-01-18,3,speech,6,fearful,normal,dogsdoor,1,18,female,True,48000,3.470125,1,PCM_16,
../data/Actor_18/03-01-06-01-02-02-18.wav,03-01-06-01-02-02-18,3,speech,6,fearful,normal,dogsdoor,2,18,female,True,48000,3.4701458333333335,1,PCM_16,
../data/Actor_18/03-01-06-02-01-01-18.wav,03-01-06-02-01-01-18,3,speech,6,fearful,strong,kidsdoor,1,18,female,True,48000,3.7370833333333335,1,PCM_16,
../data/Actor_18/03-01-06-02-01-02-18.wav,03-01-06-02-01-02-18,3,speech,6,fearful,strong,kidsdoor,2,18,female,True,48000,4.170833333333333,1,PCM_16,
../data/Actor_18/03-01-06-02-02-01-18.wav,03-01-06-02-02-01-18,3,speech,6,fearful,strong,dogsdoor,1,18,female,True,48000,3.8038125,1,PCM_16,
../data/Actor_18/03-01-06-02-02-02-18.wav,03-01-06-02-02-02-18,3,speech,6,fearful,strong,dogsdoor,2,18,female,True,48000,3.8037916666666667,1,PCM_16,
../data/Actor_18/03-01-07-01-01-01-18.wav,03-01-07-01-01-01-18,3,speech,7,disgust,normal,kidsdoor,1,18,female,True,48000,4.3043125,1,PCM_16,
../data/Actor_18/03-01-07-01-01-02-18.wav,03-01-07-01-01-02-18,3,speech,7,disgust,normal,kidsdoor,2,18,female,True,48000,4.07075,1,PCM_16,
../data/Actor_18/03-01-07-01-02-01-18.wav,03-01-07-01-02-01-18,3,speech,7,disgust,normal,dogsdoor,1,18,female,True,48000,3.6703333333333332,1,PCM_16,
../data/Actor_18/03-01-07-01-02-02-18.wav,03-01-07-01-02-02-18,3,speech,7,disgust,normal,dogsdoor,2,18,female,True,48000,4.371041666666667,1,PCM_16,
../data/Actor_18/03-01-07-02-01-01-18.wav,03-01-07-02-01-01-18,3,speech,7,disgust,strong,kidsdoor,1,18,female,True,48000,4.771416666666667,1,PCM_16,
../data/Actor_18/03-01-07-02-01-02-18.wav,03-01-07-02-01-02-18,3,speech,7,disgust,strong,kidsdoor,2,18,female,True,48000,4.471145833333333,1,PCM_16,
../data/Actor_18/03-01-07-02-02-01-18.wav,03-01-07-02-02-01-18,3,speech,7,disgust,strong,dogsdoor,1,18,female,True,48000,4.637958333333334,1,PCM_16,
../data/Actor_18/03-01-07-02-02-02-18.wav,03-01-07-02-02-02-18,3,speech,7,disgust,strong,dogsdoor,2,18,female,True,48000,4.571229166666667,1,PCM_16,
../data/Actor_18/03-01-08-01-01-01-18.wav,03-01-08-01-01-01-18,3,speech,8,surprised,normal,kidsdoor,1,18,female,True,48000,3.3700208333333332,1,PCM_16,
../data/Actor_18/03-01-08-01-01-02-18.wav,03-01-08-01-01-02-18,3,speech,8,surprised,normal,kidsdoor,2,18,female,True,48000,3.5035,1,PCM_16,
../data/Actor_18/03-01-08-01-02-01-18.wav,03-01-08-01-02-01-18,3,speech,8,surprised,normal,dogsdoor,1,18,female,True,48000,3.5035,1,PCM_16,
../data/Actor_18/03-01-08-01-02-02-18.wav,03-01-08-01-02-02-18,3,speech,8,surprised,normal,dogsdoor,2,18,female,True,48000,3.5035,1,PCM_16,
../data/Actor_18/03-01-08-02-01-01-18.wav,03-01-08-02-01-01-18,3,speech,8,surprised,strong,kidsdoor,1,18,female,True,48000,3.636979166666667,1,PCM_16,
../data/Actor_18/03-01-08-02-01-02-18.wav,03-01-08-02-01-02-18,3,speech,8,surprised,strong,kidsdoor,2,18,female,True,48000,3.536875,1,PCM_16,
../data/Actor_18/03-01-08-02-02-01-18.wav,03-01-08-02-02-01-18,3,speech,8,surprised,strong,dogsdoor,1,18,female,True,48000,3.8705416666666665,1,PCM_16,
../data/Actor_18/03-01-08-02-02-02-18.wav,03-01-08-02-02-02-18,3,speech,8,surprised,strong,dogsdoor,2,18,female,True,48000,3.6369583333333333,1,PCM_16,
../data/Actor_19/03-01-01-01-01-01-19.wav,03-01-01-01-01-01-19,3,speech,1,neutral,normal,kidsdoor,1,19,male,True,48000,3.370041666666667,1,PCM_16,
../data/Actor_19/03-01-01-01-01-02-19.wav,03-01-01-01-01-02-19,3,speech,1,neutral,normal,kidsdoor,2,19,male,True,48000,3.2365625,1,PCM_16,
../data/Actor_19/03-01-01-01-02-01-19.wav,03-01-01-01-02-01-19,3,speech,1,neutral,normal,dogsdoor,1,19,male,True,48000,3.3366666666666664,1,PCM_16,
../data/Actor_19/03-01-01-01-02-02-19.wav,03-01-01-01-02-02-19,3,speech,1,neutral,normal,dogsdoor,2,19,male,True,48000,3.3032916666666665,1,PCM_16,
../data/Actor_19/03-01-02-01-01-01-19.wav,03-01-02-01-01-01-19,3,speech,2,calm,normal,kidsdoor,1,19,male,True,48000,3.6703333333333332,1,PCM_16,
../data/Actor_19/03-01-02-01-01-02-19.wav,03-01-02-01-01-02-19,3,speech,2,calm,normal,kidsdoor,2,19,male,True,48000,3.6703333333333332,1,PCM_16,
../data/Actor_19/03-01-02-01-02-01-19.wav,03-01-02-01-02-01-19,3,speech,2,calm,normal,dogsdoor,1,19,male,True,48000,3.3366666666666664,1,PCM_16,
../data/Actor_19/03-01-02-01-02-02-19.wav,03-01-02-01-02-02-19,3,speech,2,calm,normal,dogsdoor,2,19,male,True,48000,3.470125,1,PCM_16,
../data/Actor_19/03-01-02-02-01-01-19.wav,03-01-02-02-01-01-19,3,speech,2,calm,strong,kidsdoor,1,19,male,True,48000,4.471145833333333,1,PCM_16,
../data/Actor_19/03-01-02-02-01-02-19.wav,03-01-02-02-01-02-19,3,speech,2,calm,strong,kidsdoor,2,19,male,True,48000,4.037375,1,PCM_16,
../data/Actor_19/03-01-02-02-02-01-19.wav,03-01-02-02-02-01-19,3,speech,2,calm,strong,dogsdoor,1,19,male,True,48000,4.604604166666666,1,PCM_16,
../data/Actor_19/03-01-02-02-02-02-19.wav,03-01-02-02-02-02-19,3,speech,2,calm,strong,dogsdoor,2,19,male,True,48000,4.304291666666667,1,PCM_16,
../data/Actor_19/03-01-03-01-01-01-19.wav,03-01-03-01-01-01-19,3,speech,3,happy,normal,kidsdoor,1,19,male,True,48000,3.6369583333333333,1,PCM_16,
../data/Actor_19/03-01-03-01-01-02-19.wav,03-01-03-01-01-02-19,3,speech,3,happy,normal,kidsdoor,2,19,male,True,48000,3.703708333333333,1,PCM_16,
../data/Actor_19/03-01-03-01-02-01-19.wav,03-01-03-01-02-01-19,3,speech,3,happy,normal,dogsdoor,1,19,male,True,48000,3.2699375,1,PCM_16,
../data/Actor_19/03-01-03-01-02-02-19.wav,03-01-03-01-02-02-19,3,speech,3,happy,normal,dogsdoor,2,19,male,True,48000,3.3033125,1,PCM_16,
../data/Actor_19/03-01-03-02-01-01-19.wav,03-01-03-02-01-01-19,3,speech,3,happy,strong,kidsdoor,1,19,male,True,48000,3.7704375,1,PCM_16,
../data/Actor_19/03-01-03-02-01-02-19.wav,03-01-03-02-01-02-19,3,speech,3,happy,strong,kidsdoor,2,19,male,True,48000,3.8037916666666667,1,PCM_16,
../data/Actor_19/03-01-03-02-02-01-19.wav,03-01-03-02-02-01-19,3,speech,3,happy,strong,dogsdoor,1,19,male,True,48000,4.404395833333333,1,PCM_16,
../data/Actor_19/03-01-03-02-02-02-19.wav,03-01-03-02-02-02-19,3,speech,3,happy,strong,dogsdoor,2,19,male,True,48000,4.004,1,PCM_16,
../data/Actor_19/03-01-04-01-01-01-19.wav,03-01-04-01-01-01-19,3,speech,4,sad,normal,kidsdoor,1,19,male,True,48000,3.4367708333333336,1,PCM_16,
../data/Actor_19/03-01-04-01-01-02-19.wav,03-01-04-01-01-02-19,3,speech,4,sad,normal,kidsdoor,2,19,male,True,48000,3.6703333333333332,1,PCM_16,
../data/Actor_19/03-01-04-01-02-01-19.wav,03-01-04-01-02-01-19,3,speech,4,sad,normal,dogsdoor,1,19,male,True,48000,3.1698333333333335,1,PCM_16,
../data/Actor_19/03-01-04-01-02-02-19.wav,03-01-04-01-02-02-19,3,speech,4,sad,normal,dogsdoor,2,19,male,True,48000,3.6703333333333332,1,PCM_16,
../data/Actor_19/03-01-04-02-01-01-19.wav,03-01-04-02-01-01-19,3,speech,4,sad,strong,kidsdoor,1,19,male,True,48000,4.004,1,PCM_16,
../data/Actor_19/03-01-04-02-01-02-19.wav,03-01-04-02-01-02-19,3,speech,4,sad,strong,kidsdoor,2,19,male,True,48000,3.703708333333333,1,PCM_16,
../data/Actor_19/03-01-04-02-02-01-19.wav,03-01-04-02-02-01-19,3,speech,4,sad,strong,dogsdoor,1,19,male,True,48000,3.4034166666666668,1,PCM_16,
../data/Actor_19/03-01-04-02-02-02-19.wav,03-01-04-02-02-02-19,3,speech,4,sad,strong,dogsdoor,2,19,male,True,48000,3.7370833333333335,1,PCM_16,
../data/Actor_19/03-01-05-01-01-01-19.wav,03-01-05-01-01-01-19,3,speech,5,angry,normal,kidsdoor,1,19,male,True,48000,3.7704375,1,PCM_16,
../data/Actor_19/03-01-05-01-01-02-19.wav,03-01-05-01-01-02-19,3,speech,5,angry,normal,kidsdoor,2,19,male,True,48000,3.703708333333333,1,PCM_16,
../data/Actor_19/03-01-05-01-02-01-19.wav,03-01-05-01-02-01-19,3,speech,5,angry,normal,dogsdoor,1,19,male,True,48000,3.3033125,1,PCM_16,
../data/Actor_19/03-01-05-01-02-02-19.wav,03-01-05-01-02-02-19,3,speech,5,angry,normal,dogsdoor,2,19,male,True,48000,3.5702291666666666,1,PCM_16,
../data/Actor_19/03-01-05-02-01-01-19.wav,03-01-05-02-01-01-19,3,speech,5,angry,strong,kidsdoor,1,19,male,True,48000,3.970645833333333,1,PCM_16,
../data/Actor_19/03-01-05-02-01-02-19.wav,03-01-05-02-01-02-19,3,speech,5,angry,strong,kidsdoor,2,19,male,True,48000,4.804791666666667,1,PCM_16,
../data/Actor_19/03-01-05-02-02-01-19.wav,03-01-05-02-02-01-19,3,speech,5,angry,strong,dogsdoor,1,19,male,True,48000,4.337666666666666,1,PCM_16,
../data/Actor_19/03-01-05-02-02-02-19.wav,03-01-05-02-02-02-19,3,speech,5,angry,strong,dogsdoor,2,19,male,True,48000,4.104104166666667,1,PCM_16,
../data/Actor_19/03-01-06-01-01-01-19.wav,03-01-06-01-01-01-19,3,speech,6,fearful,normal,kidsdoor,1,19,male,True,48000,3.7036875,1,PCM_16,
../data/Actor_19/03-01-06-01-01-02-19.wav,03-01-06-01-01-02-19,3,speech,6,fearful,normal,kidsdoor,2,19,male,True,48000,3.5035,1,PCM_16,
../data/Actor_19/03-01-06-01-02-01-19.wav,03-01-06-01-02-01-19,3,speech,6,fearful,normal,dogsdoor,1,19,male,True,48000,3.7704375,1,PCM_16,
../data/Actor_19/03-01-06-01-02-02-19.wav,03-01-06-01-02-02-19,3,speech,6,fearful,normal,dogsdoor,2,19,male,True,48000,3.536875,1,PCM_16,
../data/Actor_19/03-01-06-02-01-01-19.wav,03-01-06-02-01-01-19,3,speech,6,fearful,strong,kidsdoor,1,19,male,True,48000,3.8371666666666666,1,PCM_16,
../data/Actor_19/03-01-06-02-01-02-19.wav,03-01-06-02-01-02-19,3,speech,6,fearful,strong,kidsdoor,2,19,male,True,48000,4.371020833333334,1,PCM_16,
../data/Actor_19/03-01-06-02-02-01-19.wav,03-01-06-02-02-01-19,3,speech,6,fearful,strong,dogsdoor,1,19,male,True,48000,3.5702291666666666,1,PCM_16,
../data/Actor_19/03-01-06-02-02-02-19.wav,03-01-06-02-02-02-19,3,speech,6,fearful,strong,dogsdoor,2,19,male,True,48000,4.037354166666667,1,PCM_16,
../data/Actor_19/03-01-07-01-01-01-19.wav,03-01-07-01-01-01-19,3,speech,7,disgust,normal,kidsdoor,1,19,male,True,48000,4.3043125,1,PCM_16,
../data/Actor_19/03-01-07-01-01-02-19.wav,03-01-07-01-01-02-19,3,speech,7,disgust,normal,kidsdoor,2,19,male,True,48000,4.838166666666667,1,PCM_16,
../data/Actor_19/03-01-07-01-02-01-19.wav,03-01-07-01-02-01-19,3,speech,7,disgust,normal,dogsdoor,1,19,male,True,48000,4.170833333333333,1,PCM_16,
../data/Actor_19/03-01-07-01-02-02-19.wav,03-01-07-01-02-02-19,3,speech,7,disgust,normal,dogsdoor,2,19,male,True,48000,3.9372708333333333,1,PCM_16,
../data/Actor_19/03-01-07-02-01-01-19.wav,03-01-07-02-01-01-19,3,speech,7,disgust,strong,kidsdoor,1,19,male,True,48000,4.8048125,1,PCM_16,
../data/Actor_19/03-01-07-02-01-02-19.wav,03-01-07-02-01-02-19,3,speech,7,disgust,strong,kidsdoor,2,19,male,True,48000,5.2719375,1,PCM_16,
../data/Actor_19/03-01-07-02-02-01-19.wav,03-01-07-02-02-01-19,3,speech,7,disgust,strong,dogsdoor,1,19,male,True,48000,4.904895833333334,1,PCM_16,
../data/Actor_19/03-01-07-02-02-02-19.wav,03-01-07-02-02-02-19,3,speech,7,disgust,strong,dogsdoor,2,19,male,True,48000,4.938270833333333,1,PCM_16,
../data/Actor_19/03-01-08-01-01-01-19.wav,03-01-08-01-01-01-19,3,speech,8,surprised,normal,kidsdoor,1,19,male,True,48000,3.7370625,1,PCM_16,
../data/Actor_19/03-01-08-01-01-02-19.wav,03-01-08-01-01-02-19,3,speech,8,surprised,normal,kidsdoor,2,19,male,True,48000,3.5368541666666666,1,PCM_16,
../data/Actor_19/03-01-08-01-02-01-19.wav,03-01-08-01-02-01-19,3,speech,8,surprised,normal,dogsdoor,1,19,male,True,48000,4.1040833333333335,1,PCM_16,
../data/Actor_19/03-01-08-01-02-02-19.wav,03-01-08-01-02-02-19,3,speech,8,surprised,normal,dogsdoor,2,19,male,True,48000,3.06975,1,PCM_16,
../data/Actor_19/03-01-08-02-01-01-19.wav,03-01-08-02-01-01-19,3,speech,8,surprised,strong,kidsdoor,1,19,male,True,48000,4.104104166666667,1,PCM_16,
../data/Actor_19/03-01-08-02-01-02-19.wav,03-01-08-02-01-02-19,3,speech,8,surprised,strong,kidsdoor,2,19,male,True,48000,4.637979166666667,1,PCM_16,
../data/Actor_19/03-01-08-02-02-01-19.wav,03-01-08-02-02-01-19,3,speech,8,surprised,strong,dogsdoor,1,19,male,True,48000,3.2365833333333334,1,PCM_16,
../data/Actor_19/03-01-08-02-02-02-19.wav,03-01-08-02-02-02-19,3,speech,8,surprised,strong,dogsdoor,2,19,male,True,48000,3.2699375,1,PCM_16,
../data/Actor_19/03-02-01-01-01-01-19.wav,03-02-01-01-01-01-19,3,song,1,neutral,normal,kidsdoor,1,19,male,True,48000,4.537875,1,PCM_16,
../data/Actor_19/03-02-01-01-01-02-19.wav,03-02-01-01-01-02-19,3,song,1,neutral,normal,kidsdoor,2,19,male,True,48000,4.337666666666666,1,PCM_16,
../data/Actor_19/03-02-01-01-02-01-19.wav,03-02-01-01-02-01-19,3,song,1,neutral,normal,dogsdoor,1,19,male,True,48000,4.304291666666667,1,PCM_16,
../data/Actor_19/03-02-01-01-02-02-19.wav,03-02-01-01-02-02-19,3,song,1,neutral,normal,dogsdoor,2,19,male,True,48000,4.471145833333333,1,PCM_16,
../data/Actor_19/03-02-02-01-01-01-19.wav,03-02-02-01-01-01-19,3,song,2,calm,normal,kidsdoor,1,19,male,True,48000,4.5045,1,PCM_16,
../data/Actor_19/03-02-02-01-01-02-19.wav,03-02-02-01-01-02-19,3,song,2,calm,normal,kidsdoor,2,19,male,True,48000,4.337666666666666,1,PCM_16,
../data/Actor_19/03-02-02-01-02-01-19.wav,03-02-02-01-02-01-19,3,song,2,calm,normal,dogsdoor,1,19,male,True,48000,4.571229166666667,1,PCM_16,
../data/Actor_19/03-02-02-01-02-02-19.wav,03-02-02-01-02-02-19,3,song,2,calm,normal,dogsdoor,2,19,male,True,48000,4.170833333333333,1,PCM_16,
../data/Actor_19/03-02-02-02-01-01-19.wav,03-02-02-02-01-01-19,3,song,2,calm,strong,kidsdoor,1,19,male,True,48000,4.8048125,1,PCM_16,
../data/Actor_19/03-02-02-02-01-02-19.wav,03-02-02-02-01-02-19,3,song,2,calm,strong,kidsdoor,2,19,male,True,48000,5.005,1,PCM_16,
../data/Actor_19/03-02-02-02-02-01-19.wav,03-02-02-02-02-01-19,3,song,2,calm,strong,dogsdoor,1,19,male,True,48000,4.938270833333333,1,PCM_16,
../data/Actor_19/03-02-02-02-02-02-19.wav,03-02-02-02-02-02-19,3,song,2,calm,strong,dogsdoor,2,19,male,True,48000,4.8048125,1,PCM_16,
../data/Actor_19/03-02-03-01-01-01-19.wav,03-02-03-01-01-01-19,3,song,3,happy,normal,kidsdoor,1,19,male,True,48000,4.604604166666666,1,PCM_16,
../data/Actor_19/03-02-03-01-01-02-19.wav,03-02-03-01-01-02-19,3,song,3,happy,normal,kidsdoor,2,19,male,True,48000,4.5378541666666665,1,PCM_16,
../data/Actor_19/03-02-03-01-02-01-19.wav,03-02-03-01-02-01-19,3,song,3,happy,normal,dogsdoor,1,19,male,True,48000,4.471145833333333,1,PCM_16,
../data/Actor_19/03-02-03-01-02-02-19.wav,03-02-03-01-02-02-19,3,song,3,happy,normal,dogsdoor,2,19,male,True,48000,4.437770833333333,1,PCM_16,
../data/Actor_19/03-02-03-02-01-01-19.wav,03-02-03-02-01-01-19,3,song,3,happy,strong,kidsdoor,1,19,male,True,48000,4.371041666666667,1,PCM_16,
../data/Actor_19/03-02-03-02-01-02-19.wav,03-02-03-02-01-02-19,3,song,3,happy,strong,kidsdoor,2,19,male,True,48000,4.404395833333333,1,PCM_16,
../data/Actor_19/03-02-03-02-02-01-19.wav,03-02-03-02-02-01-19,3,song,3,happy,strong,dogsdoor,1,19,male,True,48000,4.170833333333333,1,PCM_16,
../data/Actor_19/03-02-03-02-02-02-19.wav,03-02-03-02-02-02-19,3,song,3,happy,strong,dogsdoor,2,19,male,True,48000,4.5045,1,PCM_16,
../data/Actor_19/03-02-04-01-01-01-19.wav,03-02-04-01-01-01-19,3,song,4,sad,normal,kidsdoor,1,19,male,True,48000,4.738083333333333,1,PCM_16,
../data/Actor_19/03-02-04-01-01-02-19.wav,03-02-04-01-01-02-19,3,song,4,sad,normal,kidsdoor,2,19,male,True,48000,4.671333333333333,1,PCM_16,
../data/Actor_19/03-02-04-01-02-01-19.wav,03-02-04-01-02-01-19,3,song,4,sad,normal,dogsdoor,1,19,male,True,48000,5.038375,1,PCM_16,
../data/Actor_19/03-02-04-01-02-02-19.wav,03-02-04-01-02-02-19,3,song,4,sad,normal,dogsdoor,2,19,male,True,48000,4.7380625,1,PCM_16,
../data/Actor_19/03-02-04-02-01-01-19.wav,03-02-04-02-01-01-19,3,song,4,sad,strong,kidsdoor,1,19,male,True,48000,4.537875,1,PCM_16,
../data/Actor_19/03-02-04-02-01-02-19.wav,03-02-04-02-01-02-19,3,song,4,sad,strong,kidsdoor,2,19,male,True,48000,4.604604166666666,1,PCM_16,
../data/Actor_19/03-02-04-02-02-01-19.wav,03-02-04-02-02-01-19,3,song,4,sad,strong,dogsdoor,1,19,male,True,48000,5.4054166666666665,1,PCM_16,
../data/Actor_19/03-02-04-02-02-02-19.wav,03-02-04-02-02-02-19,3,song,4,sad,strong,dogsdoor,2,19,male,True,48000,4.604583333333333,1,PCM_16,
../data/Actor_19/03-02-05-01-01-01-19.wav,03-02-05-01-01-01-19,3,song,5,angry,normal,kidsdoor,1,19,male,True,48000,4.537875,1,PCM_16,
../data/Actor_19/03-02-05-01-01-02-19.wav,03-02-05-01-01-02-19,3,song,5,angry,normal,kidsdoor,2,19,male,True,48000,4.671333333333333,1,PCM_16,
../data/Actor_19/03-02-05-01-02-01-19.wav,03-02-05-01-02-01-19,3,song,5,angry,normal,dogsdoor,1,19,male,True,48000,4.57125,1,PCM_16,
../data/Actor_19/03-02-05-01-02-02-19.wav,03-02-05-01-02-02-19,3,song,5,angry,normal,dogsdoor,2,19,male,True,48000,4.5378541666666665,1,PCM_16,
../data/Actor_19/03-02-05-02-01-01-19.wav,03-02-05-02-01-01-19,3,song,5,angry,strong,kidsdoor,1,19,male,True,48000,4.7047083333333335,1,PCM_16,
../data/Actor_19/03-02-05-02-01-02-19.wav,03-02-05-02-01-02-19,3,song,5,angry,strong,kidsdoor,2,19,male,True,48000,5.071729166666667,1,PCM_16,
../data/Actor_19/03-02-05-02-02-01-19.wav,03-02-05-02-02-01-19,3,song,5,angry,strong,dogsdoor,1,19,male,True,48000,5.3053125,1,PCM_16,
../data/Actor_19/03-02-05-02-02-02-19.wav,03-02-05-02-02-02-19,3,song,5,angry,strong,dogsdoor,2,19,male,True,48000,5.472125,1,PCM_16,
../data/Actor_19/03-02-06-01-01-01-19.wav,03-02-06-01-01-01-19,3,song,6,fearful,normal,kidsdoor,1,19,male,True,48000,4.437770833333333,1,PCM_16,
../data/Actor_19/03-02-06-01-01-02-19.wav,03-02-06-01-01-02-19,3,song,6,fearful,normal,kidsdoor,2,19,male,True,48000,4.471125,1,PCM_16,
../data/Actor_19/03-02-06-01-02-01-19.wav,03-02-06-01-02-01-19,3,song,6,fearful,normal,dogsdoor,1,19,male,True,48000,4.604583333333333,1,PCM_16,
../data/Actor_19/03-02-06-01-02-02-19.wav,03-02-06-01-02-02-19,3,song,6,fearful,normal,dogsdoor,2,19,male,True,48000,4.471125,1,PCM_16,
../data/Actor_19/03-02-06-02-01-01-19.wav,03-02-06-02-01-01-19,3,song,6,fearful,strong,kidsdoor,1,19,male,True,48000,4.471125,1,PCM_16,
../data/Actor_19/03-02-06-02-01-02-19.wav,03-02-06-02-01-02-19,3,song,6,fearful,strong,kidsdoor,2,19,male,True,48000,4.3043125,1,PCM_16,
../data/Actor_19/03-02-06-02-02-01-19.wav,03-02-06-02-02-01-19,3,song,6,fearful,strong,dogsdoor,1,19,male,True,48000,4.571229166666667,1,PCM_16,
../data/Actor_19/03-02-06-02-02-02-19.wav,03-02-06-02-02-02-19,3,song,6,fearful,strong,dogsdoor,2,19,male,True,48000,4.437770833333333,1,PCM_16,
../data/Actor_20/03-01-01-01-01-01-20.wav,03-01-01-01-01-01-20,3,speech,1,neutral,normal,kidsdoor,1,20,female,True,48000,3.470125,1,PCM_16,
../data/Actor_20/03-01-01-01-01-02-20.wav,03-01-01-01-01-02-20,3,speech,1,neutral,normal,kidsdoor,2,20,female,True,48000,3.5702291666666666,1,PCM_16,
../data/Actor_20/03-01-01-01-02-01-20.wav,03-01-01-01-02-01-20,3,speech,1,neutral,normal,dogsdoor,1,20,female,True,48000,3.4367708333333336,1,PCM_16,
../data/Actor_20/03-01-01-01-02-02-20.wav,03-01-01-01-02-02-20,3,speech,1,neutral,normal,dogsdoor,2,20,female,True,48000,3.536875,1,PCM_16,
../data/Actor_20/03-01-02-01-01-01-20.wav,03-01-02-01-01-01-20,3,speech,2,calm,normal,kidsdoor,1,20,female,True,48000,3.6369583333333333,1,PCM_16,
../data/Actor_20/03-01-02-01-01-02-20.wav,03-01-02-01-01-02-20,3,speech,2,calm,normal,kidsdoor,2,20,female,True,48000,3.5702291666666666,1,PCM_16,
../data/Actor_20/03-01-02-01-02-01-20.wav,03-01-02-01-02-01-20,3,speech,2,calm,normal,dogsdoor,1,20,female,True,48000,3.3366666666666664,1,PCM_16,
../data/Actor_20/03-01-02-01-02-02-20.wav,03-01-02-01-02-02-20,3,speech,2,calm,normal,dogsdoor,2,20,female,True,48000,3.5035,1,PCM_16,
../data/Actor_20/03-01-02-02-01-01-20.wav,03-01-02-02-01-01-20,3,speech,2,calm,strong,kidsdoor,1,20,female,True,48000,3.8705416666666665,1,PCM_16,
../data/Actor_20/03-01-02-02-01-02-20.wav,03-01-02-02-01-02-20,3,speech,2,calm,strong,kidsdoor,2,20,female,True,48000,4.07075,1,PCM_16,
../data/Actor_20/03-01-02-02-02-01-20.wav,03-01-02-02-02-01-20,3,speech,2,calm,strong,dogsdoor,1,20,female,True,48000,3.6369583333333333,1,PCM_16,
../data/Actor_20/03-01-02-02-02-02-20.wav,03-01-02-02-02-02-20,3,speech,2,calm,strong,dogsdoor,2,20,female,True,48000,3.636979166666667,1,PCM_16,
../data/Actor_20/03-01-03-01-01-01-20.wav,03-01-03-01-01-01-20,3,speech,3,happy,normal,kidsdoor,1,20,female,True,48000,3.536875,1,PCM_16,
../data/Actor_20/03-01-03-01-01-02-20.wav,03-01-03-01-01-02-20,3,speech,3,happy,normal,kidsdoor,2,20,female,True,48000,3.7036875,1,PCM_16,
../data/Actor_20/03-01-03-01-02-01-20.wav,03-01-03-01-02-01-20,3,speech,3,happy,normal,dogsdoor,1,20,female,True,48000,3.470125,2,PCM_16,
../data/Actor_20/03-01-03-01-02-02-20.wav,03-01-03-01-02-02-20,3,speech,3,happy,normal,dogsdoor,2,20,female,True,48000,3.403395833333333,1,PCM_16,
../data/Actor_20/03-01-03-02-01-01-20.wav,03-01-03-02-01-01-20,3,speech,3,happy,strong,kidsdoor,1,20,female,True,48000,3.6703333333333332,1,PCM_16,
../data/Actor_20/03-01-03-02-01-02-20.wav,03-01-03-02-01-02-20,3,speech,3,happy,strong,kidsdoor,2,20,female,True,48000,4.304291666666667,1,PCM_16,
../data/Actor_20/03-01-03-02-02-01-20.wav,03-01-03-02-02-01-20,3,speech,3,happy,strong,dogsdoor,1,20,female,True,48000,3.57025,1,PCM_16,
../data/Actor_20/03-01-03-02-02-02-20.wav,03-01-03-02-02-02-20,3,speech,3,happy,strong,dogsdoor,2,20,female,True,48000,3.703708333333333,1,PCM_16,
../data/Actor_20/03-01-04-01-01-01-20.wav,03-01-04-01-01-01-20,3,speech,4,sad,normal,kidsdoor,1,20,female,True,48000,3.6035833333333334,1,PCM_16,
../data/Actor_20/03-01-04-01-01-02-20.wav,03-01-04-01-01-02-20,3,speech,4,sad,normal,kidsdoor,2,20,female,True,48000,3.5035,1,PCM_16,
../data/Actor_20/03-01-04-01-02-01-20.wav,03-01-04-01-02-01-20,3,speech,4,sad,normal,dogsdoor,1,20,female,True,48000,3.470125,1,PCM_16,
../data/Actor_20/03-01-04-01-02-02-20.wav,03-01-04-01-02-02-20,3,speech,4,sad,normal,dogsdoor,2,20,female,True,48000,3.370041666666667,1,PCM_16,
../data/Actor_20/03-01-04-02-01-01-20.wav,03-01-04-02-01-01-20,3,speech,4,sad,strong,kidsdoor,1,20,female,True,48000,3.7704375,1,PCM_16,
../data/Actor_20/03-01-04-02-01-02-20.wav,03-01-04-02-01-02-20,3,speech,4,sad,strong,kidsdoor,2,20,female,True,48000,4.2375625,1,PCM_16,
../data/Actor_20/03-01-04-02-02-01-20.wav,03-01-04-02-02-01-20,3,speech,4,sad,strong,dogsdoor,1,20,female,True,48000,3.8038125,1,PCM_16,
../data/Actor_20/03-01-04-02-02-02-20.wav,03-01-04-02-02-02-20,3,speech,4,sad,strong,dogsdoor,2,20,female,True,48000,3.970625,1,PCM_16,
../data/Actor_20/03-01-05-01-01-01-20.wav,03-01-05-01-01-01-20,3,speech,5,angry,normal,kidsdoor,1,20,female,True,48000,3.2365833333333334,1,PCM_16,
../data/Actor_20/03-01-05-01-01-02-20.wav,03-01-05-01-01-02-20,3,speech,5,angry,normal,kidsdoor,2,20,female,True,48000,3.7370625,1,PCM_16,
../data/Actor_20/03-01-05-01-02-01-20.wav,03-01-05-01-02-01-20,3,speech,5,angry,normal,dogsdoor,1,20,female,True,48000,3.6703333333333332,1,PCM_16,
../data/Actor_20/03-01-05-01-02-02-20.wav,03-01-05-01-02-02-20,3,speech,5,angry,normal,dogsdoor,2,20,female,True,48000,3.8037916666666667,1,PCM_16,
../data/Actor_20/03-01-05-02-01-01-20.wav,03-01-05-02-01-01-20,3,speech,5,angry,strong,kidsdoor,1,20,female,True,48000,4.137479166666667,1,PCM_16,
../data/Actor_20/03-01-05-02-01-02-20.wav,03-01-05-02-01-02-20,3,speech,5,angry,strong,kidsdoor,2,20,female,True,48000,4.070729166666666,1,PCM_16,
../data/Actor_20/03-01-05-02-02-01-20.wav,03-01-05-02-02-01-20,3,speech,5,angry,strong,dogsdoor,1,20,female,True,48000,4.404416666666667,1,PCM_16,
../data/Actor_20/03-01-05-02-02-02-20.wav,03-01-05-02-02-02-20,3,speech,5,angry,strong,dogsdoor,2,20,female,True,48000,3.5368541666666666,1,PCM_16,
../data/Actor_20/03-01-06-01-01-01-20.wav,03-01-06-01-01-01-20,3,speech,6,fearful,normal,kidsdoor,1,20,female,True,48000,3.8038125,1,PCM_16,
../data/Actor_20/03-01-06-01-01-02-20.wav,03-01-06-01-01-02-20,3,speech,6,fearful,normal,kidsdoor,2,20,female,True,48000,4.371020833333334,2,PCM_16,
../data/Actor_20/03-01-06-01-02-01-20.wav,03-01-06-01-02-01-20,3,speech,6,fearful,normal,dogsdoor,1,20,female,True,48000,3.9372708333333333,1,PCM_16,
../data/Actor_20/03-01-06-01-02-02-20.wav,03-01-06-01-02-02-20,3,speech,6,fearful,normal,dogsdoor,2,20,female,True,48000,3.3032916666666665,1,PCM_16,
../data/Actor_20/03-01-06-02-01-01-20.wav,03-01-06-02-01-01-20,3,speech,6,fearful,strong,kidsdoor,1,20,female,True,48000,4.2375625,1,PCM_16,
../data/Actor_20/03-01-06-02-01-02-20.wav,03-01-06-02-01-02-20,3,speech,6,fearful,strong,kidsdoor,2,20,female,True,48000,4.170833333333333,1,PCM_16,
../data/Actor_20/03-01-06-02-02-01-20.wav,03-01-06-02-02-01-20,3,speech,6,fearful,strong,dogsdoor,1,20,female,True,48000,3.8705416666666665,1,PCM_16,
../data/Actor_20/03-01-06-02-02-02-20.wav,03-01-06-02-02-02-20,3,speech,6,fearful,strong,dogsdoor,2,20,female,True,48000,3.9039166666666665,1,PCM_16,
../data/Actor_20/03-01-07-01-01-01-20.wav,03-01-07-01-01-01-20,3,speech,7,disgust,normal,kidsdoor,1,20,female,True,48000,3.8705208333333334,1,PCM_16,
../data/Actor_20/03-01-07-01-01-02-20.wav,03-01-07-01-01-02-20,3,speech,7,disgust,normal,kidsdoor,2,20,female,True,48000,3.7370625,1,PCM_16,
../data/Actor_20/03-01-07-01-02-01-20.wav,03-01-07-01-02-01-20,3,speech,7,disgust,normal,dogsdoor,1,20,female,True,48000,3.6369583333333333,1,PCM_16,
../data/Actor_20/03-01-07-01-02-02-20.wav,03-01-07-01-02-02-20,3,speech,7,disgust,normal,dogsdoor,2,20,female,True,48000,3.8371666666666666,1,PCM_16,
../data/Actor_20/03-01-07-02-01-01-20.wav,03-01-07-02-01-01-20,3,speech,7,disgust,strong,kidsdoor,1,20,female,True,48000,4.104104166666667,1,PCM_16,
../data/Actor_20/03-01-07-02-01-02-20.wav,03-01-07-02-01-02-20,3,speech,7,disgust,strong,kidsdoor,2,20,female,True,48000,4.1040833333333335,1,PCM_16,
../data/Actor_20/03-01-07-02-02-01-20.wav,03-01-07-02-02-01-20,3,speech,7,disgust,strong,dogsdoor,1,20,female,True,48000,4.7380625,1,PCM_16,
../data/Actor_20/03-01-07-02-02-02-20.wav,03-01-07-02-02-02-20,3,speech,7,disgust,strong,dogsdoor,2,20,female,True,48000,3.8705208333333334,1,PCM_16,
../data/Actor_20/03-01-08-01-01-01-20.wav,03-01-08-01-01-01-20,3,speech,8,surprised,normal,kidsdoor,1,20,female,True,48000,3.2365833333333334,1,PCM_16,
../data/Actor_20/03-01-08-01-01-02-20.wav,03-01-08-01-01-02-20,3,speech,8,surprised,normal,kidsdoor,2,20,female,True,48000,3.57025,1,PCM_16,
../data/Actor_20/03-01-08-01-02-01-20.wav,03-01-08-01-02-01-20,3,speech,8,surprised,normal,dogsdoor,1,20,female,True,48000,3.1364791666666667,1,PCM_16,
../data/Actor_20/03-01-08-01-02-02-20.wav,03-01-08-01-02-02-20,3,speech,8,surprised,normal,dogsdoor,2,20,female,True,48000,3.2031875,1,PCM_16,
../data/Actor_20/03-01-08-02-01-01-20.wav,03-01-08-02-01-01-20,3,speech,8,surprised,strong,kidsdoor,1,20,female,True,48000,3.7370625,1,PCM_16,
../data/Actor_20/03-01-08-02-01-02-20.wav,03-01-08-02-01-02-20,3,speech,8,surprised,strong,kidsdoor,2,20,female,True,48000,3.2365833333333334,1,PCM_16,
../data/Actor_20/03-01-08-02-02-01-20.wav,03-01-08-02-02-01-20,3,speech,8,surprised,strong,dogsdoor,1,20,female,True,48000,3.5368541666666666,1,PCM_16,
../data/Actor_20/03-01-08-02-02-02-20.wav,03-01-08-02-02-02-20,3,speech,8,surprised,strong,dogsdoor,2,20,female,True,48000,3.4367708333333336,1,PCM_16,
../data/Actor_20/03-02-01-01-01-01-20.wav,03-02-01-01-01-01-20,3,song,1,neutral,normal,kidsdoor,1,20,female,True,48000,4.8048125,1,PCM_16,
../data/Actor_20/03-02-01-01-01-02-20.wav,03-02-01-01-01-02-20,3,song,1,neutral,normal,kidsdoor,2,20,female,True,48000,4.671333333333333,1,PCM_16,
../data/Actor_20/03-02-01-01-02-01-20.wav,03-02-01-01-02-01-20,3,song,1,neutral,normal,dogsdoor,1,20,female,True,48000,4.7047083333333335,1,PCM_16,
../data/Actor_20/03-02-01-01-02-02-20.wav,03-02-01-01-02-02-20,3,song,1,neutral,normal,dogsdoor,2,20,female,True,48000,4.7047083333333335,1,PCM_16,
../data/Actor_20/03-02-02-01-01-01-20.wav,03-02-02-01-01-01-20,3,song,2,calm,normal,kidsdoor,1,20,female,True,48000,4.93825,1,PCM_16,
../data/Actor_20/03-02-02-01-01-02-20.wav,03-02-02-01-01-02-20,3,song,2,calm,normal,kidsdoor,2,20,female,True,48000,5.2385625,1,PCM_16,
../data/Actor_20/03-02-02-01-02-01-20.wav,03-02-02-01-02-01-20,3,song,2,calm,normal,dogsdoor,1,20,female,True,48000,4.971625,1,PCM_16,
../data/Actor_20/03-02-02-01-02-02-20.wav,03-02-02-01-02-02-20,3,song,2,calm,normal,dogsdoor,2,20,female,True,48000,5.105104166666667,1,PCM_16,
../data/Actor_20/03-02-02-02-01-01-20.wav,03-02-02-02-01-01-20,3,song,2,calm,strong,kidsdoor,1,20,female,True,48000,5.638958333333333,1,PCM_16,
../data/Actor_20/03-02-02-02-01-02-20.wav,03-02-02-02-01-02-20,3,song,2,calm,strong,kidsdoor,2,20,female,True,48000,5.372020833333333,1,PCM_16,
../data/Actor_20/03-02-02-02-02-01-20.wav,03-02-02-02-02-01-20,3,song,2,calm,strong,dogsdoor,1,20,female,True,48000,5.171833333333334,1,PCM_16,
../data/Actor_20/03-02-02-02-02-02-20.wav,03-02-02-02-02-02-20,3,song,2,calm,strong,dogsdoor,2,20,female,True,48000,5.372041666666667,1,PCM_16,
../data/Actor_20/03-02-03-01-01-01-20.wav,03-02-03-01-01-01-20,3,song,3,happy,normal,kidsdoor,1,20,female,True,48000,4.7380625,1,PCM_16,
../data/Actor_20/03-02-03-01-01-02-20.wav,03-02-03-01-01-02-20,3,song,3,happy,normal,kidsdoor,2,20,female,True,48000,4.471145833333333,1,PCM_16,
../data/Actor_20/03-02-03-01-02-01-20.wav,03-02-03-01-02-01-20,3,song,3,happy,normal,dogsdoor,1,20,female,True,48000,4.871541666666666,1,PCM_16,
../data/Actor_20/03-02-03-01-02-02-20.wav,03-02-03-01-02-02-20,3,song,3,happy,normal,dogsdoor,2,20,female,True,48000,4.838166666666667,1,PCM_16,
../data/Actor_20/03-02-03-02-01-01-20.wav,03-02-03-02-01-01-20,3,song,3,happy,strong,kidsdoor,1,20,female,True,48000,4.104104166666667,1,PCM_16,
../data/Actor_20/03-02-03-02-01-02-20.wav,03-02-03-02-01-02-20,3,song,3,happy,strong,kidsdoor,2,20,female,True,48000,4.337666666666666,1,PCM_16,
../data/Actor_20/03-02-03-02-02-01-20.wav,03-02-03-02-02-01-20,3,song,3,happy,strong,dogsdoor,1,20,female,True,48000,4.104104166666667,1,PCM_16,
../data/Actor_20/03-02-03-02-02-02-20.wav,03-02-03-02-02-02-20,3,song,3,happy,strong,dogsdoor,2,20,female,True,48000,4.471125,1,PCM_16,
../data/Actor_20/03-02-04-01-01-01-20.wav,03-02-04-01-01-01-20,3,song,4,sad,normal,kidsdoor,1,20,female,True,48000,5.105083333333333,1,PCM_16,
../data/Actor_20/03-02-04-01-01-02-20.wav,03-02-04-01-01-02-20,3,song,4,sad,normal,kidsdoor,2,20,female,True,48000,5.2719375,1,PCM_16,
../data/Actor_20/03-02-04-01-02-01-20.wav,03-02-04-01-02-01-20,3,song,4,sad,normal,dogsdoor,1,20,female,True,48000,4.938270833333333,1,PCM_16,
../data/Actor_20/03-02-04-01-02-02-20.wav,03-02-04-01-02-02-20,3,song,4,sad,normal,dogsdoor,2,20,female,True,48000,5.3053125,1,PCM_16,
../data/Actor_20/03-02-04-02-01-01-20.wav,03-02-04-02-01-01-20,3,song,4,sad,strong,kidsdoor,1,20,female,True,48000,5.338666666666667,1,PCM_16,
../data/Actor_20/03-02-04-02-01-02-20.wav,03-02-04-02-01-02-20,3,song,4,sad,strong,kidsdoor,2,20,female,True,48000,5.405395833333333,1,PCM_16,
../data/Actor_20/03-02-04-02-02-01-20.wav,03-02-04-02-02-01-20,3,song,4,sad,strong,dogsdoor,1,20,female,True,48000,5.538854166666667,1,PCM_16,
../data/Actor_20/03-02-04-02-02-02-20.wav,03-02-04-02-02-02-20,3,song,4,sad,strong,dogsdoor,2,20,female,True,48000,5.305291666666666,1,PCM_16,
../data/Actor_20/03-02-05-01-01-01-20.wav,03-02-05-01-01-01-20,3,song,5,angry,normal,kidsdoor,1,20,female,True,48000,4.7047083333333335,1,PCM_16,
../data/Actor_20/03-02-05-01-01-02-20.wav,03-02-05-01-01-02-20,3,song,5,angry,normal,kidsdoor,2,20,female,True,48000,5.005,1,PCM_16,
../data/Actor_20/03-02-05-01-02-01-20.wav,03-02-05-01-02-01-20,3,song,5,angry,normal,dogsdoor,1,20,female,True,48000,4.671333333333333,1,PCM_16,
../data/Actor_20/03-02-05-01-02-02-20.wav,03-02-05-01-02-02-20,3,song,5,angry,normal,dogsdoor,2,20,female,True,48000,4.671333333333333,1,PCM_16,
../data/Actor_20/03-02-05-02-01-01-20.wav,03-02-05-02-01-01-20,3,song,5,angry,strong,kidsdoor,1,20,female,True,48000,4.537875,1,PCM_16,
../data/Actor_20/03-02-05-02-01-02-20.wav,03-02-05-02-01-02-20,3,song,5,angry,strong,kidsdoor,2,20,female,True,48000,4.5378541666666665,1,PCM_16,
../data/Actor_20/03-02-05-02-02-01-20.wav,03-02-05-02-02-01-20,3,song,5,angry,strong,dogsdoor,1,20,female,True,48000,4.537875,1,PCM_16,
../data/Actor_20/03-02-05-02-02-02-20.wav,03-02-05-02-02-02-20,3,song,5,angry,strong,dogsdoor,2,20,female,True,48000,4.571229166666667,1,PCM_16,
../data/Actor_20/03-02-06-01-01-01-20.wav,03-02-06-01-01-01-20,3,song,6,fearful,normal,kidsdoor,1,20,female,True,48000,4.971625,1,PCM_16,
../data/Actor_20/03-02-06-01-01-02-20.wav,03-02-06-01-01-02-20,3,song,6,fearful,normal,kidsdoor,2,20,female,True,48000,5.071729166666667,1,PCM_16,
../data/Actor_20/03-02-06-01-02-01-20.wav,03-02-06-01-02-01-20,3,song,6,fearful,normal,dogsdoor,1,20,female,True,48000,4.8048125,1,PCM_16,
../data/Actor_20/03-02-06-01-02-02-20.wav,03-02-06-01-02-02-20,3,song,6,fearful,normal,dogsdoor,2,20,female,True,48000,4.904895833333334,1,PCM_16,
../data/Actor_20/03-02-06-02-01-01-20.wav,03-02-06-02-01-01-20,3,song,6,fearful,strong,kidsdoor,1,20,female,True,48000,3.8371666666666666,1,PCM_16,
../data/Actor_20/03-02-06-02-01-02-20.wav,03-02-06-02-01-02-20,3,song,6,fearful,strong,kidsdoor,2,20,female,True,48000,4.204208333333334,1,PCM_16,
../data/Actor_20/03-02-06-02-02-01-20.wav,03-02-06-02-02-01-20,3,song,6,fearful,strong,dogsdoor,1,20,female,True,48000,4.337666666666666,1,PCM_16,
../data/Actor_20/03-02-06-02-02-02-20.wav,03-02-06-02-02-02-20,3,song,6,fearful,strong,dogsdoor,2,20,female,True,48000,4.170833333333333,1,PCM_16,
../data/Actor_21/03-01-01-01-01-01-21.wav,03-01-01-01-01-01-21,3,speech,1,neutral,normal,kidsdoor,1,21,male,True,48000,3.8371666666666666,1,PCM_16,
../data/Actor_21/03-01-01-01-01-02-21.wav,03-01-01-01-01-02-21,3,speech,1,neutral,normal,kidsdoor,2,21,male,True,48000,3.970625,1,PCM_16,
../data/Actor_21/03-01-01-01-02-01-21.wav,03-01-01-01-02-01-21,3,speech,1,neutral,normal,dogsdoor,1,21,male,True,48000,3.6036041666666665,1,PCM_16,
../data/Actor_21/03-01-01-01-02-02-21.wav,03-01-01-01-02-02-21,3,speech,1,neutral,normal,dogsdoor,2,21,male,True,48000,3.6703333333333332,1,PCM_16,
../data/Actor_21/03-01-02-01-01-01-21.wav,03-01-02-01-01-01-21,3,speech,2,calm,normal,kidsdoor,1,21,male,True,48000,4.037375,1,PCM_16,
../data/Actor_21/03-01-02-01-01-02-21.wav,03-01-02-01-01-02-21,3,speech,2,calm,normal,kidsdoor,2,21,male,True,48000,4.004,1,PCM_16,
../data/Actor_21/03-01-02-01-02-01-21.wav,03-01-02-01-02-01-21,3,speech,2,calm,normal,dogsdoor,1,21,male,True,48000,3.8038125,1,PCM_16,
../data/Actor_21/03-01-02-01-02-02-21.wav,03-01-02-01-02-02-21,3,speech,2,calm,normal,dogsdoor,2,21,male,True,48000,4.070729166666666,1,PCM_16,
../data/Actor_21/03-01-02-02-01-01-21.wav,03-01-02-02-01-01-21,3,speech,2,calm,strong,kidsdoor,1,21,male,True,48000,4.004,1,PCM_16,
../data/Actor_21/03-01-02-02-01-02-21.wav,03-01-02-02-01-02-21,3,speech,2,calm,strong,kidsdoor,2,21,male,True,48000,4.170833333333333,1,PCM_16,
../data/Actor_21/03-01-02-02-02-01-21.wav,03-01-02-02-02-01-21,3,speech,2,calm,strong,dogsdoor,1,21,male,True,48000,4.137479166666667,1,PCM_16,
../data/Actor_21/03-01-02-02-02-02-21.wav,03-01-02-02-02-02-21,3,speech,2,calm,strong,dogsdoor,2,21,male,True,48000,3.970625,1,PCM_16,
../data/Actor_21/03-01-03-01-01-01-21.wav,03-01-03-01-01-01-21,3,speech,3,happy,normal,kidsdoor,1,21,male,True,48000,3.8371666666666666,1,PCM_16,
../data/Actor_21/03-01-03-01-01-02-21.wav,03-01-03-01-01-02-21,3,speech,3,happy,normal,kidsdoor,2,21,male,True,48000,3.8037916666666667,1,PCM_16,
../data/Actor_21/03-01-03-01-02-01-21.wav,03-01-03-01-02-01-21,3,speech,3,happy,normal,dogsdoor,1,21,male,True,48000,3.703708333333333,1,PCM_16,
../data/Actor_21/03-01-03-01-02-02-21.wav,03-01-03-01-02-02-21,3,speech,3,happy,normal,dogsdoor,2,21,male,True,48000,3.8371666666666666,1,PCM_16,
../data/Actor_21/03-01-03-02-01-01-21.wav,03-01-03-02-01-01-21,3,speech,3,happy,strong,kidsdoor,1,21,male,True,48000,3.8037916666666667,1,PCM_16,
../data/Actor_21/03-01-03-02-01-02-21.wav,03-01-03-02-01-02-21,3,speech,3,happy,strong,kidsdoor,2,21,male,True,48000,3.9372708333333333,1,PCM_16,
../data/Actor_21/03-01-03-02-02-01-21.wav,03-01-03-02-02-01-21,3,speech,3,happy,strong,dogsdoor,1,21,male,True,48000,3.6703333333333332,1,PCM_16,
../data/Actor_21/03-01-03-02-02-02-21.wav,03-01-03-02-02-02-21,3,speech,3,happy,strong,dogsdoor,2,21,male,True,48000,3.8037916666666667,1,PCM_16,
../data/Actor_21/03-01-04-01-01-01-21.wav,03-01-04-01-01-01-21,3,speech,4,sad,normal,kidsdoor,1,21,male,True,48000,4.304291666666667,1,PCM_16,
../data/Actor_21/03-01-04-01-01-02-21.wav,03-01-04-01-01-02-21,3,speech,4,sad,normal,kidsdoor,2,21,male,True,48000,4.604604166666666,1,PCM_16,
../data/Actor_21/03-01-04-01-02-01-21.wav,03-01-04-01-02-01-21,3,speech,4,sad,normal,dogsdoor,1,21,male,True,48000,4.07075,1,PCM_16,
../data/Actor_21/03-01-04-01-02-02-21.wav,03-01-04-01-02-02-21,3,speech,4,sad,normal,dogsdoor,2,21,male,True,48000,4.2041875,1,PCM_16,
../data/Actor_21/03-01-04-02-01-01-21.wav,03-01-04-02-01-01-21,3,speech,4,sad,strong,kidsdoor,1,21,male,True,48000,4.170833333333333,1,PCM_16,
../data/Actor_21/03-01-04-02-01-02-21.wav,03-01-04-02-01-02-21,3,speech,4,sad,strong,kidsdoor,2,21,male,True,48000,4.2709166666666665,1,PCM_16,
../data/Actor_21/03-01-04-02-02-01-21.wav,03-01-04-02-02-01-21,3,speech,4,sad,strong,dogsdoor,1,21,male,True,48000,4.2709375,1,PCM_16,
../data/Actor_21/03-01-04-02-02-02-21.wav,03-01-04-02-02-02-21,3,speech,4,sad,strong,dogsdoor,2,21,male,True,48000,4.137479166666667,1,PCM_16,
../data/Actor_21/03-01-05-01-01-01-21.wav,03-01-05-01-01-01-21,3,speech,5,angry,normal,kidsdoor,1,21,male,True,48000,4.137479166666667,1,PCM_16,
../data/Actor_21/03-01-05-01-01-02-21.wav,03-01-05-01-01-02-21,3,speech,5,angry,normal,kidsdoor,2,21,male,True,48000,4.004,1,PCM_16,
../data/Actor_21/03-01-05-01-02-01-21.wav,03-01-05-01-02-01-21,3,speech,5,angry,normal,dogsdoor,1,21,male,True,48000,4.070729166666666,1,PCM_16,
../data/Actor_21/03-01-05-01-02-02-21.wav,03-01-05-01-02-02-21,3,speech,5,angry,normal,dogsdoor,2,21,male,True,48000,3.9372708333333333,1,PCM_16,
../data/Actor_21/03-01-05-02-01-01-21.wav,03-01-05-02-01-01-21,3,speech,5,angry,strong,kidsdoor,1,21,male,True,48000,4.371041666666667,1,PCM_16,
../data/Actor_21/03-01-05-02-01-02-21.wav,03-01-05-02-01-02-21,3,speech,5,angry,strong,kidsdoor,2,21,male,True,48000,4.471125,1,PCM_16,
../data/Actor_21/03-01-05-02-02-01-21.wav,03-01-05-02-02-01-21,3,speech,5,angry,strong,dogsdoor,1,21,male,True,48000,4.1040833333333335,1,PCM_16,
../data/Actor_21/03-01-05-02-02-02-21.wav,03-01-05-02-02-02-21,3,speech,5,angry,strong,dogsdoor,2,21,male,True,48000,4.2375625,1,PCM_16,
../data/Actor_21/03-01-06-01-01-01-21.wav,03-01-06-01-01-01-21,3,speech,6,fearful,normal,kidsdoor,1,21,male,True,48000,3.6703333333333332,1,PCM_16,
../data/Actor_21/03-01-06-01-01-02-21.wav,03-01-06-01-01-02-21,3,speech,6,fearful,normal,kidsdoor,2,21,male,True,48000,3.7704166666666667,1,PCM_16,
../data/Actor_21/03-01-06-01-02-01-21.wav,03-01-06-01-02-01-21,3,speech,6,fearful,normal,dogsdoor,1,21,male,True,48000,3.970625,1,PCM_16,
../data/Actor_21/03-01-06-01-02-02-21.wav,03-01-06-01-02-02-21,3,speech,6,fearful,normal,dogsdoor,2,21,male,True,48000,4.070729166666666,1,PCM_16,
../data/Actor_21/03-01-06-02-01-01-21.wav,03-01-06-02-01-01-21,3,speech,6,fearful,strong,kidsdoor,1,21,male,True,48000,3.970625,1,PCM_16,
../data/Actor_21/03-01-06-02-01-02-21.wav,03-01-06-02-01-02-21,3,speech,6,fearful,strong,kidsdoor,2,21,male,True,48000,3.8371666666666666,1,PCM_16,
../data/Actor_21/03-01-06-02-02-01-21.wav,03-01-06-02-02-01-21,3,speech,6,fearful,strong,dogsdoor,1,21,male,True,48000,3.7704375,1,PCM_16,
../data/Actor_21/03-01-06-02-02-02-21.wav,03-01-06-02-02-02-21,3,speech,6,fearful,strong,dogsdoor,2,21,male,True,48000,3.6369583333333333,1,PCM_16,
../data/Actor_21/03-01-07-01-01-01-21.wav,03-01-07-01-01-01-21,3,speech,7,disgust,normal,kidsdoor,1,21,male,True,48000,3.8037916666666667,1,PCM_16,
../data/Actor_21/03-01-07-01-01-02-21.wav,03-01-07-01-01-02-21,3,speech,7,disgust,normal,kidsdoor,2,21,male,True,48000,4.07075,1,PCM_16,
../data/Actor_21/03-01-07-01-02-01-21.wav,03-01-07-01-02-01-21,3,speech,7,disgust,normal,dogsdoor,1,21,male,True,48000,3.636979166666667,1,PCM_16,
../data/Actor_21/03-01-07-01-02-02-21.wav,03-01-07-01-02-02-21,3,speech,7,disgust,normal,dogsdoor,2,21,male,True,48000,3.6036041666666665,1,PCM_16,
../data/Actor_21/03-01-07-02-01-01-21.wav,03-01-07-02-01-01-21,3,speech,7,disgust,strong,kidsdoor,1,21,male,True,48000,4.070729166666666,1,PCM_16,
../data/Actor_21/03-01-07-02-01-02-21.wav,03-01-07-02-01-02-21,3,speech,7,disgust,strong,kidsdoor,2,21,male,True,48000,4.037354166666667,1,PCM_16,
../data/Actor_21/03-01-07-02-02-01-21.wav,03-01-07-02-02-01-21,3,speech,7,disgust,strong,dogsdoor,1,21,male,True,48000,4.170833333333333,1,PCM_16,
../data/Actor_21/03-01-07-02-02-02-21.wav,03-01-07-02-02-02-21,3,speech,7,disgust,strong,dogsdoor,2,21,male,True,48000,3.970625,1,PCM_16,
../data/Actor_21/03-01-08-01-01-01-21.wav,03-01-08-01-01-01-21,3,speech,8,surprised,normal,kidsdoor,1,21,male,True,48000,3.5035,1,PCM_16,
../data/Actor_21/03-01-08-01-01-02-21.wav,03-01-08-01-01-02-21,3,speech,8,surprised,normal,kidsdoor,2,21,male,True,48000,3.470125,1,PCM_16,
../data/Actor_21/03-01-08-01-02-01-21.wav,03-01-08-01-02-01-21,3,speech,8,surprised,normal,dogsdoor,1,21,male,True,48000,3.4701458333333335,1,PCM_16,
../data/Actor_21/03-01-08-01-02-02-21.wav,03-01-08-01-02-02-21,3,speech,8,surprised,normal,dogsdoor,2,21,male,True,48000,3.5702291666666666,1,PCM_16,
../data/Actor_21/03-01-08-02-01-01-21.wav,03-01-08-02-01-01-21,3,speech,8,surprised,strong,kidsdoor,1,21,male,True,48000,3.6369583333333333,1,PCM_16,
../data/Actor_21/03-01-08-02-01-02-21.wav,03-01-08-02-01-02-21,3,speech,8,surprised,strong,kidsdoor,2,21,male,True,48000,3.636979166666667,1,PCM_16,
../data/Actor_21/03-01-08-02-02-01-21.wav,03-01-08-02-02-01-21,3,speech,8,surprised,strong,dogsdoor,1,21,male,True,48000,3.4701458333333335,1,PCM_16,
../data/Actor_21/03-01-08-02-02-02-21.wav,03-01-08-02-02-02-21,3,speech,8,surprised,strong,dogsdoor,2,21,male,True,48000,3.536875,1,PCM_16,
../data/Actor_21/03-02-01-01-01-01-21.wav,03-02-01-01-01-01-21,3,song,1,neutral,normal,kidsdoor,1,21,male,True,48000,4.304291666666667,1,PCM_16,
../data/Actor_21/03-02-01-01-01-02-21.wav,03-02-01-01-01-02-21,3,song,1,neutral,normal,kidsdoor,2,21,male,True,48000,4.371020833333334,1,PCM_16,
../data/Actor_21/03-02-01-01-02-01-21.wav,03-02-01-01-02-01-21,3,song,1,neutral,normal,dogsdoor,1,21,male,True,48000,4.371020833333334,1,PCM_16,
../data/Actor_21/03-02-01-01-02-02-21.wav,03-02-01-01-02-02-21,3,song,1,neutral,normal,dogsdoor,2,21,male,True,48000,4.404395833333333,1,PCM_16,
../data/Actor_21/03-02-02-01-01-01-21.wav,03-02-02-01-01-01-21,3,song,2,calm,normal,kidsdoor,1,21,male,True,48000,4.637958333333334,1,PCM_16,
../data/Actor_21/03-02-02-01-01-02-21.wav,03-02-02-01-01-02-21,3,song,2,calm,normal,kidsdoor,2,21,male,True,48000,4.571229166666667,1,PCM_16,
../data/Actor_21/03-02-02-01-02-01-21.wav,03-02-02-01-02-01-21,3,song,2,calm,normal,dogsdoor,1,21,male,True,48000,4.838166666666667,1,PCM_16,
../data/Actor_21/03-02-02-01-02-02-21.wav,03-02-02-01-02-02-21,3,song,2,calm,normal,dogsdoor,2,21,male,True,48000,4.7047083333333335,1,PCM_16,
../data/Actor_21/03-02-02-02-01-01-21.wav,03-02-02-02-01-01-21,3,song,2,calm,strong,kidsdoor,1,21,male,True,48000,4.971625,1,PCM_16,
../data/Actor_21/03-02-02-02-01-02-21.wav,03-02-02-02-01-02-21,3,song,2,calm,strong,kidsdoor,2,21,male,True,48000,4.904895833333334,1,PCM_16,
../data/Actor_21/03-02-02-02-02-01-21.wav,03-02-02-02-02-01-21,3,song,2,calm,strong,dogsdoor,1,21,male,True,48000,5.005,1,PCM_16,
../data/Actor_21/03-02-02-02-02-02-21.wav,03-02-02-02-02-02-21,3,song,2,calm,strong,dogsdoor,2,21,male,True,48000,4.904916666666667,1,PCM_16,
../data/Actor_21/03-02-03-01-01-01-21.wav,03-02-03-01-01-01-21,3,song,3,happy,normal,kidsdoor,1,21,male,True,48000,4.604604166666666,1,PCM_16,
../data/Actor_21/03-02-03-01-01-02-21.wav,03-02-03-01-01-02-21,3,song,3,happy,normal,kidsdoor,2,21,male,True,48000,4.571229166666667,1,PCM_16,
../data/Actor_21/03-02-03-01-02-01-21.wav,03-02-03-01-02-01-21,3,song,3,happy,normal,dogsdoor,1,21,male,True,48000,4.571229166666667,1,PCM_16,
../data/Actor_21/03-02-03-01-02-02-21.wav,03-02-03-01-02-02-21,3,song,3,happy,normal,dogsdoor,2,21,male,True,48000,4.5045,1,PCM_16,
../data/Actor_21/03-02-03-02-01-01-21.wav,03-02-03-02-01-01-21,3,song,3,happy,strong,kidsdoor,1,21,male,True,48000,4.471145833333333,1,PCM_16,
../data/Actor_21/03-02-03-02-01-02-21.wav,03-02-03-02-01-02-21,3,song,3,happy,strong,kidsdoor,2,21,male,True,48000,4.471125,1,PCM_16,
../data/Actor_21/03-02-03-02-02-01-21.wav,03-02-03-02-02-01-21,3,song,3,happy,strong,dogsdoor,1,21,male,True,48000,4.571229166666667,1,PCM_16,
../data/Actor_21/03-02-03-02-02-02-21.wav,03-02-03-02-02-02-21,3,song,3,happy,strong,dogsdoor,2,21,male,True,48000,4.571229166666667,1,PCM_16,
../data/Actor_21/03-02-04-01-01-01-21.wav,03-02-04-01-01-01-21,3,song,4,sad,normal,kidsdoor,1,21,male,True,48000,4.671333333333333,1,PCM_16,
../data/Actor_21/03-02-04-01-01-02-21.wav,03-02-04-01-01-02-21,3,song,4,sad,normal,kidsdoor,2,21,male,True,48000,4.637958333333334,1,PCM_16,
../data/Actor_21/03-02-04-01-02-01-21.wav,03-02-04-01-02-01-21,3,song,4,sad,normal,dogsdoor,1,21,male,True,48000,4.637958333333334,1,PCM_16,
../data/Actor_21/03-02-04-01-02-02-21.wav,03-02-04-01-02-02-21,3,song,4,sad,normal,dogsdoor,2,21,male,True,48000,4.671333333333333,1,PCM_16,
../data/Actor_21/03-02-04-02-01-01-21.wav,03-02-04-02-01-01-21,3,song,4,sad,strong,kidsdoor,1,21,male,True,48000,4.7714375,1,PCM_16,
../data/Actor_21/03-02-04-02-01-02-21.wav,03-02-04-02-01-02-21,3,song,4,sad,strong,kidsdoor,2,21,male,True,48000,4.7714375,1,PCM_16,
../data/Actor_21/03-02-04-02-02-01-21.wav,03-02-04-02-02-01-21,3,song,4,sad,strong,dogsdoor,1,21,male,True,48000,4.7380625,1,PCM_16,
../data/Actor_21/03-02-04-02-02-02-21.wav,03-02-04-02-02-02-21,3,song,4,sad,strong,dogsdoor,2,21,male,True,48000,4.871541666666666,1,PCM_16,
../data/Actor_21/03-02-05-01-01-01-21.wav,03-02-05-01-01-01-21,3,song,5,angry,normal,kidsdoor,1,21,male,True,48000,4.57125,1,PCM_16,
../data/Actor_21/03-02-05-01-01-02-21.wav,03-02-05-01-01-02-21,3,song,5,angry,normal,kidsdoor,2,21,male,True,48000,4.604604166666666,1,PCM_16,
../data/Actor_21/03-02-05-01-02-01-21.wav,03-02-05-01-02-01-21,3,song,5,angry,normal,dogsdoor,1,21,male,True,48000,4.5045,1,PCM_16,
../data/Actor_21/03-02-05-01-02-02-21.wav,03-02-05-01-02-02-21,3,song,5,angry,normal,dogsdoor,2,21,male,True,48000,4.571229166666667,1,PCM_16,
../data/Actor_21/03-02-05-02-01-01-21.wav,03-02-05-02-01-01-21,3,song,5,angry,strong,kidsdoor,1,21,male,True,48000,4.671333333333333,1,PCM_16,
../data/Actor_21/03-02-05-02-01-02-21.wav,03-02-05-02-01-02-21,3,song,5,angry,strong,kidsdoor,2,21,male,True,48000,4.7714375,1,PCM_16,
../data/Actor_21/03-02-05-02-02-01-21.wav,03-02-05-02-02-01-21,3,song,5,angry,strong,dogsdoor,1,21,male,True,48000,4.804791666666667,1,PCM_16,
../data/Actor_21/03-02-05-02-02-02-21.wav,03-02-05-02-02-02-21,3,song,5,angry,strong,dogsdoor,2,21,male,True,48000,4.7714375,1,PCM_16,
../data/Actor_21/03-02-06-01-01-01-21.wav,03-02-06-01-01-01-21,3,song,6,fearful,normal,kidsdoor,1,21,male,True,48000,4.3043125,1,PCM_16,
../data/Actor_21/03-02-06-01-01-02-21.wav,03-02-06-01-01-02-21,3,song,6,fearful,normal,kidsdoor,2,21,male,True,48000,4.371041666666667,1,PCM_16,
../data/Actor_21/03-02-06-01-02-01-21.wav,03-02-06-01-02-01-21,3,song,6,fearful,normal,dogsdoor,1,21,male,True,48000,4.2709166666666665,1,PCM_16,
../data/Actor_21/03-02-06-01-02-02-21.wav,03-02-06-01-02-02-21,3,song,6,fearful,normal,dogsdoor,2,21,male,True,48000,4.404416666666667,1,PCM_16,
../data/Actor_21/03-02-06-02-01-01-21.wav,03-02-06-02-01-01-21,3,song,6,fearful,strong,kidsdoor,1,21,male,True,48000,4.2709375,1,PCM_16,
../data/Actor_21/03-02-06-02-01-02-21.wav,03-02-06-02-01-02-21,3,song,6,fearful,strong,kidsdoor,2,21,male,True,48000,4.471125,1,PCM_16,
../data/Actor_21/03-02-06-02-02-01-21.wav,03-02-06-02-02-01-21,3,song,6,fearful,strong,dogsdoor,1,21,male,True,48000,4.204208333333334,1,PCM_16,
../data/Actor_21/03-02-06-02-02-02-21.wav,03-02-06-02-02-02-21,3,song,6,fearful,strong,dogsdoor,2,21,male,True,48000,4.204208333333334,1,PCM_16,
../data/Actor_22/03-01-01-01-01-01-22.wav,03-01-01-01-01-01-22,3,speech,1,neutral,normal,kidsdoor,1,22,female,True,48000,3.636979166666667,1,PCM_16,
../data/Actor_22/03-01-01-01-01-02-22.wav,03-01-01-01-01-02-22,3,speech,1,neutral,normal,kidsdoor,2,22,female,True,48000,3.4367708333333336,1,PCM_16,
../data/Actor_22/03-01-01-01-02-01-22.wav,03-01-01-01-02-01-22,3,speech,1,neutral,normal,dogsdoor,1,22,female,True,48000,3.6035833333333334,1,PCM_16,
../data/Actor_22/03-01-01-01-02-02-22.wav,03-01-01-01-02-02-22,3,speech,1,neutral,normal,dogsdoor,2,22,female,True,48000,3.5368541666666666,1,PCM_16,
../data/Actor_22/03-01-02-01-01-01-22.wav,03-01-02-01-01-01-22,3,speech,2,calm,normal,kidsdoor,1,22,female,True,48000,3.5368541666666666,1,PCM_16,
../data/Actor_22/03-01-02-01-01-02-22.wav,03-01-02-01-01-02-22,3,speech,2,calm,normal,kidsdoor,2,22,female,True,48000,3.5702291666666666,1,PCM_16,
../data/Actor_22/03-01-02-01-02-01-22.wav,03-01-02-01-02-01-22,3,speech,2,calm,normal,dogsdoor,1,22,female,True,48000,3.5702291666666666,1,PCM_16,
../data/Actor_22/03-01-02-01-02-02-22.wav,03-01-02-01-02-02-22,3,speech,2,calm,normal,dogsdoor,2,22,female,True,48000,3.536875,1,PCM_16,
../data/Actor_22/03-01-02-02-01-01-22.wav,03-01-02-02-01-01-22,3,speech,2,calm,strong,kidsdoor,1,22,female,True,48000,3.703708333333333,1,PCM_16,
../data/Actor_22/03-01-02-02-01-02-22.wav,03-01-02-02-01-02-22,3,speech,2,calm,strong,kidsdoor,2,22,female,True,48000,3.8371666666666666,1,PCM_16,
../data/Actor_22/03-01-02-02-02-01-22.wav,03-01-02-02-02-01-22,3,speech,2,calm,strong,dogsdoor,1,22,female,True,48000,3.6369583333333333,1,PCM_16,
../data/Actor_22/03-01-02-02-02-02-22.wav,03-01-02-02-02-02-22,3,speech,2,calm,strong,dogsdoor,2,22,female,True,48000,3.7704375,1,PCM_16,
../data/Actor_22/03-01-03-01-01-01-22.wav,03-01-03-01-01-01-22,3,speech,3,happy,normal,kidsdoor,1,22,female,True,48000,3.536875,1,PCM_16,
../data/Actor_22/03-01-03-01-01-02-22.wav,03-01-03-01-01-02-22,3,speech,3,happy,normal,kidsdoor,2,22,female,True,48000,3.4367708333333336,1,PCM_16,
../data/Actor_22/03-01-03-01-02-01-22.wav,03-01-03-01-02-01-22,3,speech,3,happy,normal,dogsdoor,1,22,female,True,48000,3.5035,1,PCM_16,
../data/Actor_22/03-01-03-01-02-02-22.wav,03-01-03-01-02-02-22,3,speech,3,happy,normal,dogsdoor,2,22,female,True,48000,3.5035,1,PCM_16,
../data/Actor_22/03-01-03-02-01-01-22.wav,03-01-03-02-01-01-22,3,speech,3,happy,strong,kidsdoor,1,22,female,True,48000,3.7370833333333335,1,PCM_16,
../data/Actor_22/03-01-03-02-01-02-22.wav,03-01-03-02-01-02-22,3,speech,3,happy,strong,kidsdoor,2,22,female,True,48000,3.8371666666666666,1,PCM_16,
../data/Actor_22/03-01-03-02-02-01-22.wav,03-01-03-02-02-01-22,3,speech,3,happy,strong,dogsdoor,1,22,female,True,48000,3.6703333333333332,1,PCM_16,
../data/Actor_22/03-01-03-02-02-02-22.wav,03-01-03-02-02-02-22,3,speech,3,happy,strong,dogsdoor,2,22,female,True,48000,3.9372708333333333,1,PCM_16,
../data/Actor_22/03-01-04-01-01-01-22.wav,03-01-04-01-01-01-22,3,speech,4,sad,normal,kidsdoor,1,22,female,True,48000,3.6036041666666665,1,PCM_16,
../data/Actor_22/03-01-04-01-01-02-22.wav,03-01-04-01-01-02-22,3,speech,4,sad,normal,kidsdoor,2,22,female,True,48000,3.703708333333333,1,PCM_16,
../data/Actor_22/03-01-04-01-02-01-22.wav,03-01-04-01-02-01-22,3,speech,4,sad,normal,dogsdoor,1,22,female,True,48000,3.6703333333333332,1,PCM_16,
../data/Actor_22/03-01-04-01-02-02-22.wav,03-01-04-01-02-02-22,3,speech,4,sad,normal,dogsdoor,2,22,female,True,48000,3.703708333333333,1,PCM_16,
../data/Actor_22/03-01-04-02-01-01-22.wav,03-01-04-02-01-01-22,3,speech,4,sad,strong,kidsdoor,1,22,female,True,48000,3.7370625,1,PCM_16,
../data/Actor_22/03-01-04-02-01-02-22.wav,03-01-04-02-01-02-22,3,speech,4,sad,strong,kidsdoor,2,22,female,True,48000,3.636979166666667,1,PCM_16,
../data/Actor_22/03-01-04-02-02-01-22.wav,03-01-04-02-02-01-22,3,speech,4,sad,strong,dogsdoor,1,22,female,True,48000,3.7370833333333335,1,PCM_16,
../data/Actor_22/03-01-04-02-02-02-22.wav,03-01-04-02-02-02-22,3,speech,4,sad,strong,dogsdoor,2,22,female,True,48000,3.8371666666666666,1,PCM_16,
../data/Actor_22/03-01-05-01-01-01-22.wav,03-01-05-01-01-01-22,3,speech,5,angry,normal,kidsdoor,1,22,female,True,48000,3.703708333333333,1,PCM_16,
../data/Actor_22/03-01-05-01-01-02-22.wav,03-01-05-01-01-02-22,3,speech,5,angry,normal,kidsdoor,2,22,female,True,48000,3.7370625,1,PCM_16,
../data/Actor_22/03-01-05-01-02-01-22.wav,03-01-05-01-02-01-22,3,speech,5,angry,normal,dogsdoor,1,22,female,True,48000,3.8705208333333334,1,PCM_16,
../data/Actor_22/03-01-05-01-02-02-22.wav,03-01-05-01-02-02-22,3,speech,5,angry,normal,dogsdoor,2,22,female,True,48000,4.037354166666667,1,PCM_16,
../data/Actor_22/03-01-05-02-01-01-22.wav,03-01-05-02-01-01-22,3,speech,5,angry,strong,kidsdoor,1,22,female,True,48000,3.8705416666666665,1,PCM_16,
../data/Actor_22/03-01-05-02-01-02-22.wav,03-01-05-02-01-02-22,3,speech,5,angry,strong,kidsdoor,2,22,female,True,48000,3.9038958333333333,1,PCM_16,
../data/Actor_22/03-01-05-02-02-01-22.wav,03-01-05-02-02-01-22,3,speech,5,angry,strong,dogsdoor,1,22,female,True,48000,4.237583333333333,1,PCM_16,
../data/Actor_22/03-01-05-02-02-02-22.wav,03-01-05-02-02-02-22,3,speech,5,angry,strong,dogsdoor,2,22,female,True,48000,4.204208333333334,1,PCM_16,
../data/Actor_22/03-01-06-01-01-01-22.wav,03-01-06-01-01-01-22,3,speech,6,fearful,normal,kidsdoor,1,22,female,True,48000,3.57025,1,PCM_16,
../data/Actor_22/03-01-06-01-01-02-22.wav,03-01-06-01-01-02-22,3,speech,6,fearful,normal,kidsdoor,2,22,female,True,48000,3.6036041666666665,1,PCM_16,
../data/Actor_22/03-01-06-01-02-01-22.wav,03-01-06-01-02-01-22,3,speech,6,fearful,normal,dogsdoor,1,22,female,True,48000,3.6703333333333332,1,PCM_16,
../data/Actor_22/03-01-06-01-02-02-22.wav,03-01-06-01-02-02-22,3,speech,6,fearful,normal,dogsdoor,2,22,female,True,48000,3.536875,1,PCM_16,
../data/Actor_22/03-01-06-02-01-01-22.wav,03-01-06-02-01-01-22,3,speech,6,fearful,strong,kidsdoor,1,22,female,True,48000,3.5702291666666666,1,PCM_16,
../data/Actor_22/03-01-06-02-01-02-22.wav,03-01-06-02-01-02-22,3,speech,6,fearful,strong,kidsdoor,2,22,female,True,48000,3.5702291666666666,1,PCM_16,
../data/Actor_22/03-01-06-02-02-01-22.wav,03-01-06-02-02-01-22,3,speech,6,fearful,strong,dogsdoor,1,22,female,True,48000,3.6703333333333332,1,PCM_16,
../data/Actor_22/03-01-06-02-02-02-22.wav,03-01-06-02-02-02-22,3,speech,6,fearful,strong,dogsdoor,2,22,female,True,48000,3.6036041666666665,1,PCM_16,
../data/Actor_22/03-01-07-01-01-01-22.wav,03-01-07-01-01-01-22,3,speech,7,disgust,normal,kidsdoor,1,22,female,True,48000,3.7036875,1,PCM_16,
../data/Actor_22/03-01-07-01-01-02-22.wav,03-01-07-01-01-02-22,3,speech,7,disgust,normal,kidsdoor,2,22,female,True,48000,3.9038958333333333,1,PCM_16,
../data/Actor_22/03-01-07-01-02-01-22.wav,03-01-07-01-02-01-22,3,speech,7,disgust,normal,dogsdoor,1,22,female,True,48000,3.8037916666666667,1,PCM_16,
../data/Actor_22/03-01-07-01-02-02-22.wav,03-01-07-01-02-02-22,3,speech,7,disgust,normal,dogsdoor,2,22,female,True,48000,3.8371666666666666,1,PCM_16,
../data/Actor_22/03-01-07-02-01-01-22.wav,03-01-07-02-01-01-22,3,speech,7,disgust,strong,kidsdoor,1,22,female,True,48000,4.2375625,1,PCM_16,
../data/Actor_22/03-01-07-02-01-02-22.wav,03-01-07-02-01-02-22,3,speech,7,disgust,strong,kidsdoor,2,22,female,True,48000,4.170833333333333,1,PCM_16,
../data/Actor_22/03-01-07-02-02-01-22.wav,03-01-07-02-02-01-22,3,speech,7,disgust,strong,dogsdoor,1,22,female,True,48000,4.204208333333334,1,PCM_16,
../data/Actor_22/03-01-07-02-02-02-22.wav,03-01-07-02-02-02-22,3,speech,7,disgust,strong,dogsdoor,2,22,female,True,48000,4.1040833333333335,1,PCM_16,
../data/Actor_22/03-01-08-01-01-01-22.wav,03-01-08-01-01-01-22,3,speech,8,surprised,normal,kidsdoor,1,22,female,True,48000,3.536875,1,PCM_16,
../data/Actor_22/03-01-08-01-01-02-22.wav,03-01-08-01-01-02-22,3,speech,8,surprised,normal,kidsdoor,2,22,female,True,48000,3.5702291666666666,1,PCM_16,
../data/Actor_22/03-01-08-01-02-01-22.wav,03-01-08-01-02-01-22,3,speech,8,surprised,normal,dogsdoor,1,22,female,True,48000,3.4367708333333336,1,PCM_16,
../data/Actor_22/03-01-08-01-02-02-22.wav,03-01-08-01-02-02-22,3,speech,8,surprised,normal,dogsdoor,2,22,female,True,48000,3.6036041666666665,1,PCM_16,
../data/Actor_22/03-01-08-02-01-01-22.wav,03-01-08-02-01-01-22,3,speech,8,surprised,strong,kidsdoor,1,22,female,True,48000,3.5702291666666666,1,PCM_16,
../data/Actor_22/03-01-08-02-01-02-22.wav,03-01-08-02-01-02-22,3,speech,8,surprised,strong,kidsdoor,2,22,female,True,48000,3.7370833333333335,1,PCM_16,
../data/Actor_22/03-01-08-02-02-01-22.wav,03-01-08-02-02-01-22,3,speech,8,surprised,strong,dogsdoor,1,22,female,True,48000,3.703708333333333,1,PCM_16,
../data/Actor_22/03-01-08-02-02-02-22.wav,03-01-08-02-02-02-22,3,speech,8,surprised,strong,dogsdoor,2,22,female,True,48000,3.6369583333333333,1,PCM_16,
../data/Actor_22/03-02-01-01-01-01-22.wav,03-02-01-01-01-01-22,3,song,1,neutral,normal,kidsdoor,1,22,female,True,48000,4.7380625,1,PCM_16,
../data/Actor_22/03-02-01-01-01-02-22.wav,03-02-01-01-01-02-22,3,song,1,neutral,normal,kidsdoor,2,22,female,True,48000,4.671333333333333,1,PCM_16,
../data/Actor_22/03-02-01-01-02-01-22.wav,03-02-01-01-02-01-22,3,song,1,neutral,normal,dogsdoor,1,22,female,True,48000,4.871541666666666,1,PCM_16,
../data/Actor_22/03-02-01-01-02-02-22.wav,03-02-01-01-02-02-22,3,song,1,neutral,normal,dogsdoor,2,22,female,True,48000,4.7714375,1,PCM_16,
../data/Actor_22/03-02-02-01-01-01-22.wav,03-02-02-01-01-01-22,3,song,2,calm,normal,kidsdoor,1,22,female,True,48000,4.904895833333334,1,PCM_16,
../data/Actor_22/03-02-02-01-01-02-22.wav,03-02-02-01-01-02-22,3,song,2,calm,normal,kidsdoor,2,22,female,True,48000,5.2385625,1,PCM_16,
../data/Actor_22/03-02-02-01-02-01-22.wav,03-02-02-01-02-01-22,3,song,2,calm,normal,dogsdoor,1,22,female,True,48000,5.171833333333334,1,PCM_16,
../data/Actor_22/03-02-02-01-02-02-22.wav,03-02-02-01-02-02-22,3,song,2,calm,normal,dogsdoor,2,22,female,True,48000,5.1384791666666665,1,PCM_16,
../data/Actor_22/03-02-02-02-01-01-22.wav,03-02-02-02-01-01-22,3,song,2,calm,strong,kidsdoor,1,22,female,True,48000,5.372020833333333,1,PCM_16,
../data/Actor_22/03-02-02-02-01-02-22.wav,03-02-02-02-01-02-22,3,song,2,calm,strong,kidsdoor,2,22,female,True,48000,5.5055,1,PCM_16,
../data/Actor_22/03-02-02-02-02-01-22.wav,03-02-02-02-02-01-22,3,song,2,calm,strong,dogsdoor,1,22,female,True,48000,6.3730416666666665,1,PCM_16,
../data/Actor_22/03-02-02-02-02-02-22.wav,03-02-02-02-02-02-22,3,song,2,calm,strong,dogsdoor,2,22,female,True,48000,5.3053125,1,PCM_16,
../data/Actor_22/03-02-03-01-01-01-22.wav,03-02-03-01-01-01-22,3,song,3,happy,normal,kidsdoor,1,22,female,True,48000,4.637958333333334,1,PCM_16,
../data/Actor_22/03-02-03-01-01-02-22.wav,03-02-03-01-01-02-22,3,song,3,happy,normal,kidsdoor,2,22,female,True,48000,4.671333333333333,1,PCM_16,
../data/Actor_22/03-02-03-01-02-01-22.wav,03-02-03-01-02-01-22,3,song,3,happy,normal,dogsdoor,1,22,female,True,48000,4.637979166666667,1,PCM_16,
../data/Actor_22/03-02-03-01-02-02-22.wav,03-02-03-01-02-02-22,3,song,3,happy,normal,dogsdoor,2,22,female,True,48000,4.7714375,1,PCM_16,
../data/Actor_22/03-02-03-02-01-01-22.wav,03-02-03-02-01-01-22,3,song,3,happy,strong,kidsdoor,1,22,female,True,48000,4.838166666666667,1,PCM_16,
../data/Actor_22/03-02-03-02-01-02-22.wav,03-02-03-02-01-02-22,3,song,3,happy,strong,kidsdoor,2,22,female,True,48000,4.838166666666667,1,PCM_16,
../data/Actor_22/03-02-03-02-02-01-22.wav,03-02-03-02-02-01-22,3,song,3,happy,strong,dogsdoor,1,22,female,True,48000,4.671333333333333,1,PCM_16,
../data/Actor_22/03-02-03-02-02-02-22.wav,03-02-03-02-02-02-22,3,song,3,happy,strong,dogsdoor,2,22,female,True,48000,4.838166666666667,1,PCM_16,
../data/Actor_22/03-02-04-01-01-01-22.wav,03-02-04-01-01-01-22,3,song,4,sad,normal,kidsdoor,1,22,female,True,48000,4.938270833333333,1,PCM_16,
../data/Actor_22/03-02-04-01-01-02-22.wav,03-02-04-01-01-02-22,3,song,4,sad,normal,kidsdoor,2,22,female,True,48000,4.7380625,1,PCM_16,
../data/Actor_22/03-02-04-01-02-01-22.wav,03-02-04-01-02-01-22,3,song,4,sad,normal,dogsdoor,1,22,female,True,48000,5.171833333333334,1,PCM_16,
../data/Actor_22/03-02-04-01-02-02-22.wav,03-02-04-01-02-02-22,3,song,4,sad,normal,dogsdoor,2,22,female,True,48000,5.071729166666667,1,PCM_16,
../data/Actor_22/03-02-04-02-01-01-22.wav,03-02-04-02-01-01-22,3,song,4,sad,strong,kidsdoor,1,22,female,True,48000,5.638979166666667,1,PCM_16,
../data/Actor_22/03-02-04-02-01-02-22.wav,03-02-04-02-01-02-22,3,song,4,sad,strong,kidsdoor,2,22,female,True,48000,5.605604166666667,1,PCM_16,
../data/Actor_22/03-02-04-02-02-01-22.wav,03-02-04-02-02-01-22,3,song,4,sad,strong,dogsdoor,1,22,female,True,48000,5.405395833333333,1,PCM_16,
../data/Actor_22/03-02-04-02-02-02-22.wav,03-02-04-02-02-02-22,3,song,4,sad,strong,dogsdoor,2,22,female,True,48000,5.8058125,1,PCM_16,
../data/Actor_22/03-02-05-01-01-01-22.wav,03-02-05-01-01-01-22,3,song,5,angry,normal,kidsdoor,1,22,female,True,48000,4.8048125,1,PCM_16,
../data/Actor_22/03-02-05-01-01-02-22.wav,03-02-05-01-01-02-22,3,song,5,angry,normal,kidsdoor,2,22,female,True,48000,4.7047083333333335,1,PCM_16,
../data/Actor_22/03-02-05-01-02-01-22.wav,03-02-05-01-02-01-22,3,song,5,angry,normal,dogsdoor,1,22,female,True,48000,4.7380625,1,PCM_16,
../data/Actor_22/03-02-05-01-02-02-22.wav,03-02-05-01-02-02-22,3,song,5,angry,normal,dogsdoor,2,22,female,True,48000,4.637958333333334,1,PCM_16,
../data/Actor_22/03-02-05-02-01-01-22.wav,03-02-05-02-01-01-22,3,song,5,angry,strong,kidsdoor,1,22,female,True,48000,4.7047083333333335,1,PCM_16,
../data/Actor_22/03-02-05-02-01-02-22.wav,03-02-05-02-01-02-22,3,song,5,angry,strong,kidsdoor,2,22,female,True,48000,4.671333333333333,1,PCM_16,
../data/Actor_22/03-02-05-02-02-01-22.wav,03-02-05-02-02-01-22,3,song,5,angry,strong,dogsdoor,1,22,female,True,48000,4.7380625,1,PCM_16,
../data/Actor_22/03-02-05-02-02-02-22.wav,03-02-05-02-02-02-22,3,song,5,angry,strong,dogsdoor,2,22,female,True,48000,4.7380625,1,PCM_16,
../data/Actor_22/03-02-06-01-01-01-22.wav,03-02-06-01-01-01-22,3,song,6,fearful,normal,kidsdoor,1,22,female,True,48000,4.671333333333333,1,PCM_16,
../data/Actor_22/03-02-06-01-01-02-22.wav,03-02-06-01-01-02-22,3,song,6,fearful,normal,kidsdoor,2,22,female,True,48000,4.571229166666667,1,PCM_16,
../data/Actor_22/03-02-06-01-02-01-22.wav,03-02-06-01-02-01-22,3,song,6,fearful,normal,dogsdoor,1,22,female,True,48000,4.804791666666667,1,PCM_16,
../data/Actor_22/03-02-06-01-02-02-22.wav,03-02-06-01-02-02-22,3,song,6,fearful,normal,dogsdoor,2,22,female,True,48000,4.7047083333333335,1,PCM_16,
../data/Actor_22/03-02-06-02-01-01-22.wav,03-02-06-02-01-01-22,3,song,6,fearful,strong,kidsdoor,1,22,female,True,48000,4.604604166666666,1,PCM_16,
../data/Actor_22/03-02-06-02-01-02-22.wav,03-02-06-02-01-02-22,3,song,6,fearful,strong,kidsdoor,2,22,female,True,48000,4.671333333333333,1,PCM_16,
../data/Actor_22/03-02-06-02-02-01-22.wav,03-02-06-02-02-01-22,3,song,6,fearful,strong,dogsdoor,1,22,female,True,48000,4.671333333333333,1,PCM_16,
../data/Actor_22/03-02-06-02-02-02-22.wav,03-02-06-02-02-02-22,3,song,6,fearful,strong,dogsdoor,2,22,female,True,48000,4.671333333333333,1,PCM_16,
../data/Actor_23/03-01-01-01-01-01-23.wav,03-01-01-01-01-01-23,3,speech,1,neutral,normal,kidsdoor,1,23,male,True,48000,3.8037916666666667,1,PCM_16,
../data/Actor_23/03-01-01-01-01-02-23.wav,03-01-01-01-01-02-23,3,speech,1,neutral,normal,kidsdoor,2,23,male,True,48000,3.7370625,1,PCM_16,
../data/Actor_23/03-01-01-01-02-01-23.wav,03-01-01-01-02-01-23,3,speech,1,neutral,normal,dogsdoor,1,23,male,True,48000,3.6703333333333332,1,PCM_16,
../data/Actor_23/03-01-01-01-02-02-23.wav,03-01-01-01-02-02-23,3,speech,1,neutral,normal,dogsdoor,2,23,male,True,48000,3.8371666666666666,1,PCM_16,
../data/Actor_23/03-01-02-01-01-01-23.wav,03-01-02-01-01-01-23,3,speech,2,calm,normal,kidsdoor,1,23,male,True,48000,3.970625,1,PCM_16,
../data/Actor_23/03-01-02-01-01-02-23.wav,03-01-02-01-01-02-23,3,speech,2,calm,normal,kidsdoor,2,23,male,True,48000,4.070729166666666,1,PCM_16,
../data/Actor_23/03-01-02-01-02-01-23.wav,03-01-02-01-02-01-23,3,speech,2,calm,normal,dogsdoor,1,23,male,True,48000,4.170833333333333,1,PCM_16,
../data/Actor_23/03-01-02-01-02-02-23.wav,03-01-02-01-02-02-23,3,speech,2,calm,normal,dogsdoor,2,23,male,True,48000,4.004,1,PCM_16,
../data/Actor_23/03-01-02-02-01-01-23.wav,03-01-02-02-01-01-23,3,speech,2,calm,strong,kidsdoor,1,23,male,True,48000,4.604604166666666,1,PCM_16,
../data/Actor_23/03-01-02-02-01-02-23.wav,03-01-02-02-01-02-23,3,speech,2,calm,strong,kidsdoor,2,23,male,True,48000,4.604583333333333,1,PCM_16,
../data/Actor_23/03-01-02-02-02-01-23.wav,03-01-02-02-02-01-23,3,speech,2,calm,strong,dogsdoor,1,23,male,True,48000,4.104104166666667,1,PCM_16,
../data/Actor_23/03-01-02-02-02-02-23.wav,03-01-02-02-02-02-23,3,speech,2,calm,strong,dogsdoor,2,23,male,True,48000,4.571229166666667,1,PCM_16,
../data/Actor_23/03-01-03-01-01-01-23.wav,03-01-03-01-01-01-23,3,speech,3,happy,normal,kidsdoor,1,23,male,True,48000,3.3366666666666664,1,PCM_16,
../data/Actor_23/03-01-03-01-01-02-23.wav,03-01-03-01-01-02-23,3,speech,3,happy,normal,kidsdoor,2,23,male,True,48000,3.2699375,1,PCM_16,
../data/Actor_23/03-01-03-01-02-01-23.wav,03-01-03-01-02-01-23,3,speech,3,happy,normal,dogsdoor,1,23,male,True,48000,3.2365625,1,PCM_16,
../data/Actor_23/03-01-03-01-02-02-23.wav,03-01-03-01-02-02-23,3,speech,3,happy,normal,dogsdoor,2,23,male,True,48000,3.2699375,1,PCM_16,
../data/Actor_23/03-01-03-02-01-01-23.wav,03-01-03-02-01-01-23,3,speech,3,happy,strong,kidsdoor,1,23,male,True,48000,3.2365833333333334,1,PCM_16,
../data/Actor_23/03-01-03-02-01-02-23.wav,03-01-03-02-01-02-23,3,speech,3,happy,strong,kidsdoor,2,23,male,True,48000,3.2031875,1,PCM_16,
../data/Actor_23/03-01-03-02-02-01-23.wav,03-01-03-02-02-01-23,3,speech,3,happy,strong,dogsdoor,1,23,male,True,48000,3.2365625,1,PCM_16,
../data/Actor_23/03-01-03-02-02-02-23.wav,03-01-03-02-02-02-23,3,speech,3,happy,strong,dogsdoor,2,23,male,True,48000,3.2365625,1,PCM_16,
../data/Actor_23/03-01-04-01-01-01-23.wav,03-01-04-01-01-01-23,3,speech,4,sad,normal,kidsdoor,1,23,male,True,48000,3.6036041666666665,1,PCM_16,
../data/Actor_23/03-01-04-01-01-02-23.wav,03-01-04-01-01-02-23,3,speech,4,sad,normal,kidsdoor,2,23,male,True,48000,3.8705416666666665,1,PCM_16,
../data/Actor_23/03-01-04-01-02-01-23.wav,03-01-04-01-02-01-23,3,speech,4,sad,normal,dogsdoor,1,23,male,True,48000,3.5702291666666666,1,PCM_16,
../data/Actor_23/03-01-04-01-02-02-23.wav,03-01-04-01-02-02-23,3,speech,4,sad,normal,dogsdoor,2,23,male,True,48000,3.6703333333333332,1,PCM_16,
../data/Actor_23/03-01-04-02-01-01-23.wav,03-01-04-02-01-01-23,3,speech,4,sad,strong,kidsdoor,1,23,male,True,48000,4.2709375,1,PCM_16,
../data/Actor_23/03-01-04-02-01-02-23.wav,03-01-04-02-01-02-23,3,speech,4,sad,strong,kidsdoor,2,23,male,True,48000,4.371020833333334,1,PCM_16,
../data/Actor_23/03-01-04-02-02-01-23.wav,03-01-04-02-02-01-23,3,speech,4,sad,strong,dogsdoor,1,23,male,True,48000,3.9372708333333333,1,PCM_16,
../data/Actor_23/03-01-04-02-02-02-23.wav,03-01-04-02-02-02-23,3,speech,4,sad,strong,dogsdoor,2,23,male,True,48000,4.7380625,1,PCM_16,
../data/Actor_23/03-01-05-01-01-01-23.wav,03-01-05-01-01-01-23,3,speech,5,angry,normal,kidsdoor,1,23,male,True,48000,3.3033125,1,PCM_16,
../data/Actor_23/03-01-05-01-01-02-23.wav,03-01-05-01-01-02-23,3,speech,5,angry,normal,kidsdoor,2,23,male,True,48000,3.3033125,1,PCM_16,
../data/Actor_23/03-01-05-01-02-01-23.wav,03-01-05-01-02-01-23,3,speech,5,angry,normal,dogsdoor,1,23,male,True,48000,3.2699375,1,PCM_16,
../data/Actor_23/03-01-05-01-02-02-23.wav,03-01-05-01-02-02-23,3,speech,5,angry,normal,dogsdoor,2,23,male,True,48000,3.3366666666666664,1,PCM_16,
../data/Actor_23/03-01-05-02-01-01-23.wav,03-01-05-02-01-01-23,3,speech,5,angry,strong,kidsdoor,1,23,male,True,48000,3.403395833333333,1,PCM_16,
../data/Actor_23/03-01-05-02-01-02-23.wav,03-01-05-02-01-02-23,3,speech,5,angry,strong,kidsdoor,2,23,male,True,48000,3.3366666666666664,1,PCM_16,
../data/Actor_23/03-01-05-02-02-01-23.wav,03-01-05-02-02-01-23,3,speech,5,angry,strong,dogsdoor,1,23,male,True,48000,3.2365625,1,PCM_16,
../data/Actor_23/03-01-05-02-02-02-23.wav,03-01-05-02-02-02-23,3,speech,5,angry,strong,dogsdoor,2,23,male,True,48000,3.3032916666666665,1,PCM_16,
../data/Actor_23/03-01-06-01-01-01-23.wav,03-01-06-01-01-01-23,3,speech,6,fearful,normal,kidsdoor,1,23,male,True,48000,3.4367708333333336,1,PCM_16,
../data/Actor_23/03-01-06-01-01-02-23.wav,03-01-06-01-01-02-23,3,speech,6,fearful,normal,kidsdoor,2,23,male,True,48000,3.2365625,1,PCM_16,
../data/Actor_23/03-01-06-01-02-01-23.wav,03-01-06-01-02-01-23,3,speech,6,fearful,normal,dogsdoor,1,23,male,True,48000,3.136458333333333,1,PCM_16,
../data/Actor_23/03-01-06-01-02-02-23.wav,03-01-06-01-02-02-23,3,speech,6,fearful,normal,dogsdoor,2,23,male,True,48000,3.1031041666666668,1,PCM_16,
../data/Actor_23/03-01-06-02-01-01-23.wav,03-01-06-02-01-01-23,3,speech,6,fearful,strong,kidsdoor,1,23,male,True,48000,3.5702291666666666,1,PCM_16,
../data/Actor_23/03-01-06-02-01-02-23.wav,03-01-06-02-01-02-23,3,speech,6,fearful,strong,kidsdoor,2,23,male,True,48000,3.4367708333333336,1,PCM_16,
../data/Actor_23/03-01-06-02-02-01-23.wav,03-01-06-02-02-01-23,3,speech,6,fearful,strong,dogsdoor,1,23,male,True,48000,3.57025,1,PCM_16,
../data/Actor_23/03-01-06-02-02-02-23.wav,03-01-06-02-02-02-23,3,speech,6,fearful,strong,dogsdoor,2,23,male,True,48000,3.536875,1,PCM_16,
../data/Actor_23/03-01-07-01-01-01-23.wav,03-01-07-01-01-01-23,3,speech,7,disgust,normal,kidsdoor,1,23,male,True,48000,3.5702291666666666,1,PCM_16,
../data/Actor_23/03-01-07-01-01-02-23.wav,03-01-07-01-01-02-23,3,speech,7,disgust,normal,kidsdoor,2,23,male,True,48000,3.5702291666666666,1,PCM_16,
../data/Actor_23/03-01-07-01-02-01-23.wav,03-01-07-01-02-01-23,3,speech,7,disgust,normal,dogsdoor,1,23,male,True,48000,3.470125,1,PCM_16,
../data/Actor_23/03-01-07-01-02-02-23.wav,03-01-07-01-02-02-23,3,speech,7,disgust,normal,dogsdoor,2,23,male,True,48000,3.3366666666666664,1,PCM_16,
../data/Actor_23/03-01-07-02-01-01-23.wav,03-01-07-02-01-01-23,3,speech,7,disgust,strong,kidsdoor,1,23,male,True,48000,4.070729166666666,1,PCM_16,
../data/Actor_23/03-01-07-02-01-02-23.wav,03-01-07-02-01-02-23,3,speech,7,disgust,strong,kidsdoor,2,23,male,True,48000,3.8705208333333334,1,PCM_16,
../data/Actor_23/03-01-07-02-02-01-23.wav,03-01-07-02-02-01-23,3,speech,7,disgust,strong,dogsdoor,1,23,male,True,48000,3.7370625,1,PCM_16,
../data/Actor_23/03-01-07-02-02-02-23.wav,03-01-07-02-02-02-23,3,speech,7,disgust,strong,dogsdoor,2,23,male,True,48000,3.8705208333333334,1,PCM_16,
../data/Actor_23/03-01-08-01-01-01-23.wav,03-01-08-01-01-01-23,3,speech,8,surprised,normal,kidsdoor,1,23,male,True,48000,3.2699375,1,PCM_16,
../data/Actor_23/03-01-08-01-01-02-23.wav,03-01-08-01-01-02-23,3,speech,8,surprised,normal,kidsdoor,2,23,male,True,48000,3.2365625,1,PCM_16,
../data/Actor_23/03-01-08-01-02-01-23.wav,03-01-08-01-02-01-23,3,speech,8,surprised,normal,dogsdoor,1,23,male,True,48000,3.3032916666666665,1,PCM_16,
../data/Actor_23/03-01-08-01-02-02-23.wav,03-01-08-01-02-02-23,3,speech,8,surprised,normal,dogsdoor,2,23,male,True,48000,3.3033125,1,PCM_16,
../data/Actor_23/03-01-08-02-01-01-23.wav,03-01-08-02-01-01-23,3,speech,8,surprised,strong,kidsdoor,1,23,male,True,48000,3.5035,1,PCM_16,
../data/Actor_23/03-01-08-02-01-02-23.wav,03-01-08-02-01-02-23,3,speech,8,surprised,strong,kidsdoor,2,23,male,True,48000,3.3700208333333332,1,PCM_16,
../data/Actor_23/03-01-08-02-02-01-23.wav,03-01-08-02-02-01-23,3,speech,8,surprised,strong,dogsdoor,1,23,male,True,48000,3.3366666666666664,1,PCM_16,
../data/Actor_23/03-01-08-02-02-02-23.wav,03-01-08-02-02-02-23,3,speech,8,surprised,strong,dogsdoor,2,23,male,True,48000,3.3032916666666665,1,PCM_16,
../data/Actor_23/03-02-01-01-01-01-23.wav,03-02-01-01-01-01-23,3,song,1,neutral,normal,kidsdoor,1,23,male,True,48000,4.404395833333333,1,PCM_16,
../data/Actor_23/03-02-01-01-01-02-23.wav,03-02-01-01-01-02-23,3,song,1,neutral,normal,kidsdoor,2,23,male,True,48000,4.437770833333333,1,PCM_16,
../data/Actor_23/03-02-01-01-02-01-23.wav,03-02-01-01-02-01-23,3,song,1,neutral,normal,dogsdoor,1,23,male,True,48000,4.5045,1,PCM_16,
../data/Actor_23/03-02-01-01-02-02-23.wav,03-02-01-01-02-02-23,3,song,1,neutral,normal,dogsdoor,2,23,male,True,48000,4.5045,1,PCM_16,
../data/Actor_23/03-02-02-01-01-01-23.wav,03-02-02-01-01-01-23,3,song,2,calm,normal,kidsdoor,1,23,male,True,48000,4.7047083333333335,1,PCM_16,
../data/Actor_23/03-02-02-01-01-02-23.wav,03-02-02-01-01-02-23,3,song,2,calm,normal,kidsdoor,2,23,male,True,48000,4.537875,1,PCM_16,
../data/Actor_23/03-02-02-01-02-01-23.wav,03-02-02-01-02-01-23,3,song,2,calm,normal,dogsdoor,1,23,male,True,48000,4.57125,1,PCM_16,
../data/Actor_23/03-02-02-01-02-02-23.wav,03-02-02-01-02-02-23,3,song,2,calm,normal,dogsdoor,2,23,male,True,48000,4.5045,1,PCM_16,
../data/Actor_23/03-02-02-02-01-01-23.wav,03-02-02-02-01-01-23,3,song,2,calm,strong,kidsdoor,1,23,male,True,48000,5.338666666666667,1,PCM_16,
../data/Actor_23/03-02-02-02-01-02-23.wav,03-02-02-02-01-02-23,3,song,2,calm,strong,kidsdoor,2,23,male,True,48000,4.7714375,1,PCM_16,
../data/Actor_23/03-02-02-02-02-01-23.wav,03-02-02-02-02-01-23,3,song,2,calm,strong,dogsdoor,1,23,male,True,48000,5.839166666666666,1,PCM_16,
../data/Actor_23/03-02-02-02-02-02-23.wav,03-02-02-02-02-02-23,3,song,2,calm,strong,dogsdoor,2,23,male,True,48000,4.938270833333333,1,PCM_16,
../data/Actor_23/03-02-03-01-01-01-23.wav,03-02-03-01-01-01-23,3,song,3,happy,normal,kidsdoor,1,23,male,True,48000,4.5045,1,PCM_16,
../data/Actor_23/03-02-03-01-01-02-23.wav,03-02-03-01-01-02-23,3,song,3,happy,normal,kidsdoor,2,23,male,True,48000,4.804791666666667,1,PCM_16,
../data/Actor_23/03-02-03-01-02-01-23.wav,03-02-03-01-02-01-23,3,song,3,happy,normal,dogsdoor,1,23,male,True,48000,4.604583333333333,1,PCM_16,
../data/Actor_23/03-02-03-01-02-02-23.wav,03-02-03-01-02-02-23,3,song,3,happy,normal,dogsdoor,2,23,male,True,48000,4.471145833333333,1,PCM_16,
../data/Actor_23/03-02-03-02-01-01-23.wav,03-02-03-02-01-01-23,3,song,3,happy,strong,kidsdoor,1,23,male,True,48000,4.404395833333333,1,PCM_16,
../data/Actor_23/03-02-03-02-01-02-23.wav,03-02-03-02-01-02-23,3,song,3,happy,strong,kidsdoor,2,23,male,True,48000,4.637958333333334,1,PCM_16,
../data/Actor_23/03-02-03-02-02-01-23.wav,03-02-03-02-02-01-23,3,song,3,happy,strong,dogsdoor,1,23,male,True,48000,4.7046875,1,PCM_16,
../data/Actor_23/03-02-03-02-02-02-23.wav,03-02-03-02-02-02-23,3,song,3,happy,strong,dogsdoor,2,23,male,True,48000,4.7380625,1,PCM_16,
../data/Actor_23/03-02-04-01-01-01-23.wav,03-02-04-01-01-01-23,3,song,4,sad,normal,kidsdoor,1,23,male,True,48000,4.938270833333333,1,PCM_16,
../data/Actor_23/03-02-04-01-01-02-23.wav,03-02-04-01-01-02-23,3,song,4,sad,normal,kidsdoor,2,23,male,True,48000,5.005,1,PCM_16,
../data/Actor_23/03-02-04-01-02-01-23.wav,03-02-04-01-02-01-23,3,song,4,sad,normal,dogsdoor,1,23,male,True,48000,4.871520833333333,1,PCM_16,
../data/Actor_23/03-02-04-01-02-02-23.wav,03-02-04-01-02-02-23,3,song,4,sad,normal,dogsdoor,2,23,male,True,48000,5.105083333333333,1,PCM_16,
../data/Actor_23/03-02-04-02-01-01-23.wav,03-02-04-02-01-01-23,3,song,4,sad,strong,kidsdoor,1,23,male,True,48000,5.7056875,1,PCM_16,
../data/Actor_23/03-02-04-02-01-02-23.wav,03-02-04-02-01-02-23,3,song,4,sad,strong,kidsdoor,2,23,male,True,48000,5.171833333333334,1,PCM_16,
../data/Actor_23/03-02-04-02-02-01-23.wav,03-02-04-02-02-01-23,3,song,4,sad,strong,dogsdoor,1,23,male,True,48000,5.038354166666666,1,PCM_16,
../data/Actor_23/03-02-04-02-02-02-23.wav,03-02-04-02-02-02-23,3,song,4,sad,strong,dogsdoor,2,23,male,True,48000,5.2385625,1,PCM_16,
../data/Actor_23/03-02-05-01-01-01-23.wav,03-02-05-01-01-01-23,3,song,5,angry,normal,kidsdoor,1,23,male,True,48000,4.771416666666667,1,PCM_16,
../data/Actor_23/03-02-05-01-01-02-23.wav,03-02-05-01-01-02-23,3,song,5,angry,normal,kidsdoor,2,23,male,True,48000,4.5045,1,PCM_16,
../data/Actor_23/03-02-05-01-02-01-23.wav,03-02-05-01-02-01-23,3,song,5,angry,normal,dogsdoor,1,23,male,True,48000,4.637958333333334,1,PCM_16,
../data/Actor_23/03-02-05-01-02-02-23.wav,03-02-05-01-02-02-23,3,song,5,angry,normal,dogsdoor,2,23,male,True,48000,4.7046875,1,PCM_16,
../data/Actor_23/03-02-05-02-01-01-23.wav,03-02-05-02-01-01-23,3,song,5,angry,strong,kidsdoor,1,23,male,True,48000,4.7047083333333335,1,PCM_16,
../data/Actor_23/03-02-05-02-01-02-23.wav,03-02-05-02-01-02-23,3,song,5,angry,strong,kidsdoor,2,23,male,True,48000,4.637958333333334,1,PCM_16,
../data/Actor_23/03-02-05-02-02-01-23.wav,03-02-05-02-02-01-23,3,song,5,angry,strong,dogsdoor,1,23,male,True,48000,4.671333333333333,1,PCM_16,
../data/Actor_23/03-02-05-02-02-02-23.wav,03-02-05-02-02-02-23,3,song,5,angry,strong,dogsdoor,2,23,male,True,48000,4.637958333333334,1,PCM_16,
../data/Actor_23/03-02-06-01-01-01-23.wav,03-02-06-01-01-01-23,3,song,6,fearful,normal,kidsdoor,1,23,male,True,48000,4.537875,1,PCM_16,
../data/Actor_23/03-02-06-01-01-02-23.wav,03-02-06-01-01-02-23,3,song,6,fearful,normal,kidsdoor,2,23,male,True,48000,4.637979166666667,1,PCM_16,
../data/Actor_23/03-02-06-01-02-01-23.wav,03-02-06-01-02-01-23,3,song,6,fearful,normal,dogsdoor,1,23,male,True,48000,4.637958333333334,1,PCM_16,
../data/Actor_23/03-02-06-01-02-02-23.wav,03-02-06-01-02-02-23,3,song,6,fearful,normal,dogsdoor,2,23,male,True,48000,4.671333333333333,1,PCM_16,
../data/Actor_23/03-02-06-02-01-01-23.wav,03-02-06-02-01-01-23,3,song,6,fearful,strong,kidsdoor,1,23,male,True,48000,4.571229166666667,1,PCM_16,
../data/Actor_23/03-02-06-02-01-02-23.wav,03-02-06-02-01-02-23,3,song,6,fearful,strong,kidsdoor,2,23,male,True,48000,4.838166666666667,1,PCM_16,
../data/Actor_23/03-02-06-02-02-01-23.wav,03-02-06-02-02-01-23,3,song,6,fearful,strong,dogsdoor,1,23,male,True,48000,4.637979166666667,1,PCM_16,
../data/Actor_23/03-02-06-02-02-02-23.wav,03-02-06-02-02-02-23,3,song,6,fearful,strong,dogsdoor,2,23,male,True,48000,4.7047083333333335,1,PCM_16,
../data/Actor_24/03-01-01-01-01-01-24.wav,03-01-01-01-01-01-24,3,speech,1,neutral,normal,kidsdoor,1,24,female,True,48000,3.703708333333333,1,PCM_16,
../data/Actor_24/03-01-01-01-01-02-24.wav,03-01-01-01-01-02-24,3,speech,1,neutral,normal,kidsdoor,2,24,female,True,48000,3.6369583333333333,1,PCM_16,
../data/Actor_24/03-01-01-01-02-01-24.wav,03-01-01-01-02-01-24,3,speech,1,neutral,normal,dogsdoor,1,24,female,True,48000,3.636979166666667,1,PCM_16,
../data/Actor_24/03-01-01-01-02-02-24.wav,03-01-01-01-02-02-24,3,speech,1,neutral,normal,dogsdoor,2,24,female,True,48000,3.6036041666666665,1,PCM_16,
../data/Actor_24/03-01-02-01-01-01-24.wav,03-01-02-01-01-01-24,3,speech,2,calm,normal,kidsdoor,1,24,female,True,48000,3.5702291666666666,1,PCM_16,
../data/Actor_24/03-01-02-01-01-02-24.wav,03-01-02-01-01-02-24,3,speech,2,calm,normal,kidsdoor,2,24,female,True,48000,3.5035,1,PCM_16,
../data/Actor_24/03-01-02-01-02-01-24.wav,03-01-02-01-02-01-24,3,speech,2,calm,normal,dogsdoor,1,24,female,True,48000,3.8705416666666665,1,PCM_16,
../data/Actor_24/03-01-02-01-02-02-24.wav,03-01-02-01-02-02-24,3,speech,2,calm,normal,dogsdoor,2,24,female,True,48000,3.7036875,1,PCM_16,
../data/Actor_24/03-01-02-02-01-01-24.wav,03-01-02-02-01-01-24,3,speech,2,calm,strong,kidsdoor,1,24,female,True,48000,4.104104166666667,1,PCM_16,
../data/Actor_24/03-01-02-02-01-02-24.wav,03-01-02-02-01-02-24,3,speech,2,calm,strong,kidsdoor,2,24,female,True,48000,4.070729166666666,1,PCM_16,
../data/Actor_24/03-01-02-02-02-01-24.wav,03-01-02-02-02-01-24,3,speech,2,calm,strong,dogsdoor,1,24,female,True,48000,4.037375,1,PCM_16,
../data/Actor_24/03-01-02-02-02-02-24.wav,03-01-02-02-02-02-24,3,speech,2,calm,strong,dogsdoor,2,24,female,True,48000,4.104104166666667,1,PCM_16,
../data/Actor_24/03-01-03-01-01-01-24.wav,03-01-03-01-01-01-24,3,speech,3,happy,normal,kidsdoor,1,24,female,True,48000,3.6036041666666665,1,PCM_16,
../data/Actor_24/03-01-03-01-01-02-24.wav,03-01-03-01-01-02-24,3,speech,3,happy,normal,kidsdoor,2,24,female,True,48000,3.9038958333333333,1,PCM_16,
../data/Actor_24/03-01-03-01-02-01-24.wav,03-01-03-01-02-01-24,3,speech,3,happy,normal,dogsdoor,1,24,female,True,48000,3.5035,1,PCM_16,
../data/Actor_24/03-01-03-01-02-02-24.wav,03-01-03-01-02-02-24,3,speech,3,happy,normal,dogsdoor,2,24,female,True,48000,3.7370625,1,PCM_16,
../data/Actor_24/03-01-03-02-01-01-24.wav,03-01-03-02-01-01-24,3,speech,3,happy,strong,kidsdoor,1,24,female,True,48000,4.004,1,PCM_16,
../data/Actor_24/03-01-03-02-01-02-24.wav,03-01-03-02-01-02-24,3,speech,3,happy,strong,kidsdoor,2,24,female,True,48000,3.7704375,1,PCM_16,
../data/Actor_24/03-01-03-02-02-01-24.wav,03-01-03-02-02-01-24,3,speech,3,happy,strong,dogsdoor,1,24,female,True,48000,3.8705416666666665,1,PCM_16,
../data/Actor_24/03-01-03-02-02-02-24.wav,03-01-03-02-02-02-24,3,speech,3,happy,strong,dogsdoor,2,24,female,True,48000,3.8705416666666665,1,PCM_16,
../data/Actor_24/03-01-04-01-01-01-24.wav,03-01-04-01-01-01-24,3,speech,4,sad,normal,kidsdoor,1,24,female,True,48000,4.104104166666667,1,PCM_16,
../data/Actor_24/03-01-04-01-01-02-24.wav,03-01-04-01-01-02-24,3,speech,4,sad,normal,kidsdoor,2,24,female,True,48000,3.970625,1,PCM_16,
../data/Actor_24/03-01-04-01-02-01-24.wav,03-01-04-01-02-01-24,3,speech,4,sad,normal,dogsdoor,1,24,female,True,48000,3.536875,1,PCM_16,
../data/Actor_24/03-01-04-01-02-02-24.wav,03-01-04-01-02-02-24,3,speech,4,sad,normal,dogsdoor,2,24,female,True,48000,3.8371666666666666,1,PCM_16,
../data/Actor_24/03-01-04-02-01-01-24.wav,03-01-04-02-01-01-24,3,speech,4,sad,strong,kidsdoor,1,24,female,True,48000,4.404395833333333,1,PCM_16,
../data/Actor_24/03-01-04-02-01-02-24.wav,03-01-04-02-01-02-24,3,speech,4,sad,strong,kidsdoor,2,24,female,True,48000,4.57125,1,PCM_16,
../data/Actor_24/03-01-04-02-02-01-24.wav,03-01-04-02-02-01-24,3,speech,4,sad,strong,dogsdoor,1,24,female,True,48000,4.204208333333334,1,PCM_16,
../data/Actor_24/03-01-04-02-02-02-24.wav,03-01-04-02-02-02-24,3,speech,4,sad,strong,dogsdoor,2,24,female,True,48000,4.671333333333333,1,PCM_16,
../data/Actor_24/03-01-05-01-01-01-24.wav,03-01-05-01-01-01-24,3,speech,5,angry,normal,kidsdoor,1,24,female,True,48000,4.104104166666667,1,PCM_16,
../data/Actor_24/03-01-05-01-01-02-24.wav,03-01-05-01-01-02-24,3,speech,5,angry,normal,kidsdoor,2,24,female,True,48000,3.7370625,1,PCM_16,
../data/Actor_24/03-01-05-01-02-01-24.wav,03-01-05-01-02-01-24,3,speech,5,angry,normal,dogsdoor,1,24,female,True,48000,3.6703333333333332,1,PCM_16,
../data/Actor_24/03-01-05-01-02-02-24.wav,03-01-05-01-02-02-24,3,speech,5,angry,normal,dogsdoor,2,24,female,True,48000,4.2041875,1,PCM_16,
../data/Actor_24/03-01-05-02-01-01-24.wav,03-01-05-02-01-01-24,3,speech,5,angry,strong,kidsdoor,1,24,female,True,48000,4.371041666666667,1,PCM_16,
../data/Actor_24/03-01-05-02-01-02-24.wav,03-01-05-02-01-02-24,3,speech,5,angry,strong,kidsdoor,2,24,female,True,48000,4.371041666666667,1,PCM_16,
../data/Actor_24/03-01-05-02-02-01-24.wav,03-01-05-02-02-01-24,3,speech,5,angry,strong,dogsdoor,1,24,female,True,48000,4.170833333333333,1,PCM_16,
../data/Actor_24/03-01-05-02-02-02-24.wav,03-01-05-02-02-02-24,3,speech,5,angry,strong,dogsdoor,2,24,female,True,48000,5.105104166666667,1,PCM_16,
../data/Actor_24/03-01-06-01-01-01-24.wav,03-01-06-01-01-01-24,3,speech,6,fearful,normal,kidsdoor,1,24,female,True,48000,4.104104166666667,1,PCM_16,
../data/Actor_24/03-01-06-01-01-02-24.wav,03-01-06-01-01-02-24,3,speech,6,fearful,normal,kidsdoor,2,24,female,True,48000,4.070729166666666,1,PCM_16,
../data/Actor_24/03-01-06-01-02-01-24.wav,03-01-06-01-02-01-24,3,speech,6,fearful,normal,dogsdoor,1,24,female,True,48000,3.93725,1,PCM_16,
../data/Actor_24/03-01-06-01-02-02-24.wav,03-01-06-01-02-02-24,3,speech,6,fearful,normal,dogsdoor,2,24,female,True,48000,4.004,1,PCM_16,
../data/Actor_24/03-01-06-02-01-01-24.wav,03-01-06-02-01-01-24,3,speech,6,fearful,strong,kidsdoor,1,24,female,True,48000,3.8371666666666666,1,PCM_16,
../data/Actor_24/03-01-06-02-01-02-24.wav,03-01-06-02-01-02-24,3,speech,6,fearful,strong,kidsdoor,2,24,female,True,48000,4.070729166666666,1,PCM_16,
../data/Actor_24/03-01-06-02-02-01-24.wav,03-01-06-02-02-01-24,3,speech,6,fearful,strong,dogsdoor,1,24,female,True,48000,3.6035833333333334,1,PCM_16,
../data/Actor_24/03-01-06-02-02-02-24.wav,03-01-06-02-02-02-24,3,speech,6,fearful,strong,dogsdoor,2,24,female,True,48000,3.8371666666666666,1,PCM_16,
../data/Actor_24/03-01-07-01-01-01-24.wav,03-01-07-01-01-01-24,3,speech,7,disgust,normal,kidsdoor,1,24,female,True,48000,4.304291666666667,1,PCM_16,
../data/Actor_24/03-01-07-01-01-02-24.wav,03-01-07-01-01-02-24,3,speech,7,disgust,normal,kidsdoor,2,24,female,True,48000,4.104104166666667,1,PCM_16,
../data/Actor_24/03-01-07-01-02-01-24.wav,03-01-07-01-02-01-24,3,speech,7,disgust,normal,dogsdoor,1,24,female,True,48000,4.004,1,PCM_16,
../data/Actor_24/03-01-07-01-02-02-24.wav,03-01-07-01-02-02-24,3,speech,7,disgust,normal,dogsdoor,2,24,female,True,48000,4.070729166666666,1,PCM_16,
../data/Actor_24/03-01-07-02-01-01-24.wav,03-01-07-02-01-01-24,3,speech,7,disgust,strong,kidsdoor,1,24,female,True,48000,4.337666666666666,1,PCM_16,
../data/Actor_24/03-01-07-02-01-02-24.wav,03-01-07-02-01-02-24,3,speech,7,disgust,strong,kidsdoor,2,24,female,True,48000,4.637958333333334,1,PCM_16,
../data/Actor_24/03-01-07-02-02-01-24.wav,03-01-07-02-02-01-24,3,speech,7,disgust,strong,dogsdoor,1,24,female,True,48000,4.2375625,1,PCM_16,
../data/Actor_24/03-01-07-02-02-02-24.wav,03-01-07-02-02-02-24,3,speech,7,disgust,strong,dogsdoor,2,24,female,True,48000,4.437770833333333,1,PCM_16,
../data/Actor_24/03-01-08-01-01-01-24.wav,03-01-08-01-01-01-24,3,speech,8,surprised,normal,kidsdoor,1,24,female,True,48000,3.3033125,1,PCM_16,
../data/Actor_24/03-01-08-01-01-02-24.wav,03-01-08-01-01-02-24,3,speech,8,surprised,normal,kidsdoor,2,24,female,True,48000,3.4701458333333335,1,PCM_16,
../data/Actor_24/03-01-08-01-02-01-24.wav,03-01-08-01-02-01-24,3,speech,8,surprised,normal,dogsdoor,1,24,female,True,48000,3.370041666666667,1,PCM_16,
../data/Actor_24/03-01-08-01-02-02-24.wav,03-01-08-01-02-02-24,3,speech,8,surprised,normal,dogsdoor,2,24,female,True,48000,3.403395833333333,1,PCM_16,
../data/Actor_24/03-01-08-02-01-01-24.wav,03-01-08-02-01-01-24,3,speech,8,surprised,strong,kidsdoor,1,24,female,True,48000,3.9372708333333333,1,PCM_16,
../data/Actor_24/03-01-08-02-01-02-24.wav,03-01-08-02-01-02-24,3,speech,8,surprised,strong,kidsdoor,2,24,female,True,48000,3.970625,1,PCM_16,
../data/Actor_24/03-01-08-02-02-01-24.wav,03-01-08-02-02-01-24,3,speech,8,surprised,strong,dogsdoor,1,24,female,True,48000,3.6703333333333332,1,PCM_16,
../data/Actor_24/03-01-08-02-02-02-24.wav,03-01-08-02-02-02-24,3,speech,8,surprised,strong,dogsdoor,2,24,female,True,48000,3.6369583333333333,1,PCM_16,
../data/Actor_24/03-02-01-01-01-01-24.wav,03-02-01-01-01-01-24,3,song,1,neutral,normal,kidsdoor,1,24,female,True,48000,4.7714375,2,PCM_16,
../data/Actor_24/03-02-01-01-01-02-24.wav,03-02-01-01-01-02-24,3,song,1,neutral,normal,kidsdoor,2,24,female,True,48000,4.7380625,1,PCM_16,
../data/Actor_24/03-02-01-01-02-01-24.wav,03-02-01-01-02-01-24,3,song,1,neutral,normal,dogsdoor,1,24,female,True,48000,4.571229166666667,1,PCM_16,
../data/Actor_24/03-02-01-01-02-02-24.wav,03-02-01-01-02-02-24,3,song,1,neutral,normal,dogsdoor,2,24,female,True,48000,4.571229166666667,1,PCM_16,
../data/Actor_24/03-02-02-01-01-01-24.wav,03-02-02-01-01-01-24,3,song,2,calm,normal,kidsdoor,1,24,female,True,48000,5.538875,1,PCM_16,
../data/Actor_24/03-02-02-01-01-02-24.wav,03-02-02-01-01-02-24,3,song,2,calm,normal,kidsdoor,2,24,female,True,48000,5.7724166666666665,1,PCM_16,
../data/Actor_24/03-02-02-01-02-01-24.wav,03-02-02-01-02-01-24,3,song,2,calm,normal,dogsdoor,1,24,female,True,48000,5.105104166666667,1,PCM_16,
../data/Actor_24/03-02-02-01-02-02-24.wav,03-02-02-01-02-02-24,3,song,2,calm,normal,dogsdoor,2,24,female,True,48000,4.637958333333334,1,PCM_16,
../data/Actor_24/03-02-02-02-01-01-24.wav,03-02-02-02-01-01-24,3,song,2,calm,strong,kidsdoor,1,24,female,True,48000,5.372020833333333,1,PCM_16,
../data/Actor_24/03-02-02-02-01-02-24.wav,03-02-02-02-01-02-24,3,song,2,calm,strong,kidsdoor,2,24,female,True,48000,5.638979166666667,1,PCM_16,
../data/Actor_24/03-02-02-02-02-01-24.wav,03-02-02-02-02-01-24,3,song,2,calm,strong,dogsdoor,1,24,female,True,48000,5.405395833333333,1,PCM_16,
../data/Actor_24/03-02-02-02-02-02-24.wav,03-02-02-02-02-02-24,3,song,2,calm,strong,dogsdoor,2,24,female,True,48000,4.9716458333333335,1,PCM_16,
../data/Actor_24/03-02-03-01-01-01-24.wav,03-02-03-01-01-01-24,3,song,3,happy,normal,kidsdoor,1,24,female,True,48000,4.838166666666667,1,PCM_16,
../data/Actor_24/03-02-03-01-01-02-24.wav,03-02-03-01-01-02-24,3,song,3,happy,normal,kidsdoor,2,24,female,True,48000,5.005,1,PCM_16,
../data/Actor_24/03-02-03-01-02-01-24.wav,03-02-03-01-02-01-24,3,song,3,happy,normal,dogsdoor,1,24,female,True,48000,4.2709375,1,PCM_16,
../data/Actor_24/03-02-03-01-02-02-24.wav,03-02-03-01-02-02-24,3,song,3,happy,normal,dogsdoor,2,24,female,True,48000,4.637958333333334,1,PCM_16,
../data/Actor_24/03-02-03-02-01-01-24.wav,03-02-03-02-01-01-24,3,song,3,happy,strong,kidsdoor,1,24,female,True,48000,4.738083333333333,1,PCM_16,
../data/Actor_24/03-02-03-02-01-02-24.wav,03-02-03-02-01-02-24,3,song,3,happy,strong,kidsdoor,2,24,female,True,48000,4.938270833333333,1,PCM_16,
../data/Actor_24/03-02-03-02-02-01-24.wav,03-02-03-02-02-01-24,3,song,3,happy,strong,dogsdoor,1,24,female,True,48000,4.938270833333333,1,PCM_16,
../data/Actor_24/03-02-03-02-02-02-24.wav,03-02-03-02-02-02-24,3,song,3,happy,strong,dogsdoor,2,24,female,True,48000,4.671333333333333,1,PCM_16,
../data/Actor_24/03-02-04-01-01-01-24.wav,03-02-04-01-01-01-24,3,song,4,sad,normal,kidsdoor,1,24,female,True,48000,4.838166666666667,1,PCM_16,
../data/Actor_24/03-02-04-01-01-02-24.wav,03-02-04-01-01-02-24,3,song,4,sad,normal,kidsdoor,2,24,female,True,48000,4.938270833333333,1,PCM_16,
../data/Actor_24/03-02-04-01-02-01-24.wav,03-02-04-01-02-01-24,3,song,4,sad,normal,dogsdoor,1,24,female,True,48000,4.9716458333333335,1,PCM_16,
../data/Actor_24/03-02-04-01-02-02-24.wav,03-02-04-01-02-02-24,3,song,4,sad,normal,dogsdoor,2,24,female,True,48000,5.205208333333333,1,PCM_16,
../data/Actor_24/03-02-04-02-01-01-24.wav,03-02-04-02-01-01-24,3,song,4,sad,strong,kidsdoor,1,24,female,True,48000,4.938270833333333,1,PCM_16,
../data/Actor_24/03-02-04-02-01-02-24.wav,03-02-04-02-01-02-24,3,song,4,sad,strong,kidsdoor,2,24,female,True,48000,4.938270833333333,1,PCM_16,
../data/Actor_24/03-02-04-02-02-01-24.wav,03-02-04-02-02-01-24,3,song,4,sad,strong,dogsdoor,1,24,female,True,48000,5.3053125,1,PCM_16,
../data/Actor_24/03-02-04-02-02-02-24.wav,03-02-04-02-02-02-24,3,song,4,sad,strong,dogsdoor,2,24,female,True,48000,4.904895833333334,1,PCM_16,
../data/Actor_24/03-02-05-01-01-01-24.wav,03-02-05-01-01-01-24,3,song,5,angry,normal,kidsdoor,1,24,female,True,48000,4.437770833333333,1,PCM_16,
../data/Actor_24/03-02-05-01-01-02-24.wav,03-02-05-01-01-02-24,3,song,5,angry,normal,kidsdoor,2,24,female,True,48000,4.371020833333334,1,PCM_16,
../data/Actor_24/03-02-05-01-02-01-24.wav,03-02-05-01-02-01-24,3,song,5,angry,normal,dogsdoor,1,24,female,True,48000,4.7714375,1,PCM_16,
../data/Actor_24/03-02-05-01-02-02-24.wav,03-02-05-01-02-02-24,3,song,5,angry,normal,dogsdoor,2,24,female,True,48000,4.304291666666667,1,PCM_16,
../data/Actor_24/03-02-05-02-01-01-24.wav,03-02-05-02-01-01-24,3,song,5,angry,strong,kidsdoor,1,24,female,True,48000,4.43775,1,PCM_16,
../data/Actor_24/03-02-05-02-01-02-24.wav,03-02-05-02-01-02-24,3,song,5,angry,strong,kidsdoor,2,24,female,True,48000,4.337666666666666,1,PCM_16,
../data/Actor_24/03-02-05-02-02-01-24.wav,03-02-05-02-02-01-24,3,song,5,angry,strong,dogsdoor,1,24,female,True,48000,4.337666666666666,1,PCM_16,
../data/Actor_24/03-02-05-02-02-02-24.wav,03-02-05-02-02-02-24,3,song,5,angry,strong,dogsdoor,2,24,female,True,48000,4.437770833333333,1,PCM_16,
../data/Actor_24/03-02-06-01-01-01-24.wav,03-02-06-01-01-01-24,3,song,6,fearful,normal,kidsdoor,1,24,female,True,48000,4.537875,1,PCM_16,
../data/Actor_24/03-02-06-01-01-02-24.wav,03-02-06-01-01-02-24,3,song,6,fearful,normal,kidsdoor,2,24,female,True,48000,4.804791666666667,1,PCM_16,
../data/Actor_24/03-02-06-01-02-01-24.wav,03-02-06-01-02-01-24,3,song,6,fearful,normal,dogsdoor,1,24,female,True,48000,4.3043125,1,PCM_16,
../data/Actor_24/03-02-06-01-02-02-24.wav,03-02-06-01-02-02-24,3,song,6,fearful,normal,dogsdoor,2,24,female,True,48000,4.571229166666667,1,PCM_16,
../data/Actor_24/03-02-06-02-01-01-24.wav,03-02-06-02-01-01-24,3,song,6,fearful,strong,kidsdoor,1,24,female,True,48000,4.5378541666666665,1,PCM_16,
../data/Actor_24/03-02-06-02-01-02-24.wav,03-02-06-02-01-02-24,3,song,6,fearful,strong,kidsdoor,2,24,female,True,48000,4.304291666666667,1,PCM_16,
../data/Actor_24/03-02-06-02-02-01-24.wav,03-02-06-02-02-01-24,3,song,6,fearful,strong,dogsdoor,1,24,female,True,48000,4.237583333333333,1,PCM_16,
../data/Actor_24/03-02-06-02-02-02-24.wav,03-02-06-02-02-02-24,3,song,6,fearful,strong,dogsdoor,2,24,female,True,48000,4.437770833333333,1,PCM_16,
